customer_key,recency_days,frequency,monetary,tenure_days,churned,churn_probability,risk_segment
1,270.0,3,8249.0,1105.0,1,0.975,High Risk
2,49.0,3,6384.0,1109.0,0,0.12,Low Risk
3,339.0,3,8114.0,1117.0,1,0.97,High Risk
4,263.0,3,8139.0,1126.0,1,0.99,High Risk
5,272.0,3,8196.0,1101.0,1,0.99,High Risk
6,271.0,3,8121.0,1125.0,1,0.95,High Risk
7,259.0,3,8119.0,1100.0,1,0.975,High Risk
8,315.0,3,8211.0,1115.0,1,0.98,High Risk
9,332.0,3,8106.0,1099.0,1,0.995,High Risk
10,264.0,3,8091.0,1097.0,1,0.98,High Risk
11,250.0,3,8088.0,1110.0,1,0.965,High Risk
12,315.0,3,8133.0,1125.0,1,0.975,High Risk
13,105.0,2,81.0,318.0,1,0.53,Medium Risk
14,7.0,2,114.0,290.0,0,0.005,Low Risk
15,273.0,2,138.0,311.0,1,0.62,Medium Risk
16,375.0,1,2501.0,375.0,1,0.995,High Risk
17,353.0,1,2332.0,353.0,1,1.0,High Risk
18,106.0,3,6434.0,1112.0,1,0.705,High Risk
19,96.0,3,6533.0,1107.0,1,0.775,High Risk
20,16.0,17,880.0,350.0,0,0.005,Low Risk
21,395.0,1,2317.0,395.0,1,1.0,High Risk
22,370.0,1,2372.0,370.0,1,1.0,High Risk
23,373.0,1,2322.0,373.0,1,1.0,High Risk
24,14.0,2,122.0,345.0,0,0.816,High Risk
25,186.0,2,56.0,215.0,1,0.76,High Risk
26,95.0,3,6577.0,1118.0,1,0.875,High Risk
27,105.0,3,6575.0,1101.0,1,0.755,High Risk
28,96.0,3,6591.0,1108.0,1,0.675,Medium Risk
29,113.0,3,6474.0,1098.0,1,0.56,Medium Risk
30,78.0,3,6565.0,1105.0,0,0.8,High Risk
31,80.0,3,6471.0,1088.0,0,0.105,Low Risk
32,76.0,3,6478.0,1092.0,0,0.045,Low Risk
33,81.0,3,6525.0,1075.0,0,0.085,Low Risk
34,84.0,3,6495.0,1078.0,0,0.035,Low Risk
35,79.0,3,6491.0,1092.0,0,0.145,Low Risk
36,74.0,3,6451.0,1087.0,0,0.135,Low Risk
37,371.0,1,2355.0,371.0,1,1.0,High Risk
38,373.0,1,2374.0,373.0,1,0.995,High Risk
39,77.0,3,6437.0,1086.0,0,0.065,Low Risk
40,78.0,3,6636.0,1086.0,0,0.045,Low Risk
41,300.0,1,2351.0,300.0,1,1.0,High Risk
42,379.0,1,2381.0,379.0,1,0.975,High Risk
43,103.0,2,3112.0,372.0,1,0.62,Medium Risk
44,163.0,2,48.0,265.0,1,0.685,Medium Risk
45,81.0,3,6515.0,1065.0,0,0.04,Low Risk
46,91.0,2,115.0,293.0,1,0.7583,High Risk
47,77.0,3,6616.0,1087.0,0,0.03,Low Risk
48,70.0,3,6582.0,1090.0,0,0.06,Low Risk
49,34.0,3,6498.0,1083.0,0,0.195,Low Risk
50,91.0,2,81.0,325.0,1,0.8938,High Risk
51,70.0,3,5007.0,1073.0,0,0.02,Low Risk
52,27.0,2,124.0,30.0,0,0.0,Low Risk
53,246.0,3,8131.0,1076.0,1,0.945,High Risk
54,376.0,1,2330.0,376.0,1,1.0,High Risk
55,243.0,3,8223.0,1090.0,1,1.0,High Risk
56,235.0,3,8168.0,1093.0,1,1.0,High Risk
57,242.0,3,8207.0,1067.0,1,0.96,High Risk
58,252.0,3,8088.0,1071.0,1,0.98,High Risk
59,238.0,3,8248.0,1056.0,1,0.96,High Risk
60,318.0,3,117.0,344.0,1,0.735,High Risk
61,217.0,3,8153.0,1046.0,1,1.0,High Risk
62,228.0,3,8129.0,1052.0,1,0.955,High Risk
63,386.0,1,2352.0,386.0,1,1.0,High Risk
64,381.0,1,2373.0,381.0,1,0.995,High Risk
65,368.0,1,2305.0,368.0,1,1.0,High Risk
66,18.0,2,202.0,352.0,0,0.07,Low Risk
67,131.0,2,81.0,242.0,1,0.8,High Risk
68,16.0,2,105.0,163.0,0,0.07,Low Risk
69,112.0,3,113.0,273.0,1,0.75,High Risk
70,238.0,3,8104.0,1017.0,1,1.0,High Risk
71,216.0,3,8165.0,1006.0,1,1.0,High Risk
72,58.0,3,110.0,333.0,0,0.075,Low Risk
73,227.0,3,8194.0,1034.0,1,0.995,High Risk
74,160.0,3,192.0,311.0,1,0.805,High Risk
75,246.0,3,94.0,311.0,1,0.765,High Risk
76,218.0,3,8068.0,1006.0,1,0.99,High Risk
77,221.0,3,8159.0,1013.0,1,1.0,High Risk
78,230.0,3,8169.0,1019.0,1,1.0,High Risk
79,0.0,17,912.0,347.0,0,0.0,Low Risk
80,27.0,3,58.0,319.0,0,0.045,Low Risk
81,219.0,3,8204.0,1024.0,1,0.98,High Risk
82,290.0,2,104.0,350.0,1,0.715,High Risk
83,83.0,2,3110.0,371.0,0,0.675,Medium Risk
84,81.0,2,3137.0,387.0,0,0.01,Low Risk
85,68.0,2,3078.0,389.0,0,0.07,Low Risk
86,20.0,2,129.0,53.0,0,0.0,Low Risk
87,38.0,2,153.0,210.0,0,0.075,Low Risk
88,172.0,2,200.0,337.0,1,0.63,Medium Risk
89,77.0,2,3176.0,380.0,0,0.025,Low Risk
90,71.0,2,3188.0,395.0,0,0.05,Low Risk
91,68.0,3,6703.0,905.0,0,0.0,Low Risk
92,20.0,28,1186.0,364.0,0,0.0,Low Risk
93,221.0,3,8110.0,1026.0,1,1.0,High Risk
94,234.0,3,8180.0,1027.0,1,1.0,High Risk
95,17.0,3,236.0,296.0,0,0.115,Low Risk
96,217.0,3,8158.0,1033.0,1,0.995,High Risk
97,182.0,3,8063.0,1023.0,1,0.945,High Risk
98,188.0,3,8099.0,1030.0,1,1.0,High Risk
99,104.0,3,89.0,351.0,1,0.845,High Risk
100,211.0,3,8216.0,1027.0,1,1.0,High Risk
101,174.0,3,8172.0,1018.0,1,0.95,High Risk
102,213.0,3,8262.0,1005.0,1,0.995,High Risk
103,50.0,3,103.0,196.0,0,0.4,Medium Risk
104,236.0,3,8182.0,1019.0,1,1.0,High Risk
105,227.0,3,8173.0,1000.0,1,0.995,High Risk
106,237.0,3,8096.0,990.0,1,0.95,High Risk
107,227.0,3,8079.0,986.0,1,1.0,High Risk
108,221.0,3,8171.0,1003.0,1,0.98,High Risk
109,219.0,3,8124.0,1001.0,1,0.925,High Risk
110,218.0,3,8245.0,994.0,1,0.99,High Risk
111,161.0,3,8093.0,1003.0,1,0.96,High Risk
112,159.0,3,8137.0,984.0,1,1.0,High Risk
113,148.0,3,8295.0,979.0,1,0.995,High Risk
114,282.0,3,110.0,361.0,1,0.785,High Risk
115,33.0,3,123.0,316.0,0,0.105,Low Risk
116,26.0,3,114.0,352.0,0,0.03,Low Risk
117,104.0,3,149.0,319.0,1,0.56,Medium Risk
118,217.0,3,8185.0,998.0,1,1.0,High Risk
119,2.0,3,124.0,202.0,0,0.125,Low Risk
120,66.0,2,85.0,359.0,0,0.1767,Low Risk
121,131.0,3,8242.0,990.0,1,0.99,High Risk
122,85.0,3,58.0,218.0,0,0.035,Low Risk
123,159.0,3,43.0,341.0,1,0.515,Medium Risk
124,3.0,3,150.0,286.0,0,0.17,Low Risk
125,224.0,3,8129.0,999.0,1,0.965,High Risk
126,209.0,3,79.0,362.0,1,0.77,High Risk
127,86.0,3,4971.0,976.0,0,0.005,Low Risk
128,119.0,2,44.0,293.0,1,0.655,Medium Risk
129,169.0,2,144.0,223.0,1,0.65,Medium Risk
130,384.0,2,5873.0,906.0,1,0.65,Medium Risk
131,50.0,1,37.0,50.0,0,0.0,Low Risk
132,5.0,5,166.0,102.0,0,0.015,Low Risk
133,294.0,1,2372.0,294.0,1,1.0,High Risk
134,29.0,1,72.0,29.0,0,0.0,Low Risk
135,86.0,3,4911.0,1001.0,0,0.015,Low Risk
136,285.0,1,2335.0,285.0,1,1.0,High Risk
137,390.0,1,2381.0,390.0,1,0.975,High Risk
138,8.0,2,202.0,181.0,0,0.105,Low Risk
139,28.0,2,79.0,131.0,0,0.0,Low Risk
140,103.0,2,84.0,136.0,1,0.59,Medium Risk
141,315.0,1,40.0,315.0,1,1.0,High Risk
142,122.0,2,114.0,257.0,1,0.665,Medium Risk
143,15.0,17,979.0,349.0,0,0.005,Low Risk
144,40.0,2,48.0,227.0,0,0.105,Low Risk
145,368.0,1,2400.0,368.0,1,0.99,High Risk
146,368.0,1,2310.0,368.0,1,1.0,High Risk
147,135.0,3,113.0,357.0,1,0.59,Medium Risk
148,104.0,3,8195.0,991.0,1,1.0,High Risk
149,56.0,3,126.0,327.0,0,0.355,Low Risk
150,60.0,3,41.0,238.0,0,0.045,Low Risk
151,197.0,3,192.0,307.0,1,0.705,High Risk
152,100.0,3,8087.0,989.0,1,0.995,High Risk
153,384.0,1,2295.0,384.0,1,1.0,High Risk
154,305.0,2,110.0,305.0,1,0.8962,High Risk
155,383.0,1,2320.0,383.0,1,1.0,High Risk
156,387.0,1,2320.0,387.0,1,1.0,High Risk
157,385.0,1,2390.0,385.0,1,0.995,High Risk
158,139.0,2,41.0,188.0,1,0.29,Low Risk
159,374.0,1,2396.0,374.0,1,1.0,High Risk
160,82.0,2,48.0,142.0,0,0.045,Low Risk
161,341.0,1,2322.0,341.0,1,1.0,High Risk
162,78.0,2,94.0,241.0,0,0.015,Low Risk
163,344.0,1,2330.0,344.0,1,1.0,High Risk
164,176.0,2,46.0,272.0,1,0.845,High Risk
165,176.0,2,145.0,276.0,1,0.675,Medium Risk
166,237.0,2,103.0,248.0,1,0.79,High Risk
167,53.0,2,88.0,106.0,0,0.14,Low Risk
168,61.0,2,3126.0,386.0,0,0.195,Low Risk
169,73.0,2,3136.0,378.0,0,0.035,Low Risk
170,126.0,2,81.0,247.0,1,0.905,High Risk
171,30.0,2,157.0,155.0,0,0.04,Low Risk
172,82.0,3,6716.0,892.0,0,0.0,Low Risk
173,17.0,2,129.0,270.0,0,0.145,Low Risk
174,35.0,2,103.0,332.0,0,0.075,Low Risk
175,187.0,2,48.0,199.0,1,0.71,High Risk
176,86.0,3,6710.0,884.0,0,0.005,Low Risk
177,1.0,28,1317.0,360.0,0,0.0,Low Risk
178,106.0,2,135.0,305.0,1,0.82,High Risk
179,247.0,2,145.0,341.0,1,0.95,High Risk
180,19.0,2,125.0,322.0,0,0.09,Low Risk
181,125.0,2,138.0,317.0,1,0.78,High Risk
182,201.0,2,41.0,266.0,1,0.7,High Risk
183,23.0,2,81.0,153.0,0,0.49,Medium Risk
184,229.0,2,46.0,273.0,1,0.85,High Risk
185,111.0,2,68.0,171.0,1,0.515,Medium Risk
186,2.0,27,1616.0,341.0,0,0.005,Low Risk
187,21.0,2,41.0,102.0,0,0.21,Low Risk
188,175.0,2,108.0,300.0,1,0.805,High Risk
189,7.0,2,81.0,88.0,0,0.0,Low Risk
190,357.0,2,5944.0,886.0,1,0.975,High Risk
191,12.0,2,46.0,153.0,0,0.065,Low Risk
192,83.0,3,6743.0,901.0,0,0.0,Low Risk
193,125.0,2,114.0,219.0,1,0.815,High Risk
194,163.0,2,41.0,337.0,1,0.775,High Risk
195,51.0,2,105.0,321.0,0,0.075,Low Risk
196,98.0,2,105.0,289.0,1,0.265,Low Risk
197,126.0,2,162.0,331.0,1,0.74,High Risk
198,192.0,2,207.0,271.0,1,0.7,High Risk
199,349.0,2,98.0,357.0,1,0.7727,High Risk
200,103.0,2,132.0,316.0,1,0.7646,High Risk
201,8.0,27,1461.0,355.0,0,0.0,Low Risk
202,141.0,2,181.0,211.0,1,0.535,Medium Risk
203,129.0,2,74.0,135.0,1,0.47,Medium Risk
204,48.0,17,800.0,342.0,0,0.0,Low Risk
205,79.0,2,77.0,172.0,0,0.08,Low Risk
206,112.0,2,37.0,185.0,1,0.67,Medium Risk
207,243.0,2,77.0,262.0,1,0.785,High Risk
208,102.0,2,77.0,362.0,1,0.6717,Medium Risk
209,133.0,2,134.0,330.0,1,0.6826,Medium Risk
210,6.0,2,37.0,309.0,0,0.52,Medium Risk
211,144.0,2,70.0,267.0,1,0.675,Medium Risk
212,21.0,17,792.0,361.0,0,0.0,Low Risk
213,11.0,17,824.0,363.0,0,0.0,Low Risk
214,141.0,2,77.0,306.0,1,0.6508,Medium Risk
215,70.0,2,162.0,167.0,0,0.245,Low Risk
216,44.0,17,1154.0,347.0,0,0.0,Low Risk
217,357.0,2,5948.0,897.0,1,0.86,High Risk
218,348.0,2,5953.0,902.0,1,0.76,High Risk
219,24.0,2,39.0,334.0,0,0.08,Low Risk
220,4.0,2,39.0,91.0,0,0.025,Low Risk
221,46.0,2,50.0,320.0,0,0.23,Low Risk
222,103.0,2,46.0,296.0,1,0.815,High Risk
223,61.0,2,208.0,88.0,0,0.0,Low Risk
224,22.0,27,1293.0,364.0,0,0.0,Low Risk
225,56.0,3,6685.0,905.0,0,0.0,Low Risk
226,144.0,2,73.0,220.0,1,0.65,Medium Risk
227,303.0,2,37.0,341.0,1,0.68,Medium Risk
228,352.0,2,5910.0,909.0,1,0.395,Low Risk
229,11.0,2,77.0,95.0,0,0.005,Low Risk
230,3.0,2,81.0,185.0,0,0.02,Low Risk
231,50.0,2,54.0,196.0,0,0.13,Low Risk
232,77.0,2,64.0,352.0,0,0.1,Low Risk
233,76.0,2,39.0,130.0,0,0.01,Low Risk
234,234.0,2,179.0,354.0,1,0.725,High Risk
235,131.0,2,76.0,354.0,1,0.6327,Medium Risk
236,23.0,2,138.0,208.0,0,0.005,Low Risk
237,22.0,2,114.0,117.0,0,0.015,Low Risk
238,64.0,4,10566.0,876.0,0,0.035,Low Risk
239,273.0,4,7543.0,1118.0,1,0.59,Medium Risk
240,245.0,4,7511.0,1105.0,1,0.61,Medium Risk
241,260.0,4,7586.0,1066.0,1,0.6,Medium Risk
242,91.0,7,11468.0,505.0,1,0.045,Low Risk
243,55.0,7,11067.0,496.0,0,0.015,Low Risk
244,233.0,4,7164.0,1072.0,1,0.785,High Risk
245,193.0,4,7175.0,1081.0,1,0.785,High Risk
246,48.0,4,10580.0,855.0,0,0.13,Low Risk
247,39.0,4,10575.0,848.0,0,0.125,Low Risk
248,164.0,4,7131.0,1075.0,1,0.695,Medium Risk
249,198.0,1,38.0,198.0,1,1.0,High Risk
250,135.0,4,9890.0,842.0,1,0.82,High Risk
251,175.0,4,7115.0,1048.0,1,0.375,Low Risk
252,102.0,1,2319.0,102.0,1,1.0,High Risk
253,41.0,3,6685.0,898.0,0,0.0,Low Risk
254,56.0,16,695.0,333.0,0,0.03,Low Risk
255,45.0,2,204.0,66.0,0,0.0,Low Risk
256,303.0,2,114.0,339.0,1,0.656,Medium Risk
257,104.0,2,81.0,288.0,1,0.74,High Risk
258,45.0,3,6676.0,888.0,0,0.01,Low Risk
259,197.0,2,49.0,252.0,1,0.865,High Risk
260,39.0,3,6770.0,877.0,0,0.015,Low Risk
261,219.0,2,81.0,357.0,1,0.2829,Low Risk
262,36.0,3,6650.0,854.0,0,0.005,Low Risk
263,6.0,27,1124.0,335.0,0,0.0,Low Risk
264,49.0,3,6753.0,883.0,0,0.01,Low Risk
265,59.0,2,3182.0,391.0,0,0.015,Low Risk
266,390.0,1,2352.0,390.0,1,1.0,High Risk
267,373.0,2,5922.0,871.0,1,0.975,High Risk
268,386.0,2,5943.0,864.0,1,0.905,High Risk
269,73.0,2,98.0,244.0,0,0.065,Low Risk
270,140.0,2,42.0,159.0,1,0.745,High Risk
271,386.0,2,5984.0,871.0,1,0.8,High Risk
272,371.0,2,5973.0,854.0,1,0.87,High Risk
273,380.0,2,5975.0,862.0,1,0.9,High Risk
274,250.0,2,273.0,259.0,1,0.955,High Risk
275,338.0,2,5888.0,883.0,1,0.97,High Risk
276,381.0,2,5955.0,882.0,1,1.0,High Risk
277,6.0,27,987.0,364.0,0,0.0,Low Risk
278,12.0,27,1434.0,360.0,0,0.0,Low Risk
279,390.0,2,5908.0,865.0,1,0.79,High Risk
280,220.0,2,44.0,331.0,1,0.155,Low Risk
281,173.0,2,77.0,211.0,1,0.505,Medium Risk
282,382.0,2,5921.0,868.0,1,0.995,High Risk
283,391.0,2,5999.0,881.0,1,0.745,High Risk
284,153.0,2,44.0,244.0,1,0.56,Medium Risk
285,271.0,2,55.0,356.0,1,0.7608,High Risk
286,94.0,2,128.0,185.0,1,0.7,High Risk
287,373.0,2,5954.0,860.0,1,0.925,High Risk
288,0.0,27,1165.0,364.0,0,0.0,Low Risk
289,160.0,2,77.0,329.0,1,0.7822,High Risk
290,377.0,2,5905.0,873.0,1,0.95,High Risk
291,366.0,2,5933.0,861.0,1,0.97,High Risk
292,374.0,2,5873.0,877.0,1,1.0,High Risk
293,393.0,2,5910.0,866.0,1,0.775,High Risk
294,319.0,2,85.0,338.0,1,0.595,Medium Risk
295,25.0,2,42.0,125.0,0,0.01,Low Risk
296,384.0,2,6058.0,856.0,1,0.99,High Risk
297,364.0,2,5897.0,880.0,1,0.915,High Risk
298,342.0,2,5948.0,855.0,1,0.915,High Risk
299,341.0,2,5922.0,869.0,1,0.995,High Risk
300,338.0,2,6015.0,855.0,1,0.84,High Risk
301,28.0,27,1499.0,362.0,0,0.0,Low Risk
302,109.0,2,131.0,233.0,1,0.46,Medium Risk
303,360.0,2,5938.0,875.0,1,0.95,High Risk
304,339.0,2,5875.0,879.0,1,1.0,High Risk
305,281.0,2,122.0,314.0,1,0.47,Medium Risk
306,177.0,2,77.0,309.0,1,0.7326,High Risk
307,143.0,2,42.0,212.0,1,0.69,Medium Risk
308,354.0,2,5964.0,877.0,1,0.905,High Risk
309,13.0,2,94.0,143.0,0,0.005,Low Risk
310,23.0,2,42.0,203.0,0,0.065,Low Risk
311,35.0,2,77.0,169.0,0,0.025,Low Risk
312,137.0,2,77.0,285.0,1,0.8267,High Risk
313,240.0,2,42.0,256.0,1,0.08,Low Risk
314,63.0,2,44.0,266.0,0,0.665,Medium Risk
315,56.0,2,47.0,337.0,0,0.135,Low Risk
316,42.0,2,42.0,253.0,0,0.17,Low Risk
317,381.0,1,2350.0,381.0,1,0.995,High Risk
318,344.0,2,5873.0,880.0,1,1.0,High Risk
319,81.0,2,44.0,103.0,0,0.165,Low Risk
320,338.0,2,5930.0,872.0,1,0.985,High Risk
321,162.0,2,72.0,227.0,1,0.765,High Risk
322,245.0,2,37.0,339.0,1,0.545,Medium Risk
323,252.0,2,44.0,310.0,1,0.735,High Risk
324,363.0,2,6074.0,871.0,1,1.0,High Risk
325,357.0,2,5945.0,855.0,1,0.995,High Risk
326,362.0,2,6044.0,862.0,1,1.0,High Risk
327,342.0,2,5948.0,866.0,1,0.945,High Risk
328,361.0,2,5915.0,855.0,1,0.95,High Risk
329,296.0,2,4718.0,388.0,1,0.83,High Risk
330,352.0,2,5898.0,856.0,1,0.975,High Risk
331,6.0,27,1134.0,350.0,0,0.01,Low Risk
332,4.0,27,1327.0,355.0,0,0.0,Low Risk
333,387.0,2,5755.0,836.0,1,0.98,High Risk
334,198.0,3,8163.0,1044.0,1,1.0,High Risk
335,185.0,3,8154.0,1061.0,1,0.995,High Risk
336,389.0,2,5744.0,828.0,1,0.915,High Risk
337,388.0,2,4441.0,488.0,1,1.0,High Risk
338,193.0,3,8162.0,1056.0,1,1.0,High Risk
339,394.0,2,5745.0,840.0,1,0.925,High Risk
340,368.0,2,4379.0,478.0,1,0.995,High Risk
341,391.0,2,4413.0,458.0,1,0.925,High Risk
342,193.0,3,8192.0,1023.0,1,1.0,High Risk
343,200.0,1,49.0,200.0,1,1.0,High Risk
344,188.0,3,8222.0,1030.0,1,1.0,High Risk
345,189.0,3,8119.0,991.0,1,0.985,High Risk
346,393.0,2,4404.0,463.0,1,0.97,High Risk
347,351.0,2,4503.0,484.0,1,1.0,High Risk
348,318.0,1,14.0,318.0,1,1.0,High Risk
349,303.0,1,68.0,303.0,1,0.995,High Risk
350,15.0,1,68.0,15.0,0,0.0,Low Risk
351,357.0,1,38.0,357.0,1,1.0,High Risk
352,153.0,3,8068.0,961.0,1,0.99,High Risk
353,272.0,1,14.0,272.0,1,1.0,High Risk
354,173.0,3,8078.0,961.0,1,1.0,High Risk
355,56.0,1,23.0,56.0,0,0.0,Low Risk
356,124.0,1,14.0,124.0,1,1.0,High Risk
357,89.0,3,5069.0,994.0,0,0.0,Low Risk
358,91.0,3,4943.0,955.0,1,0.565,Medium Risk
359,75.0,3,5034.0,945.0,0,0.0,Low Risk
360,55.0,3,4959.0,960.0,0,0.035,Low Risk
361,37.0,3,5025.0,946.0,0,0.0,Low Risk
362,65.0,2,115.0,119.0,0,0.075,Low Risk
363,126.0,2,77.0,305.0,1,0.2901,Low Risk
364,41.0,3,5035.0,965.0,0,0.01,Low Risk
365,33.0,3,4921.0,966.0,0,0.015,Low Risk
366,37.0,3,5024.0,973.0,0,0.01,Low Risk
367,166.0,2,77.0,218.0,1,0.81,High Risk
368,64.0,2,86.0,205.0,0,0.45,Medium Risk
369,58.0,3,5105.0,949.0,0,0.03,Low Risk
370,32.0,2,119.0,207.0,0,0.105,Low Risk
371,119.0,2,80.0,199.0,1,0.225,Low Risk
372,31.0,2,75.0,82.0,0,0.0,Low Risk
373,45.0,3,4965.0,966.0,0,0.0,Low Risk
374,154.0,1,38.0,154.0,1,0.99,High Risk
375,288.0,1,69.0,288.0,1,1.0,High Risk
376,103.0,1,14.0,103.0,1,1.0,High Risk
377,105.0,1,78.0,105.0,1,1.0,High Risk
378,334.0,1,84.0,334.0,1,1.0,High Risk
379,348.0,2,4436.0,468.0,1,0.98,High Risk
380,336.0,2,4426.0,483.0,1,0.94,High Risk
381,359.0,2,5838.0,840.0,1,0.995,High Risk
382,163.0,3,8161.0,961.0,1,1.0,High Risk
383,346.0,2,4344.0,451.0,1,0.585,Medium Risk
384,27.0,1,49.0,27.0,0,0.0,Low Risk
385,179.0,1,49.0,179.0,1,1.0,High Risk
386,206.0,1,14.0,206.0,1,1.0,High Risk
387,87.0,1,69.0,87.0,0,0.0,Low Risk
388,302.0,3,6959.0,917.0,1,0.56,Medium Risk
389,277.0,3,6987.0,940.0,1,0.68,Medium Risk
390,72.0,1,69.0,72.0,0,0.0,Low Risk
391,82.0,1,49.0,82.0,0,0.0,Low Risk
392,94.0,1,34.0,94.0,1,1.0,High Risk
393,305.0,1,29.0,305.0,1,1.0,High Risk
394,196.0,1,14.0,196.0,1,1.0,High Risk
395,179.0,3,8162.0,939.0,1,0.995,High Risk
396,342.0,2,5730.0,806.0,1,0.825,High Risk
397,94.0,1,29.0,94.0,1,1.0,High Risk
398,205.0,1,38.0,205.0,1,1.0,High Risk
399,179.0,3,8114.0,940.0,1,1.0,High Risk
400,290.0,1,14.0,290.0,1,1.0,High Risk
401,193.0,3,6968.0,928.0,1,0.55,Medium Risk
402,326.0,3,5020.0,457.0,1,0.825,High Risk
403,301.0,3,5059.0,447.0,1,0.88,High Risk
404,245.0,3,5032.0,457.0,1,0.835,High Risk
405,352.0,1,34.0,352.0,1,1.0,High Risk
406,303.0,1,54.0,303.0,1,1.0,High Risk
407,353.0,2,4415.0,450.0,1,0.68,Medium Risk
408,219.0,1,54.0,219.0,1,1.0,High Risk
409,329.0,1,34.0,329.0,1,1.0,High Risk
410,365.0,2,4444.0,437.0,1,0.435,Medium Risk
411,358.0,2,4464.0,441.0,1,0.98,High Risk
412,177.0,1,38.0,177.0,1,1.0,High Risk
413,109.0,4,9880.0,815.0,1,0.98,High Risk
414,145.0,4,7190.0,902.0,1,0.785,High Risk
415,135.0,4,7191.0,899.0,1,0.785,High Risk
416,165.0,1,14.0,165.0,1,1.0,High Risk
417,268.0,3,4928.0,447.0,1,0.76,High Risk
418,44.0,7,11248.0,450.0,0,0.0,Low Risk
419,42.0,1,40.0,42.0,0,0.0,Low Risk
420,215.0,2,231.0,322.0,1,0.72,High Risk
421,60.0,7,11200.0,453.0,0,0.0,Low Risk
422,111.0,4,9780.0,817.0,1,0.98,High Risk
423,86.0,4,7075.0,890.0,0,0.13,Low Risk
424,100.0,4,9905.0,780.0,1,0.995,High Risk
425,282.0,1,44.0,282.0,1,1.0,High Risk
426,38.0,6,10528.0,432.0,0,0.145,Low Risk
427,294.0,1,35.0,294.0,1,1.0,High Risk
428,100.0,4,9918.0,770.0,1,0.99,High Risk
429,98.0,4,9954.0,785.0,1,1.0,High Risk
430,35.0,6,10468.0,410.0,0,0.02,Low Risk
431,315.0,1,85.0,315.0,1,1.0,High Risk
432,120.0,4,9913.0,769.0,1,0.99,High Risk
433,34.0,6,9330.0,414.0,0,0.02,Low Risk
434,136.0,6,12914.0,422.0,1,0.47,Medium Risk
435,197.0,2,70.0,227.0,1,0.71,High Risk
436,24.0,1,35.0,24.0,0,0.0,Low Risk
437,223.0,2,81.0,251.0,1,0.57,Medium Risk
438,40.0,1,54.0,40.0,0,0.0,Low Risk
439,357.0,1,35.0,357.0,1,1.0,High Risk
440,100.0,6,12488.0,425.0,1,0.54,Medium Risk
441,307.0,1,78.0,307.0,1,1.0,High Risk
442,20.0,1,44.0,20.0,0,0.0,Low Risk
443,121.0,1,35.0,121.0,1,1.0,High Risk
444,119.0,3,8235.0,966.0,1,0.985,High Risk
445,240.0,3,8136.0,972.0,1,0.99,High Risk
446,214.0,3,8098.0,967.0,1,0.985,High Risk
447,221.0,3,8237.0,955.0,1,0.965,High Risk
448,242.0,3,8078.0,945.0,1,0.995,High Risk
449,221.0,3,8132.0,957.0,1,0.95,High Risk
450,218.0,3,8130.0,954.0,1,0.96,High Risk
451,225.0,3,8173.0,944.0,1,0.995,High Risk
452,237.0,3,8250.0,914.0,1,0.935,High Risk
453,230.0,3,8183.0,932.0,1,1.0,High Risk
454,223.0,3,8177.0,928.0,1,1.0,High Risk
455,224.0,3,8089.0,912.0,1,0.98,High Risk
456,242.0,3,8142.0,942.0,1,1.0,High Risk
457,242.0,3,8224.0,926.0,1,0.975,High Risk
458,241.0,3,8211.0,926.0,1,0.98,High Risk
459,10.0,3,97.0,304.0,0,0.095,Low Risk
460,224.0,3,8141.0,916.0,1,1.0,High Risk
461,232.0,3,8137.0,922.0,1,1.0,High Risk
462,191.0,3,8089.0,912.0,1,0.98,High Risk
463,187.0,3,8116.0,927.0,1,0.99,High Risk
464,46.0,3,48.0,329.0,0,0.045,Low Risk
465,211.0,3,8128.0,921.0,1,0.92,High Risk
466,199.0,3,8158.0,929.0,1,0.995,High Risk
467,160.0,3,90.0,251.0,1,0.545,Medium Risk
468,26.0,3,56.0,181.0,0,0.015,Low Risk
469,160.0,3,6960.0,904.0,1,0.68,Medium Risk
470,172.0,1,25.0,172.0,1,1.0,High Risk
471,341.0,2,4344.0,737.0,1,0.85,High Risk
472,256.0,1,54.0,256.0,1,1.0,High Risk
473,94.0,3,8165.0,917.0,1,0.99,High Risk
474,240.0,1,63.0,240.0,1,1.0,High Risk
475,124.0,1,49.0,124.0,1,1.0,High Risk
476,280.0,1,69.0,280.0,1,1.0,High Risk
477,88.0,1,54.0,88.0,0,0.0,Low Risk
478,125.0,1,35.0,125.0,1,1.0,High Risk
479,284.0,1,54.0,284.0,1,1.0,High Risk
480,249.0,3,4970.0,419.0,1,0.795,High Risk
481,187.0,3,4935.0,399.0,1,0.955,High Risk
482,282.0,3,4978.0,732.0,1,0.21,Low Risk
483,140.0,3,8143.0,873.0,1,0.905,High Risk
484,193.0,3,4966.0,402.0,1,0.945,High Risk
485,304.0,3,4985.0,757.0,1,0.525,Medium Risk
486,138.0,3,7049.0,867.0,1,0.795,High Risk
487,65.0,1,35.0,65.0,0,0.0,Low Risk
488,44.0,1,54.0,44.0,0,0.0,Low Risk
489,151.0,3,8090.0,823.0,1,0.76,High Risk
490,122.0,3,8127.0,823.0,1,0.595,Medium Risk
491,299.0,1,54.0,299.0,1,1.0,High Risk
492,143.0,3,8158.0,813.0,1,0.945,High Risk
493,343.0,2,4404.0,717.0,1,0.93,High Risk
494,138.0,3,6959.0,806.0,1,0.91,High Risk
495,120.0,3,6974.0,767.0,1,0.83,High Risk
496,94.0,1,14.0,94.0,1,1.0,High Risk
497,84.0,3,7014.0,790.0,0,0.075,Low Risk
498,85.0,1,35.0,85.0,0,0.0,Low Risk
499,19.0,16,560.0,334.0,0,0.025,Low Risk
500,213.0,2,192.0,297.0,1,0.845,High Risk
501,18.0,16,653.0,362.0,0,0.0,Low Risk
502,6.0,16,871.0,307.0,0,0.015,Low Risk
503,1.0,16,1025.0,363.0,0,0.0,Low Risk
504,51.0,2,61.0,247.0,0,0.24,Low Risk
505,270.0,2,44.0,272.0,1,0.915,High Risk
506,35.0,16,845.0,340.0,0,0.0,Low Risk
507,6.0,16,748.0,326.0,0,0.01,Low Risk
508,8.0,16,651.0,345.0,0,0.025,Low Risk
509,259.0,2,77.0,271.0,1,0.76,High Risk
510,183.0,1,196.0,183.0,1,0.99,High Risk
511,33.0,5,257.0,322.0,0,0.08,Low Risk
512,321.0,1,35.0,321.0,1,1.0,High Risk
513,31.0,1,2320.0,31.0,0,0.0,Low Risk
514,234.0,1,863.0,234.0,1,1.0,High Risk
515,218.0,1,40.0,218.0,1,1.0,High Risk
516,283.0,2,5930.0,881.0,1,1.0,High Risk
517,226.0,2,5915.0,866.0,1,0.775,High Risk
518,158.0,2,101.0,216.0,1,0.55,Medium Risk
519,78.0,2,82.0,93.0,0,0.12,Low Risk
520,17.0,16,756.0,321.0,0,0.015,Low Risk
521,9.0,16,822.0,340.0,0,0.0,Low Risk
522,82.0,2,44.0,329.0,0,0.025,Low Risk
523,361.0,2,5888.0,878.0,1,0.965,High Risk
524,347.0,1,2377.0,347.0,1,1.0,High Risk
525,103.0,2,42.0,153.0,1,0.615,Medium Risk
526,340.0,2,5935.0,875.0,1,0.995,High Risk
527,359.0,1,2377.0,359.0,1,1.0,High Risk
528,88.0,2,39.0,355.0,0,0.085,Low Risk
529,343.0,2,5959.0,869.0,1,1.0,High Risk
530,358.0,2,5944.0,857.0,1,0.98,High Risk
531,29.0,16,572.0,365.0,0,0.005,Low Risk
532,354.0,2,5875.0,882.0,1,1.0,High Risk
533,32.0,2,44.0,298.0,0,0.135,Low Risk
534,18.0,2,37.0,259.0,0,0.07,Low Risk
535,348.0,2,5919.0,863.0,1,0.885,High Risk
536,319.0,2,5919.0,879.0,1,0.985,High Risk
537,313.0,2,5915.0,857.0,1,0.95,High Risk
538,310.0,2,5873.0,860.0,1,0.89,High Risk
539,333.0,2,5895.0,865.0,1,0.12,Low Risk
540,309.0,2,5997.0,858.0,1,0.575,Medium Risk
541,313.0,2,5958.0,868.0,1,1.0,High Risk
542,290.0,2,5973.0,869.0,1,0.91,High Risk
543,262.0,1,34.0,262.0,1,1.0,High Risk
544,38.0,1,54.0,38.0,0,0.0,Low Risk
545,153.0,1,89.0,153.0,1,1.0,High Risk
546,199.0,1,54.0,199.0,1,1.0,High Risk
547,322.0,2,4460.0,422.0,1,0.575,Medium Risk
548,184.0,3,4976.0,399.0,1,0.945,High Risk
549,78.0,3,7068.0,788.0,0,0.095,Low Risk
550,47.0,3,7024.0,769.0,0,0.18,Low Risk
551,318.0,3,5241.0,739.0,1,0.675,Medium Risk
552,333.0,1,54.0,333.0,1,1.0,High Risk
553,22.0,1,35.0,22.0,0,0.0,Low Risk
554,159.0,1,21.0,159.0,1,1.0,High Risk
555,265.0,1,35.0,265.0,1,1.0,High Risk
556,265.0,1,35.0,265.0,1,1.0,High Risk
557,38.0,1,21.0,38.0,0,0.0,Low Risk
558,173.0,1,21.0,173.0,1,1.0,High Risk
559,59.0,1,21.0,59.0,0,0.0,Low Risk
560,60.0,1,35.0,60.0,0,0.0,Low Risk
561,56.0,1,54.0,56.0,0,0.0,Low Risk
562,323.0,2,4344.0,709.0,1,0.94,High Risk
563,216.0,1,85.0,216.0,1,1.0,High Risk
564,207.0,1,54.0,207.0,1,1.0,High Risk
565,316.0,2,4369.0,712.0,1,0.945,High Risk
566,142.0,1,35.0,142.0,1,1.0,High Risk
567,21.0,25,1002.0,365.0,0,0.0,Low Risk
568,319.0,1,54.0,319.0,1,1.0,High Risk
569,130.0,3,6789.0,749.0,1,0.74,High Risk
570,69.0,1,35.0,69.0,0,0.0,Low Risk
571,320.0,2,4391.0,674.0,1,0.91,High Risk
572,314.0,2,4390.0,412.0,1,0.015,Low Risk
573,326.0,2,4450.0,415.0,1,0.585,Medium Risk
574,185.0,1,35.0,185.0,1,1.0,High Risk
575,319.0,1,35.0,319.0,1,1.0,High Risk
576,134.0,3,6806.0,739.0,1,0.9,High Risk
577,311.0,2,4486.0,409.0,1,0.78,High Risk
578,322.0,2,4344.0,403.0,1,0.51,Medium Risk
579,322.0,2,4406.0,425.0,1,0.545,Medium Risk
580,181.0,1,44.0,181.0,1,1.0,High Risk
581,287.0,1,35.0,287.0,1,1.0,High Risk
582,67.0,5,237.0,351.0,0,0.005,Low Risk
583,311.0,2,4379.0,417.0,1,0.515,Medium Risk
584,295.0,2,4381.0,403.0,1,0.015,Low Risk
585,134.0,1,9.0,134.0,1,1.0,High Risk
586,18.0,1,50.0,18.0,0,0.0,Low Risk
587,92.0,1,9.0,92.0,1,1.0,High Risk
588,294.0,2,4540.0,425.0,1,0.705,High Risk
589,261.0,2,4369.0,425.0,1,0.85,High Risk
590,238.0,1,15.0,238.0,1,1.0,High Risk
591,250.0,2,4384.0,423.0,1,0.525,Medium Risk
592,250.0,2,5895.0,1113.0,1,0.035,Low Risk
593,261.0,2,5875.0,1113.0,1,0.54,Medium Risk
594,223.0,2,5908.0,1103.0,1,0.015,Low Risk
595,164.0,1,89.0,164.0,1,1.0,High Risk
596,29.0,1,35.0,29.0,0,0.0,Low Risk
597,119.0,1,50.0,119.0,1,1.0,High Risk
598,23.0,1,35.0,23.0,0,0.0,Low Risk
599,310.0,2,4548.0,688.0,1,0.805,High Risk
600,230.0,2,5957.0,1106.0,1,0.525,Medium Risk
601,267.0,1,35.0,267.0,1,1.0,High Risk
602,235.0,2,5932.0,1105.0,1,0.53,Medium Risk
603,202.0,1,35.0,202.0,1,1.0,High Risk
604,112.0,3,6767.0,741.0,1,0.865,High Risk
605,104.0,3,6786.0,756.0,1,0.755,High Risk
606,334.0,2,4344.0,691.0,1,0.96,High Risk
607,214.0,2,5922.0,1116.0,1,0.57,Medium Risk
608,232.0,2,5913.0,1105.0,1,0.13,Low Risk
609,46.0,1,35.0,46.0,0,0.0,Low Risk
610,66.0,3,6872.0,731.0,0,0.945,High Risk
611,88.0,3,6786.0,749.0,0,0.235,Low Risk
612,213.0,2,5873.0,1101.0,1,0.555,Medium Risk
613,71.0,3,6795.0,726.0,0,0.15,Low Risk
614,279.0,2,4381.0,625.0,1,0.945,High Risk
615,298.0,2,4438.0,628.0,1,0.705,High Risk
616,290.0,3,5205.0,706.0,1,0.555,Medium Risk
617,288.0,3,5253.0,725.0,1,0.65,Medium Risk
618,296.0,2,5935.0,871.0,1,0.98,High Risk
619,353.0,1,2370.0,353.0,1,1.0,High Risk
620,57.0,16,633.0,354.0,0,0.015,Low Risk
621,185.0,2,44.0,354.0,1,0.655,Medium Risk
622,90.0,2,123.0,180.0,0,0.1,Low Risk
623,227.0,2,133.0,295.0,1,0.78,High Risk
624,277.0,2,5948.0,874.0,1,0.985,High Risk
625,279.0,2,5898.0,860.0,1,0.74,High Risk
626,280.0,2,5913.0,857.0,1,0.97,High Risk
627,296.0,2,5959.0,880.0,1,1.0,High Risk
628,80.0,2,50.0,154.0,0,0.02,Low Risk
629,303.0,2,5875.0,869.0,1,0.94,High Risk
630,285.0,2,5930.0,856.0,1,0.975,High Risk
631,276.0,2,5933.0,860.0,1,0.895,High Risk
632,34.0,16,706.0,355.0,0,0.0,Low Risk
633,25.0,16,1001.0,363.0,0,0.0,Low Risk
634,14.0,2,77.0,76.0,0,0.0,Low Risk
635,277.0,2,39.0,323.0,1,0.615,Medium Risk
636,129.0,2,42.0,354.0,1,0.66,Medium Risk
637,10.0,2,77.0,139.0,0,0.005,Low Risk
638,347.0,2,39.0,354.0,1,0.31,Low Risk
639,101.0,2,77.0,101.0,1,0.46,Medium Risk
640,20.0,2,127.0,80.0,0,0.0,Low Risk
641,30.0,5,408.0,319.0,0,0.2,Low Risk
642,163.0,5,302.0,363.0,1,0.755,High Risk
643,4.0,5,481.0,353.0,0,0.155,Low Risk
644,208.0,2,100.0,282.0,1,0.82,High Risk
645,23.0,2,42.0,256.0,0,0.08,Low Risk
646,25.0,2,153.0,79.0,0,0.0,Low Risk
647,187.0,2,113.0,197.0,1,0.625,Medium Risk
648,347.0,1,2366.0,347.0,1,1.0,High Risk
649,148.0,2,89.0,153.0,1,0.75,High Risk
650,280.0,2,91.0,298.0,1,0.83,High Risk
651,42.0,2,129.0,347.0,0,0.175,Low Risk
652,102.0,5,226.0,330.0,1,0.05,Low Risk
653,41.0,5,310.0,216.0,0,0.09,Low Risk
654,108.0,2,179.0,287.0,1,0.61,Medium Risk
655,279.0,2,5955.0,833.0,1,0.995,High Risk
656,57.0,2,50.0,121.0,0,0.005,Low Risk
657,16.0,2,77.0,139.0,0,0.005,Low Risk
658,0.0,2,179.0,248.0,0,0.11,Low Risk
659,188.0,2,112.0,280.0,1,0.89,High Risk
660,22.0,5,234.0,264.0,0,0.035,Low Risk
661,165.0,5,323.0,265.0,1,0.605,Medium Risk
662,45.0,5,287.0,297.0,0,0.025,Low Risk
663,206.0,2,100.0,267.0,1,0.665,Medium Risk
664,347.0,2,5948.0,823.0,1,1.0,High Risk
665,341.0,2,5948.0,824.0,1,0.905,High Risk
666,348.0,2,5930.0,838.0,1,0.98,High Risk
667,355.0,2,5948.0,834.0,1,0.96,High Risk
668,40.0,2,91.0,208.0,0,0.015,Low Risk
669,24.0,2,129.0,43.0,0,0.0,Low Risk
670,162.0,2,113.0,163.0,1,0.535,Medium Risk
671,132.0,2,100.0,290.0,1,0.81,High Risk
672,295.0,2,5970.0,830.0,1,0.84,High Risk
673,132.0,2,113.0,187.0,1,0.65,Medium Risk
674,331.0,2,192.0,363.0,1,0.84,High Risk
675,163.0,2,96.0,243.0,1,0.54,Medium Risk
676,353.0,2,5898.0,826.0,1,0.98,High Risk
677,50.0,2,91.0,161.0,0,0.04,Low Risk
678,59.0,5,297.0,298.0,0,0.005,Low Risk
679,357.0,2,5900.0,841.0,1,0.92,High Risk
680,60.0,2,146.0,107.0,0,0.005,Low Risk
681,9.0,2,94.0,149.0,0,0.04,Low Risk
682,64.0,2,138.0,327.0,0,0.1158,Low Risk
683,50.0,2,253.0,145.0,0,0.02,Low Risk
684,355.0,2,5897.0,846.0,1,0.83,High Risk
685,47.0,2,94.0,211.0,0,0.05,Low Risk
686,46.0,2,111.0,323.0,0,0.1,Low Risk
687,279.0,2,129.0,326.0,1,0.7993,High Risk
688,221.0,2,98.0,291.0,1,0.815,High Risk
689,348.0,2,5967.0,849.0,1,0.855,High Risk
690,148.0,2,89.0,155.0,1,0.665,Medium Risk
691,277.0,2,5904.0,826.0,1,0.98,High Risk
692,254.0,2,120.0,354.0,1,0.81,High Risk
693,10.0,2,94.0,205.0,0,0.03,Low Risk
694,365.0,1,2295.0,365.0,1,1.0,High Risk
695,122.0,2,129.0,292.0,1,0.77,High Risk
696,162.0,2,129.0,294.0,1,0.795,High Risk
697,274.0,2,5873.0,850.0,1,1.0,High Risk
698,116.0,2,153.0,174.0,1,0.57,Medium Risk
699,14.0,5,255.0,303.0,0,0.08,Low Risk
700,172.0,2,122.0,244.0,1,0.86,High Risk
701,233.0,2,138.0,360.0,1,0.9,High Risk
702,269.0,2,129.0,279.0,1,0.82,High Risk
703,75.0,2,96.0,256.0,0,0.31,Low Risk
704,73.0,2,100.0,349.0,0,0.775,High Risk
705,195.0,2,94.0,205.0,1,0.03,Low Risk
706,246.0,2,5940.0,823.0,1,0.985,High Risk
707,116.0,2,89.0,326.0,1,0.835,High Risk
708,249.0,2,6025.0,841.0,1,0.915,High Risk
709,245.0,2,5908.0,826.0,1,0.905,High Risk
710,106.0,5,325.0,323.0,1,0.635,Medium Risk
711,47.0,2,98.0,66.0,0,0.0,Low Risk
712,2.0,27,1104.0,355.0,0,0.0,Low Risk
713,91.0,5,128.0,358.0,1,0.47,Medium Risk
714,68.0,2,192.0,205.0,0,0.1,Low Risk
715,259.0,2,94.0,344.0,1,0.855,High Risk
716,29.0,2,144.0,33.0,0,0.0,Low Risk
717,15.0,2,96.0,242.0,0,0.065,Low Risk
718,31.0,2,193.0,248.0,0,0.035,Low Risk
719,313.0,2,100.0,328.0,1,0.9558,High Risk
720,130.0,5,286.0,277.0,1,0.53,Medium Risk
721,188.0,2,118.0,256.0,1,0.595,Medium Risk
722,103.0,2,105.0,227.0,1,0.84,High Risk
723,80.0,2,153.0,182.0,0,0.35,Low Risk
724,25.0,5,193.0,362.0,0,0.045,Low Risk
725,45.0,5,210.0,357.0,0,0.03,Low Risk
726,271.0,2,124.0,302.0,1,0.795,High Risk
727,52.0,2,224.0,110.0,0,0.0,Low Risk
728,269.0,2,5962.0,839.0,1,0.88,High Risk
729,83.0,2,110.0,231.0,0,0.865,High Risk
730,17.0,2,160.0,185.0,0,0.04,Low Risk
731,20.0,2,134.0,262.0,0,0.005,Low Risk
732,177.0,2,121.0,318.0,1,0.71,High Risk
733,166.0,2,174.0,233.0,1,0.715,High Risk
734,21.0,2,195.0,27.0,0,0.0,Low Risk
735,205.0,2,136.0,221.0,1,0.6,Medium Risk
736,37.0,2,110.0,338.0,0,0.0275,Low Risk
737,55.0,2,166.0,103.0,0,0.01,Low Risk
738,195.0,2,77.0,348.0,1,0.176,Low Risk
739,32.0,5,330.0,360.0,0,0.45,Medium Risk
740,287.0,2,4758.0,380.0,1,0.835,High Risk
741,10.0,5,384.0,327.0,0,0.06,Low Risk
742,342.0,2,6079.0,836.0,1,0.715,High Risk
743,251.0,2,5915.0,848.0,1,0.76,High Risk
744,257.0,2,5898.0,826.0,1,0.98,High Risk
745,154.0,2,72.0,290.0,1,0.56,Medium Risk
746,269.0,2,5948.0,841.0,1,0.81,High Risk
747,80.0,2,77.0,365.0,0,0.155,Low Risk
748,107.0,2,116.0,174.0,1,0.745,High Risk
749,88.0,5,132.0,235.0,0,0.015,Low Risk
750,28.0,3,48.0,295.0,0,0.08,Low Risk
751,119.0,3,8148.0,929.0,1,0.995,High Risk
752,195.0,3,8215.0,935.0,1,0.99,High Risk
753,53.0,3,138.0,335.0,0,0.03,Low Risk
754,105.0,3,48.0,284.0,1,0.53,Medium Risk
755,182.0,3,8163.0,927.0,1,0.99,High Risk
756,164.0,3,46.0,242.0,1,0.14,Low Risk
757,95.0,3,8078.0,915.0,1,0.985,High Risk
758,62.0,3,57.0,339.0,0,0.035,Low Risk
759,65.0,3,57.0,304.0,0,0.035,Low Risk
760,203.0,3,8054.0,933.0,1,0.925,High Risk
761,70.0,3,275.0,303.0,0,0.045,Low Risk
762,183.0,3,8149.0,907.0,1,1.0,High Risk
763,206.0,3,8228.0,905.0,1,0.96,High Risk
764,77.0,3,76.0,363.0,0,0.145,Low Risk
765,205.0,3,8129.0,872.0,1,0.75,High Risk
766,186.0,3,8143.0,869.0,1,0.96,High Risk
767,202.0,3,8280.0,862.0,1,0.965,High Risk
768,200.0,3,8319.0,864.0,1,0.99,High Risk
769,198.0,3,8139.0,878.0,1,1.0,High Risk
770,132.0,5,478.0,275.0,1,0.675,Medium Risk
771,99.0,2,77.0,173.0,1,0.53,Medium Risk
772,188.0,2,94.0,303.0,1,0.88,High Risk
773,258.0,2,5913.0,843.0,1,0.815,High Risk
774,273.0,2,5984.0,828.0,1,0.925,High Risk
775,229.0,2,5900.0,825.0,1,0.96,High Risk
776,239.0,2,5913.0,848.0,1,0.8,High Risk
777,239.0,2,6079.0,846.0,1,0.915,High Risk
778,220.0,2,5915.0,837.0,1,0.625,Medium Risk
779,213.0,2,5873.0,824.0,1,0.975,High Risk
780,219.0,2,5873.0,834.0,1,0.985,High Risk
781,224.0,2,5973.0,836.0,1,0.965,High Risk
782,50.0,2,134.0,328.0,0,0.3018,Low Risk
783,134.0,2,151.0,179.0,1,0.595,Medium Risk
784,262.0,2,110.0,311.0,1,0.6829,Medium Risk
785,42.0,5,272.0,291.0,0,0.095,Low Risk
786,150.0,2,75.0,282.0,1,0.55,Medium Risk
787,5.0,2,127.0,30.0,0,0.0,Low Risk
788,84.0,2,110.0,107.0,0,0.13,Low Risk
789,161.0,2,255.0,264.0,1,0.835,High Risk
790,275.0,2,72.0,327.0,1,0.9004,High Risk
791,251.0,2,147.0,323.0,1,0.83,High Risk
792,58.0,2,120.0,121.0,0,0.0,Low Risk
793,212.0,2,120.0,270.0,1,0.825,High Risk
794,352.0,2,102.0,358.0,1,0.815,High Risk
795,0.0,2,77.0,61.0,0,0.0,Low Risk
796,64.0,2,75.0,200.0,0,0.015,Low Risk
797,243.0,2,5995.0,835.0,1,0.99,High Risk
798,213.0,2,5972.0,837.0,1,0.905,High Risk
799,231.0,2,5953.0,836.0,1,1.0,High Risk
800,233.0,2,5921.0,841.0,1,0.92,High Risk
801,168.0,2,77.0,171.0,1,0.13,Low Risk
802,28.0,2,87.0,47.0,0,0.005,Low Risk
803,58.0,5,214.0,337.0,0,0.17,Low Risk
804,66.0,2,230.0,183.0,0,0.095,Low Risk
805,169.0,2,134.0,244.0,1,0.72,High Risk
806,84.0,2,129.0,280.0,0,0.83,High Risk
807,117.0,2,96.0,341.0,1,0.765,High Risk
808,138.0,2,153.0,290.0,1,0.345,Low Risk
809,95.0,5,609.0,308.0,1,0.295,Low Risk
810,232.0,2,5929.0,830.0,1,0.98,High Risk
811,218.0,2,5973.0,831.0,1,0.945,High Risk
812,225.0,2,5898.0,836.0,1,0.96,High Risk
813,224.0,2,5900.0,848.0,1,0.9,High Risk
814,214.0,2,5953.0,835.0,1,1.0,High Risk
815,142.0,2,101.0,219.0,1,0.755,High Risk
816,338.0,2,5948.0,849.0,1,0.735,High Risk
817,342.0,2,5933.0,849.0,1,0.905,High Risk
818,350.0,2,5898.0,838.0,1,0.86,High Risk
819,363.0,2,5954.0,830.0,1,0.99,High Risk
820,12.0,2,96.0,347.0,0,0.115,Low Risk
821,53.0,5,232.0,353.0,0,0.0,Low Risk
822,147.0,2,151.0,182.0,1,0.495,Medium Risk
823,155.0,2,87.0,253.0,1,0.615,Medium Risk
824,5.0,5,263.0,255.0,0,0.005,Low Risk
825,19.0,5,240.0,316.0,0,0.0,Low Risk
826,350.0,2,5900.0,835.0,1,0.935,High Risk
827,347.0,2,5898.0,824.0,1,0.875,High Risk
828,50.0,5,511.0,342.0,0,0.045,Low Risk
829,284.0,2,94.0,300.0,1,0.975,High Risk
830,221.0,2,131.0,321.0,1,0.7396,High Risk
831,363.0,2,5930.0,852.0,1,0.99,High Risk
832,352.0,2,5933.0,824.0,1,0.885,High Risk
833,141.0,2,125.0,344.0,1,0.771,High Risk
834,61.0,5,240.0,230.0,0,0.0,Low Risk
835,349.0,2,5908.0,829.0,1,0.895,High Risk
836,255.0,2,4772.0,383.0,1,0.925,High Risk
837,281.0,2,70.0,310.0,1,0.745,High Risk
838,342.0,2,5923.0,838.0,1,0.885,High Risk
839,153.0,2,135.0,242.0,1,0.795,High Risk
840,230.0,2,5955.0,825.0,1,0.905,High Risk
841,269.0,2,87.0,273.0,1,0.39,Low Risk
842,83.0,5,307.0,253.0,0,0.04,Low Risk
843,55.0,2,99.0,261.0,0,0.055,Low Risk
844,326.0,2,116.0,355.0,1,0.89,High Risk
845,17.0,2,125.0,115.0,0,0.0,Low Risk
846,50.0,4,197.0,349.0,0,0.075,Low Risk
847,202.0,2,85.0,275.0,1,0.53,Medium Risk
848,74.0,2,125.0,214.0,0,0.045,Low Risk
849,53.0,2,92.0,185.0,0,0.08,Low Risk
850,17.0,2,258.0,62.0,0,0.0,Low Risk
851,239.0,2,149.0,295.0,1,0.645,Medium Risk
852,54.0,2,85.0,226.0,0,0.115,Low Risk
853,148.0,2,125.0,202.0,1,0.575,Medium Risk
854,222.0,2,90.0,263.0,1,0.61,Medium Risk
855,227.0,2,5985.0,826.0,1,0.875,High Risk
856,139.0,2,90.0,276.0,1,0.67,Medium Risk
857,28.0,2,134.0,60.0,0,0.0,Low Risk
858,54.0,2,125.0,114.0,0,0.0,Low Risk
859,200.0,2,85.0,307.0,1,0.29,Low Risk
860,58.0,2,72.0,281.0,0,0.08,Low Risk
861,77.0,2,70.0,209.0,0,0.42,Medium Risk
862,37.0,5,287.0,259.0,0,0.05,Low Risk
863,97.0,2,209.0,257.0,1,0.88,High Risk
864,146.0,2,48.0,147.0,1,0.52,Medium Risk
865,236.0,2,48.0,333.0,1,0.78,High Risk
866,114.0,2,115.0,345.0,1,0.6765,Medium Risk
867,276.0,2,43.0,344.0,1,0.66,Medium Risk
868,97.0,2,83.0,238.0,1,0.72,High Risk
869,42.0,5,248.0,360.0,0,0.045,Low Risk
870,12.0,5,268.0,314.0,0,0.025,Low Risk
871,11.0,2,242.0,192.0,0,0.535,Medium Risk
872,244.0,2,70.0,339.0,1,0.68,Medium Risk
873,217.0,2,5948.0,830.0,1,0.965,High Risk
874,236.0,2,5923.0,844.0,1,0.68,Medium Risk
875,10.0,2,72.0,193.0,0,0.44,Medium Risk
876,1.0,5,292.0,283.0,0,0.04,Low Risk
877,126.0,2,83.0,223.0,1,0.845,High Risk
878,31.0,2,43.0,115.0,0,0.005,Low Risk
879,47.0,2,83.0,59.0,0,0.0,Low Risk
880,87.0,2,107.0,335.0,0,0.105,Low Risk
881,86.0,2,50.0,293.0,0,0.14,Low Risk
882,42.0,2,149.0,57.0,0,0.0,Low Risk
883,200.0,2,48.0,345.0,1,0.695,Medium Risk
884,75.0,2,77.0,341.0,0,0.085,Low Risk
885,30.0,2,110.0,345.0,0,0.01,Low Risk
886,358.0,2,5900.0,823.0,1,0.995,High Risk
887,225.0,2,5897.0,823.0,1,0.965,High Risk
888,215.0,2,83.0,245.0,1,0.905,High Risk
889,316.0,1,2377.0,316.0,1,1.0,High Risk
890,330.0,2,50.0,339.0,1,0.765,High Risk
891,207.0,2,130.0,305.0,1,0.985,High Risk
892,212.0,2,110.0,327.0,1,0.294,Low Risk
893,190.0,3,8119.0,877.0,1,0.97,High Risk
894,189.0,3,8123.0,881.0,1,0.9,High Risk
895,206.0,3,8223.0,859.0,1,0.82,High Risk
896,187.0,3,8149.0,869.0,1,0.96,High Risk
897,201.0,3,8118.0,880.0,1,0.995,High Risk
898,106.0,3,8203.0,882.0,1,0.96,High Risk
899,189.0,3,8179.0,867.0,1,0.865,High Risk
900,204.0,3,8189.0,877.0,1,0.98,High Risk
901,201.0,3,8257.0,860.0,1,0.905,High Risk
902,80.0,3,8248.0,871.0,0,0.135,Low Risk
903,30.0,3,62.0,341.0,0,0.115,Low Risk
904,199.0,3,8108.0,860.0,1,0.97,High Risk
905,211.0,3,8214.0,864.0,1,0.82,High Risk
906,206.0,3,8156.0,883.0,1,1.0,High Risk
907,200.0,3,8151.0,871.0,1,0.81,High Risk
908,192.0,3,8135.0,853.0,1,0.9,High Risk
909,158.0,3,8079.0,862.0,1,0.985,High Risk
910,180.0,3,8105.0,861.0,1,0.97,High Risk
911,178.0,3,8113.0,842.0,1,0.79,High Risk
912,38.0,3,62.0,241.0,0,0.01,Low Risk
913,67.0,3,8095.0,824.0,0,0.185,Low Risk
914,33.0,3,41.0,56.0,0,0.0,Low Risk
915,158.0,3,8166.0,833.0,1,0.83,High Risk
916,157.0,3,8143.0,849.0,1,0.835,High Risk
917,160.0,3,8179.0,850.0,1,0.8,High Risk
918,162.0,3,8121.0,824.0,1,0.38,Low Risk
919,64.0,3,8205.0,838.0,0,0.135,Low Risk
920,38.0,3,8172.0,846.0,0,0.15,Low Risk
921,48.0,3,8156.0,841.0,0,0.7,High Risk
922,66.0,3,63.0,131.0,0,0.005,Low Risk
923,97.0,5,276.0,347.0,1,0.595,Medium Risk
924,19.0,2,43.0,350.0,0,0.085,Low Risk
925,223.0,2,5897.0,825.0,1,0.94,High Risk
926,223.0,2,5968.0,842.0,1,0.8,High Risk
927,224.0,2,48.0,269.0,1,0.325,Low Risk
928,0.0,2,52.0,19.0,0,0.0,Low Risk
929,46.0,2,48.0,242.0,0,0.1,Low Risk
930,42.0,3,4965.0,837.0,0,0.015,Low Risk
931,43.0,3,5035.0,837.0,0,0.025,Low Risk
932,86.0,2,234.0,346.0,0,0.07,Low Risk
933,187.0,2,136.0,274.0,1,0.885,High Risk
934,215.0,2,5933.0,838.0,1,0.98,High Risk
935,232.0,2,5994.0,801.0,1,0.99,High Risk
936,236.0,1,35.0,236.0,1,1.0,High Risk
937,298.0,1,42.0,298.0,1,1.0,High Risk
938,210.0,2,5888.0,822.0,1,0.805,High Risk
939,19.0,2,43.0,327.0,0,0.05,Low Risk
940,223.0,2,5977.0,810.0,1,0.85,High Risk
941,34.0,2,70.0,179.0,0,0.065,Low Risk
942,87.0,2,109.0,174.0,0,0.08,Low Risk
943,40.0,3,4827.0,836.0,0,0.0,Low Risk
944,46.0,3,4734.0,833.0,0,0.0,Low Risk
945,39.0,3,4776.0,832.0,0,0.0,Low Risk
946,122.0,2,5910.0,822.0,1,0.945,High Risk
947,37.0,3,4697.0,830.0,0,0.0,Low Risk
948,32.0,3,4747.0,838.0,0,0.0,Low Risk
949,114.0,2,82.0,144.0,1,0.7,High Risk
950,126.0,2,70.0,196.0,1,0.62,Medium Risk
951,82.0,2,110.0,345.0,0,0.01,Low Risk
952,77.0,3,63.0,161.0,0,0.005,Low Risk
953,174.0,3,8169.0,846.0,1,0.635,Medium Risk
954,134.0,2,65.0,353.0,1,0.68,Medium Risk
955,224.0,2,5910.0,819.0,1,0.945,High Risk
956,214.0,2,5953.0,822.0,1,1.0,High Risk
957,241.0,2,5873.0,820.0,1,0.99,High Risk
958,20.0,2,91.0,350.0,0,0.125,Low Risk
959,79.0,2,160.0,226.0,0,0.365,Low Risk
960,79.0,2,139.0,311.0,0,0.155,Low Risk
961,184.0,2,75.0,309.0,1,0.7788,High Risk
962,112.0,2,72.0,351.0,1,0.6275,Medium Risk
963,165.0,2,103.0,170.0,1,0.575,Medium Risk
964,158.0,3,8068.0,829.0,1,0.785,High Risk
965,172.0,3,8173.0,837.0,1,0.68,Medium Risk
966,58.0,3,118.0,352.0,0,0.065,Low Risk
967,41.0,3,55.0,88.0,0,0.0,Low Risk
968,174.0,3,8153.0,828.0,1,0.84,High Risk
969,164.0,3,8079.0,823.0,1,0.89,High Risk
970,165.0,3,8173.0,832.0,1,0.845,High Risk
971,129.0,2,110.0,248.0,1,0.935,High Risk
972,64.0,2,134.0,288.0,0,0.01,Low Risk
973,37.0,2,65.0,80.0,0,0.0,Low Risk
974,324.0,2,89.0,335.0,1,0.685,Medium Risk
975,54.0,2,113.0,90.0,0,0.0,Low Risk
976,106.0,2,209.0,195.0,1,0.855,High Risk
977,156.0,3,8087.0,826.0,1,0.74,High Risk
978,166.0,3,8213.0,819.0,1,0.855,High Risk
979,76.0,2,75.0,359.0,0,0.5318,Medium Risk
980,265.0,2,4814.0,348.0,1,0.99,High Risk
981,61.0,2,108.0,127.0,0,0.01,Low Risk
982,0.0,2,120.0,294.0,0,0.29,Low Risk
983,118.0,2,105.0,164.0,1,0.505,Medium Risk
984,341.0,2,5873.0,812.0,1,0.94,High Risk
985,267.0,2,4730.0,347.0,1,0.965,High Risk
986,23.0,2,90.0,335.0,0,0.125,Low Risk
987,154.0,3,8245.0,798.0,1,0.92,High Risk
988,79.0,3,278.0,225.0,0,0.005,Low Risk
989,175.0,3,8078.0,810.0,1,0.89,High Risk
990,175.0,3,8140.0,817.0,1,0.785,High Risk
991,159.0,3,8164.0,807.0,1,0.915,High Risk
992,40.0,3,8128.0,819.0,0,0.13,Low Risk
993,48.0,3,8123.0,803.0,0,0.12,Low Risk
994,36.0,3,8131.0,807.0,0,0.13,Low Risk
995,158.0,3,8169.0,795.0,1,0.94,High Risk
996,49.0,3,8249.0,812.0,0,0.83,High Risk
997,179.0,3,7059.0,816.0,1,0.8,High Risk
998,167.0,3,7030.0,815.0,1,0.885,High Risk
999,153.0,3,6962.0,804.0,1,0.9,High Risk
1000,179.0,3,7043.0,810.0,1,0.935,High Risk
1001,166.0,3,8183.0,804.0,1,0.97,High Risk
1002,167.0,3,8113.0,806.0,1,0.715,High Risk
1003,178.0,3,8145.0,796.0,1,0.78,High Risk
1004,171.0,3,8256.0,814.0,1,0.935,High Risk
1005,173.0,3,8114.0,812.0,1,0.78,High Risk
1006,164.0,3,6985.0,799.0,1,0.855,High Risk
1007,183.0,3,144.0,268.0,1,0.675,Medium Risk
1008,129.0,3,7024.0,783.0,1,0.535,Medium Risk
1009,8.0,3,79.0,232.0,0,0.005,Low Risk
1010,168.0,3,8195.0,779.0,1,0.95,High Risk
1011,175.0,3,8203.0,769.0,1,0.905,High Risk
1012,44.0,3,4736.0,789.0,0,0.115,Low Risk
1013,169.0,3,74.0,349.0,1,0.825,High Risk
1014,325.0,2,3950.0,781.0,1,0.99,High Risk
1015,244.0,2,3950.0,782.0,1,0.995,High Risk
1016,281.0,1,62.0,281.0,1,1.0,High Risk
1017,241.0,2,5913.0,806.0,1,0.775,High Risk
1018,314.0,1,2340.0,314.0,1,1.0,High Risk
1019,126.0,2,6012.0,822.0,1,0.825,High Risk
1020,125.0,1,75.0,125.0,1,1.0,High Risk
1021,108.0,1,804.0,108.0,1,1.0,High Risk
1022,260.0,2,4044.0,787.0,1,1.0,High Risk
1023,148.0,2,136.0,165.0,1,0.615,Medium Risk
1024,117.0,2,5933.0,821.0,1,0.965,High Risk
1025,164.0,2,84.0,339.0,1,0.855,High Risk
1026,229.0,2,5910.0,802.0,1,0.555,Medium Risk
1027,241.0,2,5977.0,798.0,1,0.93,High Risk
1028,186.0,2,5913.0,810.0,1,0.715,High Risk
1029,124.0,1,40.0,124.0,1,1.0,High Risk
1030,179.0,1,55.0,179.0,1,1.0,High Risk
1031,186.0,2,5970.0,814.0,1,0.835,High Risk
1032,83.0,1,769.0,83.0,0,0.0,Low Risk
1033,342.0,1,615.0,342.0,1,1.0,High Risk
1034,199.0,2,5949.0,797.0,1,0.95,High Risk
1035,8.0,3,74.0,127.0,0,0.025,Low Risk
1036,259.0,3,81.0,355.0,1,0.905,High Risk
1037,112.0,3,69.0,316.0,1,0.625,Medium Risk
1038,141.0,3,7107.0,763.0,1,0.935,High Risk
1039,2.0,3,91.0,269.0,0,0.14,Low Risk
1040,175.0,3,8212.0,763.0,1,0.97,High Risk
1041,22.0,2,51.0,349.0,0,0.64,Medium Risk
1042,211.0,2,5998.0,811.0,1,0.845,High Risk
1043,200.0,2,5975.0,815.0,1,0.985,High Risk
1044,46.0,2,104.0,129.0,0,0.055,Low Risk
1045,58.0,2,106.0,71.0,0,0.0,Low Risk
1046,87.0,2,66.0,253.0,0,0.085,Low Risk
1047,285.0,2,44.0,345.0,1,0.255,Low Risk
1048,103.0,2,44.0,271.0,1,0.92,High Risk
1049,63.0,2,134.0,139.0,0,0.03,Low Risk
1050,80.0,2,171.0,162.0,0,0.02,Low Risk
1051,356.0,2,6024.0,808.0,1,0.875,High Risk
1052,242.0,2,90.0,339.0,1,0.74,High Risk
1053,353.0,2,5935.0,817.0,1,0.99,High Risk
1054,363.0,2,5973.0,822.0,1,0.955,High Risk
1055,42.0,5,403.0,364.0,0,0.085,Low Risk
1056,12.0,4,104.0,341.0,0,0.07,Low Risk
1057,25.0,4,254.0,228.0,0,0.0,Low Risk
1058,205.0,2,87.0,336.0,1,0.7502,High Risk
1059,359.0,2,5936.0,806.0,1,0.865,High Risk
1060,340.0,2,5930.0,798.0,1,0.875,High Risk
1061,217.0,2,4812.0,362.0,1,0.975,High Risk
1062,121.0,4,140.0,364.0,1,0.6,Medium Risk
1063,15.0,2,87.0,338.0,0,0.12,Low Risk
1064,76.0,2,85.0,140.0,0,0.035,Low Risk
1065,61.0,2,122.0,316.0,0,0.18,Low Risk
1066,302.0,2,92.0,328.0,1,0.97,High Risk
1067,132.0,2,85.0,333.0,1,0.8688,High Risk
1068,186.0,2,134.0,279.0,1,0.64,Medium Risk
1069,63.0,2,94.0,207.0,0,0.035,Low Risk
1070,335.0,2,5897.0,821.0,1,0.935,High Risk
1071,33.0,2,85.0,62.0,0,0.0,Low Risk
1072,345.0,2,5973.0,797.0,1,0.95,High Risk
1073,322.0,2,5951.0,808.0,1,0.95,High Risk
1074,278.0,2,134.0,328.0,1,0.3018,Low Risk
1075,94.0,4,261.0,170.0,1,0.24,Low Risk
1076,187.0,2,5933.0,798.0,1,0.68,Medium Risk
1077,319.0,2,5873.0,816.0,1,0.95,High Risk
1078,10.0,4,174.0,364.0,0,0.55,Medium Risk
1079,208.0,2,5975.0,793.0,1,0.965,High Risk
1080,210.0,2,6008.0,815.0,1,0.88,High Risk
1081,303.0,1,2355.0,303.0,1,1.0,High Risk
1082,265.0,1,2367.0,265.0,1,1.0,High Risk
1083,309.0,2,5913.0,803.0,1,0.515,Medium Risk
1084,332.0,2,5993.0,796.0,1,0.975,High Risk
1085,193.0,2,5985.0,812.0,1,0.99,High Risk
1086,157.0,2,108.0,221.0,1,0.96,High Risk
1087,259.0,1,2295.0,259.0,1,1.0,High Risk
1088,13.0,2,92.0,110.0,0,0.015,Low Risk
1089,3.0,2,171.0,33.0,0,0.0,Low Risk
1090,223.0,2,4710.0,360.0,1,0.915,High Risk
1091,265.0,1,2351.0,265.0,1,1.0,High Risk
1092,148.0,2,84.0,357.0,1,0.8067,High Risk
1093,239.0,2,51.0,271.0,1,0.89,High Risk
1094,6.0,2,46.0,84.0,0,0.0,Low Risk
1095,187.0,2,5962.0,815.0,1,0.91,High Risk
1096,178.0,2,57.0,271.0,1,0.805,High Risk
1097,192.0,2,5900.0,803.0,1,0.43,Medium Risk
1098,9.0,4,238.0,252.0,0,0.005,Low Risk
1099,48.0,2,84.0,364.0,0,0.065,Low Risk
1100,84.0,2,44.0,292.0,0,0.135,Low Risk
1101,133.0,2,130.0,168.0,1,0.835,High Risk
1102,236.0,2,92.0,320.0,1,0.865,High Risk
1103,334.0,2,5903.0,813.0,1,0.96,High Risk
1104,313.0,2,5997.0,792.0,1,0.88,High Risk
1105,326.0,2,5908.0,822.0,1,0.955,High Risk
1106,330.0,2,5993.0,819.0,1,0.995,High Risk
1107,108.0,4,169.0,229.0,1,0.49,Medium Risk
1108,183.0,4,222.0,334.0,1,0.52,Medium Risk
1109,204.0,2,5946.0,802.0,1,0.925,High Risk
1110,199.0,2,5930.0,810.0,1,0.785,High Risk
1111,185.0,2,5888.0,806.0,1,0.685,Medium Risk
1112,127.0,2,195.0,202.0,1,0.655,Medium Risk
1113,316.0,2,5930.0,793.0,1,0.765,High Risk
1114,241.0,2,4737.0,343.0,1,0.95,High Risk
1115,214.0,2,4719.0,332.0,1,0.99,High Risk
1116,221.0,2,90.0,237.0,1,0.755,High Risk
1117,312.0,2,5933.0,800.0,1,0.71,High Risk
1118,41.0,2,160.0,178.0,0,0.16,Low Risk
1119,184.0,2,6004.0,816.0,1,0.92,High Risk
1120,84.0,2,162.0,268.0,0,0.03,Low Risk
1121,183.0,2,5908.0,817.0,1,0.955,High Risk
1122,183.0,2,5946.0,799.0,1,0.985,High Risk
1123,231.0,2,4814.0,329.0,1,0.99,High Risk
1124,69.0,4,5837.0,718.0,0,0.12,Low Risk
1125,113.0,5,13195.0,1095.0,1,0.575,Medium Risk
1126,72.0,4,8595.0,623.0,0,0.0,Low Risk
1127,166.0,2,81.0,295.0,1,0.835,High Risk
1128,79.0,1,35.0,79.0,0,0.0,Low Risk
1129,55.0,4,8681.0,637.0,0,0.015,Low Risk
1130,34.0,4,8557.0,613.0,0,0.005,Low Risk
1131,75.0,4,7987.0,630.0,0,0.0,Low Risk
1132,110.0,5,13265.0,1072.0,1,0.675,Medium Risk
1133,103.0,5,13294.0,1094.0,1,0.64,Medium Risk
1134,58.0,4,5830.0,717.0,0,0.115,Low Risk
1135,111.0,2,97.0,207.0,1,0.48,Medium Risk
1136,211.0,2,85.0,264.0,1,0.635,Medium Risk
1137,5.0,4,181.0,279.0,0,0.075,Low Risk
1138,262.0,2,92.0,315.0,1,0.945,High Risk
1139,150.0,2,120.0,153.0,1,0.6,Medium Risk
1140,39.0,2,103.0,210.0,0,0.055,Low Risk
1141,91.0,4,118.0,240.0,1,0.09,Low Risk
1142,324.0,2,5979.0,815.0,1,0.98,High Risk
1143,332.0,2,5945.0,793.0,1,0.99,High Risk
1144,315.0,2,5993.0,804.0,1,0.895,High Risk
1145,84.0,2,50.0,312.0,0,0.15,Low Risk
1146,28.0,2,133.0,61.0,0,0.0,Low Risk
1147,81.0,2,227.0,213.0,0,0.42,Medium Risk
1148,76.0,4,271.0,219.0,0,0.035,Low Risk
1149,29.0,2,83.0,66.0,0,0.0,Low Risk
1150,20.0,2,83.0,272.0,0,0.12,Low Risk
1151,146.0,2,43.0,167.0,1,0.865,High Risk
1152,328.0,2,5895.0,806.0,1,0.715,High Risk
1153,327.0,2,5937.0,821.0,1,0.985,High Risk
1154,330.0,2,5938.0,793.0,1,0.92,High Risk
1155,189.0,2,4798.0,320.0,1,0.995,High Risk
1156,308.0,2,5930.0,799.0,1,0.905,High Risk
1157,330.0,2,5920.0,814.0,1,0.81,High Risk
1158,60.0,2,43.0,263.0,0,0.605,Medium Risk
1159,47.0,4,202.0,149.0,0,0.015,Low Risk
1160,13.0,4,259.0,338.0,0,0.04,Low Risk
1161,326.0,2,5945.0,802.0,1,0.925,High Risk
1162,64.0,2,207.0,325.0,0,0.08,Low Risk
1163,309.0,2,5913.0,809.0,1,0.74,High Risk
1164,330.0,2,5944.0,815.0,1,0.995,High Risk
1165,333.0,2,5908.0,795.0,1,0.825,High Risk
1166,207.0,4,280.0,363.0,1,0.72,High Risk
1167,78.0,4,162.0,201.0,0,0.025,Low Risk
1168,321.0,2,5975.0,822.0,1,0.975,High Risk
1169,158.0,2,73.0,336.0,1,0.3374,Low Risk
1170,316.0,2,5948.0,822.0,1,1.0,High Risk
1171,326.0,2,5908.0,797.0,1,0.7,High Risk
1172,327.0,2,5984.0,819.0,1,0.995,High Risk
1173,316.0,2,5930.0,800.0,1,0.91,High Risk
1174,329.0,2,5929.0,808.0,1,0.9,High Risk
1175,312.0,2,5873.0,784.0,1,0.835,High Risk
1176,69.0,2,155.0,72.0,0,0.0,Low Risk
1177,14.0,2,162.0,360.0,0,0.875,High Risk
1178,194.0,2,4811.0,327.0,1,0.98,High Risk
1179,332.0,2,5933.0,765.0,1,0.89,High Risk
1180,204.0,2,5913.0,774.0,1,0.785,High Risk
1181,208.0,2,5930.0,780.0,1,0.835,High Risk
1182,322.0,2,5959.0,787.0,1,0.97,High Risk
1183,98.0,4,87.0,320.0,1,0.72,High Risk
1184,203.0,4,229.0,343.0,1,0.595,Medium Risk
1185,316.0,2,5875.0,768.0,1,0.85,High Risk
1186,288.0,2,50.0,305.0,1,0.7719,High Risk
1187,326.0,2,5913.0,765.0,1,0.775,High Risk
1188,323.0,2,5908.0,765.0,1,0.84,High Risk
1189,324.0,2,5933.0,765.0,1,0.89,High Risk
1190,317.0,2,5950.0,776.0,1,0.99,High Risk
1191,330.0,2,5890.0,781.0,1,0.73,High Risk
1192,122.0,2,246.0,287.0,1,0.89,High Risk
1193,37.0,2,160.0,291.0,0,0.07,Low Risk
1194,205.0,2,4833.0,305.0,1,0.96,High Risk
1195,264.0,2,83.0,285.0,1,0.46,Medium Risk
1196,185.0,2,124.0,250.0,1,0.68,Medium Risk
1197,15.0,4,160.0,293.0,0,0.02,Low Risk
1198,266.0,2,48.0,361.0,1,0.965,High Risk
1199,203.0,2,5969.0,775.0,1,0.68,Medium Risk
1200,76.0,2,195.0,226.0,0,0.185,Low Risk
1201,325.0,2,5935.0,770.0,1,0.9,High Risk
1202,172.0,2,58.0,231.0,1,0.635,Medium Risk
1203,116.0,4,171.0,357.0,1,0.305,Low Risk
1204,23.0,4,200.0,209.0,0,0.02,Low Risk
1205,220.0,2,120.0,365.0,1,0.72,High Risk
1206,29.0,2,51.0,94.0,0,0.01,Low Risk
1207,326.0,2,5908.0,762.0,1,0.895,High Risk
1208,292.0,2,5875.0,765.0,1,0.85,High Risk
1209,287.0,2,5954.0,774.0,1,0.995,High Risk
1210,282.0,2,5908.0,773.0,1,0.79,High Risk
1211,78.0,3,6825.0,684.0,0,0.51,Medium Risk
1212,197.0,2,5908.0,1058.0,1,0.795,High Risk
1213,205.0,2,5898.0,1038.0,1,0.865,High Risk
1214,302.0,2,4419.0,629.0,1,0.775,High Risk
1215,42.0,3,6803.0,692.0,0,0.125,Low Risk
1216,38.0,3,6890.0,689.0,0,0.12,Low Risk
1217,42.0,3,6955.0,674.0,0,0.135,Low Risk
1218,205.0,2,5873.0,1042.0,1,0.955,High Risk
1219,278.0,2,4472.0,613.0,1,0.915,High Risk
1220,185.0,2,5967.0,1041.0,1,0.715,High Risk
1221,183.0,2,5950.0,1056.0,1,0.595,Medium Risk
1222,192.0,2,5968.0,1063.0,1,0.66,Medium Risk
1223,52.0,3,6909.0,686.0,0,0.56,Medium Risk
1224,173.0,1,35.0,173.0,1,1.0,High Risk
1225,74.0,1,85.0,74.0,0,0.0,Low Risk
1226,258.0,2,4381.0,619.0,1,0.96,High Risk
1227,271.0,2,4368.0,619.0,1,0.955,High Risk
1228,274.0,1,44.0,274.0,1,1.0,High Risk
1229,252.0,2,4401.0,585.0,1,0.74,High Risk
1230,250.0,2,4415.0,600.0,1,0.82,High Risk
1231,228.0,2,4401.0,587.0,1,0.72,High Risk
1232,220.0,2,4354.0,592.0,1,0.725,High Risk
1233,232.0,2,4376.0,604.0,1,0.715,High Risk
1234,11.0,1,35.0,11.0,0,0.0,Low Risk
1235,277.0,1,35.0,277.0,1,1.0,High Risk
1236,206.0,2,62.0,311.0,1,0.86,High Risk
1237,199.0,1,35.0,199.0,1,1.0,High Risk
1238,240.0,2,4470.0,590.0,1,0.805,High Risk
1239,203.0,1,35.0,203.0,1,1.0,High Risk
1240,42.0,3,6901.0,676.0,0,0.095,Low Risk
1241,239.0,2,3965.0,762.0,1,0.995,High Risk
1242,222.0,2,3989.0,774.0,1,1.0,High Risk
1243,231.0,2,3949.0,774.0,1,0.995,High Risk
1244,223.0,2,3915.0,766.0,1,0.955,High Risk
1245,256.0,2,115.0,346.0,1,0.7048,High Risk
1246,229.0,2,3967.0,778.0,1,0.975,High Risk
1247,226.0,2,3947.0,784.0,1,0.97,High Risk
1248,270.0,2,77.0,361.0,1,0.7284,High Risk
1249,202.0,2,3940.0,780.0,1,0.98,High Risk
1250,99.0,2,115.0,305.0,1,0.8356,High Risk
1251,202.0,2,3965.0,783.0,1,0.995,High Risk
1252,193.0,2,3925.0,785.0,1,0.995,High Risk
1253,187.0,2,3939.0,765.0,1,0.975,High Risk
1254,196.0,2,4067.0,772.0,1,0.995,High Risk
1255,183.0,2,5968.0,1049.0,1,0.865,High Risk
1256,192.0,2,5883.0,1044.0,1,0.925,High Risk
1257,165.0,2,5953.0,1035.0,1,0.325,Low Risk
1258,54.0,1,50.0,54.0,0,0.0,Low Risk
1259,119.0,1,50.0,119.0,1,1.0,High Risk
1260,223.0,2,86.0,331.0,1,0.77,High Risk
1261,183.0,2,241.0,349.0,1,0.625,Medium Risk
1262,160.0,2,5973.0,1012.0,1,0.23,Low Risk
1263,303.0,2,119.0,324.0,1,0.8025,High Risk
1264,32.0,3,6829.0,671.0,0,0.125,Low Risk
1265,248.0,3,5663.0,658.0,1,0.895,High Risk
1266,175.0,2,5964.0,1008.0,1,0.075,Low Risk
1267,232.0,2,4401.0,591.0,1,0.645,Medium Risk
1268,165.0,2,5873.0,1033.0,1,0.95,High Risk
1269,287.0,1,50.0,287.0,1,1.0,High Risk
1270,215.0,1,44.0,215.0,1,1.0,High Risk
1271,202.0,2,4455.0,584.0,1,0.91,High Risk
1272,255.0,3,5683.0,657.0,1,0.895,High Risk
1273,295.0,3,5139.0,666.0,1,0.71,High Risk
1274,180.0,1,50.0,180.0,1,1.0,High Risk
1275,113.0,1,35.0,113.0,1,1.0,High Risk
1276,182.0,2,4435.0,562.0,1,0.84,High Risk
1277,196.0,2,4416.0,576.0,1,0.875,High Risk
1278,248.0,3,5666.0,654.0,1,0.915,High Risk
1279,220.0,1,50.0,220.0,1,1.0,High Risk
1280,168.0,2,5974.0,991.0,1,0.95,High Risk
1281,168.0,2,5923.0,991.0,1,0.845,High Risk
1282,300.0,3,5169.0,655.0,1,0.505,Medium Risk
1283,296.0,3,5111.0,644.0,1,0.7,High Risk
1284,262.0,3,5583.0,669.0,1,0.75,High Risk
1285,252.0,3,5625.0,662.0,1,0.865,High Risk
1286,167.0,2,5968.0,974.0,1,0.94,High Risk
1287,285.0,3,5255.0,622.0,1,0.485,Medium Risk
1288,247.0,3,5720.0,609.0,1,0.15,Low Risk
1289,19.0,2,148.0,119.0,0,0.005,Low Risk
1290,251.0,3,5646.0,618.0,1,0.6,Medium Risk
1291,177.0,2,5873.0,998.0,1,0.91,High Risk
1292,69.0,4,8067.0,554.0,0,0.005,Low Risk
1293,82.0,3,5027.0,618.0,0,0.075,Low Risk
1294,109.0,2,86.0,241.0,1,0.61,Medium Risk
1295,165.0,2,75.0,251.0,1,0.47,Medium Risk
1296,124.0,4,174.0,350.0,1,0.63,Medium Risk
1297,95.0,5,13164.0,985.0,1,0.47,Medium Risk
1298,80.0,4,8022.0,534.0,0,0.0,Low Risk
1299,48.0,4,8052.0,525.0,0,0.005,Low Risk
1300,80.0,3,4977.0,629.0,0,0.04,Low Risk
1301,103.0,5,13242.0,980.0,1,0.09,Low Risk
1302,69.0,5,13294.0,994.0,0,0.09,Low Risk
1303,33.0,4,8091.0,523.0,0,0.015,Low Risk
1304,118.0,2,84.0,163.0,1,0.545,Medium Risk
1305,31.0,2,123.0,148.0,0,0.115,Low Risk
1306,91.0,3,4940.0,580.0,1,0.73,High Risk
1307,234.0,2,75.0,271.0,1,0.315,Low Risk
1308,72.0,5,13172.0,975.0,0,0.045,Low Risk
1309,70.0,5,13268.0,970.0,0,0.025,Low Risk
1310,259.0,2,101.0,305.0,1,0.99,High Risk
1311,98.0,2,104.0,108.0,1,0.505,Medium Risk
1312,38.0,2,116.0,133.0,0,0.375,Low Risk
1313,92.0,1,35.0,92.0,1,1.0,High Risk
1314,13.0,1,44.0,13.0,0,0.0,Low Risk
1315,31.0,4,7997.0,530.0,0,0.0,Low Risk
1316,320.0,3,6803.0,581.0,1,0.52,Medium Risk
1317,315.0,3,6799.0,608.0,1,0.235,Low Risk
1318,310.0,3,6823.0,582.0,1,0.525,Medium Risk
1319,326.0,3,6808.0,596.0,1,0.605,Medium Risk
1320,56.0,2,79.0,293.0,0,0.03,Low Risk
1321,94.0,2,78.0,164.0,1,0.05,Low Risk
1322,68.0,5,13215.0,971.0,0,0.01,Low Risk
1323,37.0,1,50.0,37.0,0,0.0,Low Risk
1324,258.0,4,10836.0,949.0,1,0.85,High Risk
1325,75.0,2,66.0,89.0,0,0.0,Low Risk
1326,33.0,2,133.0,176.0,0,0.225,Low Risk
1327,59.0,2,64.0,121.0,0,0.0,Low Risk
1328,206.0,2,14.0,357.0,1,0.6262,Medium Risk
1329,313.0,3,6792.0,603.0,1,0.65,Medium Risk
1330,124.0,2,119.0,251.0,1,0.785,High Risk
1331,35.0,4,7932.0,526.0,0,0.0,Low Risk
1332,329.0,1,50.0,329.0,1,1.0,High Risk
1333,218.0,4,10789.0,960.0,1,0.835,High Risk
1334,237.0,4,10829.0,955.0,1,0.85,High Risk
1335,10.0,2,94.0,229.0,0,0.075,Low Risk
1336,312.0,3,6912.0,596.0,1,0.36,Low Risk
1337,43.0,2,79.0,339.0,0,0.06,Low Risk
1338,173.0,3,8137.0,785.0,1,0.78,High Risk
1339,164.0,3,8265.0,766.0,1,0.995,High Risk
1340,178.0,3,6865.0,746.0,1,0.965,High Risk
1341,127.0,3,6752.0,736.0,1,0.83,High Risk
1342,141.0,3,6840.0,755.0,1,0.995,High Risk
1343,127.0,3,6838.0,749.0,1,0.94,High Risk
1344,130.0,3,5568.0,742.0,1,0.745,High Risk
1345,168.0,3,68.0,320.0,1,0.315,Low Risk
1346,16.0,3,68.0,303.0,0,0.085,Low Risk
1347,132.0,3,6864.0,755.0,1,0.995,High Risk
1348,126.0,3,6839.0,746.0,1,0.975,High Risk
1349,138.0,3,6906.0,731.0,1,0.85,High Risk
1350,149.0,3,6772.0,761.0,1,0.87,High Risk
1351,125.0,3,6791.0,753.0,1,0.92,High Risk
1352,1.0,3,186.0,219.0,0,0.03,Low Risk
1353,70.0,3,273.0,122.0,0,0.015,Low Risk
1354,152.0,3,6765.0,734.0,1,0.835,High Risk
1355,148.0,3,6797.0,756.0,1,0.865,High Risk
1356,133.0,3,6818.0,761.0,1,0.98,High Risk
1357,131.0,3,6810.0,750.0,1,0.95,High Risk
1358,17.0,3,117.0,91.0,0,0.01,Low Risk
1359,146.0,3,6787.0,731.0,1,0.685,Medium Risk
1360,113.0,3,95.0,139.0,1,0.03,Low Risk
1361,126.0,3,6750.0,743.0,1,0.83,High Risk
1362,71.0,3,217.0,132.0,0,0.135,Low Risk
1363,282.0,2,5904.0,786.0,1,0.975,High Risk
1364,119.0,4,274.0,305.0,1,0.765,High Risk
1365,303.0,2,5898.0,764.0,1,0.825,High Risk
1366,236.0,2,54.0,302.0,1,0.58,Medium Risk
1367,62.0,2,89.0,292.0,0,0.05,Low Risk
1368,79.0,2,160.0,352.0,0,0.11,Low Risk
1369,62.0,1,35.0,62.0,0,0.0,Low Risk
1370,45.0,3,94.0,125.0,0,0.01,Low Risk
1371,240.0,3,61.0,352.0,1,0.605,Medium Risk
1372,64.0,3,213.0,211.0,0,0.06,Low Risk
1373,193.0,3,98.0,312.0,1,0.635,Medium Risk
1374,164.0,2,5937.0,946.0,1,0.605,Medium Risk
1375,355.0,1,35.0,355.0,1,1.0,High Risk
1376,17.0,1,44.0,17.0,0,0.0,Low Risk
1377,238.0,2,75.0,263.0,1,0.305,Low Risk
1378,218.0,1,50.0,218.0,1,1.0,High Risk
1379,187.0,2,4366.0,539.0,1,0.445,Medium Risk
1380,282.0,1,50.0,282.0,1,1.0,High Risk
1381,223.0,3,5570.0,603.0,1,0.54,Medium Risk
1382,285.0,3,5161.0,588.0,1,0.455,Medium Risk
1383,236.0,3,5606.0,579.0,1,0.565,Medium Risk
1384,173.0,2,5898.0,973.0,1,0.925,High Risk
1385,293.0,3,5056.0,530.0,1,0.745,High Risk
1386,300.0,3,5118.0,606.0,1,0.705,High Risk
1387,207.0,2,4447.0,544.0,1,0.855,High Risk
1388,129.0,1,35.0,129.0,1,1.0,High Risk
1389,161.0,2,4379.0,534.0,1,0.78,High Risk
1390,76.0,1,50.0,76.0,0,0.0,Low Risk
1391,247.0,3,4977.0,541.0,1,0.57,Medium Risk
1392,244.0,3,5121.0,583.0,1,0.725,High Risk
1393,319.0,2,75.0,365.0,1,0.565,Medium Risk
1394,123.0,1,74.0,123.0,1,1.0,High Risk
1395,228.0,3,5636.0,591.0,1,0.545,Medium Risk
1396,126.0,2,5968.0,954.0,1,0.915,High Risk
1397,105.0,1,50.0,105.0,1,1.0,High Risk
1398,249.0,3,4968.0,523.0,1,0.435,Medium Risk
1399,133.0,3,6498.0,956.0,1,0.685,Medium Risk
1400,158.0,1,59.0,158.0,1,1.0,High Risk
1401,172.0,1,69.0,172.0,1,1.0,High Risk
1402,131.0,1,37.0,131.0,1,1.0,High Risk
1403,240.0,3,5218.0,599.0,1,0.695,Medium Risk
1404,69.0,1,67.0,69.0,0,0.0,Low Risk
1405,239.0,3,5251.0,555.0,1,0.675,Medium Risk
1406,21.0,1,37.0,21.0,0,0.0,Low Risk
1407,43.0,1,35.0,43.0,0,0.0,Low Risk
1408,94.0,1,75.0,94.0,1,1.0,High Risk
1409,120.0,1,42.0,120.0,1,1.0,High Risk
1410,82.0,2,155.0,253.0,0,0.07,Low Risk
1411,12.0,2,160.0,298.0,0,0.055,Low Risk
1412,103.0,2,160.0,212.0,1,0.535,Medium Risk
1413,78.0,2,259.0,95.0,0,0.05,Low Risk
1414,168.0,2,162.0,222.0,1,0.795,High Risk
1415,150.0,2,157.0,246.0,1,0.18,Low Risk
1416,67.0,1,75.0,67.0,0,0.0,Low Risk
1417,213.0,1,40.0,213.0,1,1.0,High Risk
1418,23.0,1,59.0,23.0,0,0.0,Low Risk
1419,83.0,2,5969.0,769.0,0,0.11,Low Risk
1420,232.0,1,35.0,232.0,1,1.0,High Risk
1421,319.0,1,42.0,319.0,1,1.0,High Risk
1422,322.0,1,75.0,322.0,1,1.0,High Risk
1423,107.0,1,35.0,107.0,1,1.0,High Risk
1424,71.0,2,5908.0,771.0,0,0.15,Low Risk
1425,156.0,1,99.0,156.0,1,1.0,High Risk
1426,72.0,1,90.0,72.0,0,0.0,Low Risk
1427,84.0,1,99.0,84.0,0,0.0,Low Risk
1428,238.0,1,40.0,238.0,1,1.0,High Risk
1429,94.0,1,75.0,94.0,1,1.0,High Risk
1430,329.0,1,35.0,329.0,1,1.0,High Risk
1431,18.0,4,289.0,283.0,0,0.055,Low Risk
1432,20.0,4,224.0,313.0,0,0.05,Low Risk
1433,94.0,1,92.0,94.0,1,1.0,High Risk
1434,304.0,1,75.0,304.0,1,1.0,High Risk
1435,69.0,1,75.0,69.0,0,0.0,Low Risk
1436,183.0,2,5920.0,786.0,1,0.765,High Risk
1437,226.0,1,42.0,226.0,1,1.0,High Risk
1438,194.0,2,5983.0,777.0,1,0.99,High Risk
1439,297.0,2,5898.0,781.0,1,0.74,High Risk
1440,309.0,1,125.0,309.0,1,1.0,High Risk
1441,206.0,2,5913.0,791.0,1,0.96,High Risk
1442,190.0,2,5875.0,787.0,1,0.9,High Risk
1443,179.0,2,5900.0,790.0,1,0.94,High Risk
1444,10.0,1,30.0,10.0,0,0.0,Low Risk
1445,3.0,4,293.0,331.0,0,0.075,Low Risk
1446,173.0,1,22.0,173.0,1,1.0,High Risk
1447,156.0,2,5944.0,782.0,1,0.975,High Risk
1448,270.0,1,2332.0,270.0,1,1.0,High Risk
1449,181.0,2,5915.0,764.0,1,0.84,High Risk
1450,232.0,1,2352.0,232.0,1,1.0,High Risk
1451,163.0,2,5955.0,766.0,1,0.855,High Risk
1452,222.0,1,2368.0,222.0,1,1.0,High Risk
1453,181.0,2,5935.0,769.0,1,0.8,High Risk
1454,253.0,1,22.0,253.0,1,1.0,High Risk
1455,295.0,1,72.0,295.0,1,1.0,High Risk
1456,72.0,1,22.0,72.0,0,0.0,Low Risk
1457,12.0,1,22.0,12.0,0,0.0,Low Risk
1458,299.0,1,24.0,299.0,1,1.0,High Risk
1459,146.0,1,50.0,146.0,1,1.0,High Risk
1460,226.0,3,5618.0,575.0,1,0.74,High Risk
1461,223.0,3,5679.0,552.0,1,0.775,High Risk
1462,252.0,3,5030.0,531.0,1,0.795,High Risk
1463,264.0,3,5048.0,508.0,1,0.765,High Risk
1464,236.0,3,5201.0,571.0,1,0.515,Medium Risk
1465,137.0,2,5898.0,920.0,1,0.82,High Risk
1466,153.0,2,83.0,304.0,1,0.79,High Risk
1467,315.0,1,59.0,315.0,1,1.0,High Risk
1468,282.0,1,59.0,282.0,1,1.0,High Risk
1469,133.0,2,5875.0,931.0,1,0.955,High Risk
1470,131.0,1,50.0,131.0,1,1.0,High Risk
1471,66.0,1,50.0,66.0,0,0.0,Low Risk
1472,318.0,1,84.0,318.0,1,1.0,High Risk
1473,172.0,1,50.0,172.0,1,1.0,High Risk
1474,212.0,3,5665.0,566.0,1,0.285,Low Risk
1475,140.0,2,5928.0,921.0,1,0.82,High Risk
1476,158.0,2,4438.0,512.0,1,0.98,High Risk
1477,96.0,2,73.0,111.0,1,0.52,Medium Risk
1478,50.0,1,50.0,50.0,0,0.0,Low Risk
1479,29.0,1,9.0,29.0,0,0.0,Low Risk
1480,162.0,2,4401.0,511.0,1,0.99,High Risk
1481,125.0,2,5908.0,933.0,1,0.81,High Risk
1482,326.0,1,9.0,326.0,1,1.0,High Risk
1483,34.0,1,50.0,34.0,0,0.0,Low Risk
1484,135.0,2,5898.0,939.0,1,0.9,High Risk
1485,160.0,2,4441.0,491.0,1,1.0,High Risk
1486,127.0,2,5923.0,931.0,1,0.775,High Risk
1487,206.0,3,5652.0,558.0,1,0.615,Medium Risk
1488,166.0,2,4401.0,501.0,1,0.99,High Risk
1489,130.0,1,9.0,130.0,1,1.0,High Risk
1490,19.0,4,158.0,314.0,0,0.01,Low Risk
1491,147.0,3,168.0,316.0,1,0.18,Low Risk
1492,179.0,1,87.0,179.0,1,1.0,High Risk
1493,176.0,3,5166.0,564.0,1,0.285,Low Risk
1494,258.0,1,70.0,258.0,1,1.0,High Risk
1495,98.0,2,5948.0,942.0,1,0.79,High Risk
1496,163.0,2,4416.0,497.0,1,0.99,High Risk
1497,161.0,1,205.0,161.0,1,0.995,High Risk
1498,211.0,1,42.0,211.0,1,1.0,High Risk
1499,213.0,1,40.0,213.0,1,1.0,High Risk
1500,154.0,2,4379.0,502.0,1,0.985,High Risk
1501,146.0,2,4475.0,514.0,1,0.94,High Risk
1502,141.0,2,4416.0,487.0,1,0.995,High Risk
1503,143.0,2,110.0,359.0,1,0.79,High Risk
1504,125.0,2,84.0,347.0,1,0.74,High Risk
1505,278.0,1,61.0,278.0,1,1.0,High Risk
1506,333.0,1,37.0,333.0,1,1.0,High Risk
1507,351.0,1,120.0,351.0,1,1.0,High Risk
1508,292.0,1,9.0,292.0,1,1.0,High Risk
1509,242.0,1,133.0,242.0,1,1.0,High Risk
1510,149.0,3,83.0,341.0,1,0.785,High Risk
1511,130.0,3,6440.0,885.0,1,0.475,Medium Risk
1512,214.0,1,9.0,214.0,1,1.0,High Risk
1513,311.0,1,9.0,311.0,1,1.0,High Risk
1514,109.0,2,241.0,225.0,1,0.645,Medium Risk
1515,348.0,1,9.0,348.0,1,1.0,High Risk
1516,188.0,1,9.0,188.0,1,1.0,High Risk
1517,43.0,1,9.0,43.0,0,0.0,Low Risk
1518,101.0,1,9.0,101.0,1,1.0,High Risk
1519,180.0,1,9.0,180.0,1,1.0,High Risk
1520,16.0,2,71.0,262.0,0,0.085,Low Risk
1521,108.0,2,5919.0,910.0,1,0.5,Medium Risk
1522,126.0,2,4438.0,480.0,1,0.99,High Risk
1523,109.0,2,5888.0,888.0,1,0.975,High Risk
1524,95.0,2,5933.0,884.0,1,1.0,High Risk
1525,229.0,1,9.0,229.0,1,1.0,High Risk
1526,248.0,1,120.0,248.0,1,1.0,High Risk
1527,119.0,3,5229.0,567.0,1,0.625,Medium Risk
1528,42.0,1,87.0,42.0,0,0.0,Low Risk
1529,153.0,1,72.0,153.0,1,1.0,High Risk
1530,9.0,1,86.0,9.0,0,0.0,Low Risk
1531,51.0,4,338.0,347.0,0,0.035,Low Risk
1532,316.0,1,22.0,316.0,1,1.0,High Risk
1533,35.0,4,235.0,124.0,0,0.025,Low Risk
1534,290.0,2,272.0,361.0,1,0.74,High Risk
1535,142.0,1,9.0,142.0,1,1.0,High Risk
1536,132.0,1,9.0,132.0,1,1.0,High Risk
1537,68.0,1,9.0,68.0,0,0.0,Low Risk
1538,218.0,1,9.0,218.0,1,1.0,High Risk
1539,246.0,1,9.0,246.0,1,1.0,High Risk
1540,59.0,1,9.0,59.0,0,0.0,Low Risk
1541,163.0,2,75.0,332.0,1,0.7858,High Risk
1542,227.0,1,9.0,227.0,1,1.0,High Risk
1543,17.0,1,9.0,17.0,0,0.0,Low Risk
1544,269.0,1,9.0,269.0,1,1.0,High Risk
1545,38.0,1,9.0,38.0,0,0.0,Low Risk
1546,91.0,2,119.0,185.0,1,0.42,Medium Risk
1547,145.0,2,4416.0,479.0,1,0.995,High Risk
1548,119.0,2,5898.0,898.0,1,0.795,High Risk
1549,152.0,2,4368.0,469.0,1,0.99,High Risk
1550,99.0,2,5908.0,894.0,1,0.745,High Risk
1551,50.0,2,86.0,229.0,0,0.37,Low Risk
1552,11.0,2,75.0,172.0,0,0.06,Low Risk
1553,107.0,1,9.0,107.0,1,1.0,High Risk
1554,262.0,1,10.0,262.0,1,1.0,High Risk
1555,102.0,2,88.0,185.0,1,0.6,Medium Risk
1556,147.0,1,69.0,147.0,1,1.0,High Risk
1557,62.0,1,9.0,62.0,0,0.0,Low Risk
1558,266.0,1,50.0,266.0,1,1.0,High Risk
1559,148.0,1,15.0,148.0,1,1.0,High Risk
1560,163.0,3,5634.0,554.0,1,0.855,High Risk
1561,164.0,3,5637.0,562.0,1,0.595,Medium Risk
1562,107.0,2,5888.0,856.0,1,0.72,High Risk
1563,320.0,1,59.0,320.0,1,1.0,High Risk
1564,211.0,2,119.0,211.0,1,0.475,Medium Risk
1565,73.0,2,110.0,327.0,0,0.294,Low Risk
1566,115.0,1,93.0,115.0,1,1.0,High Risk
1567,125.0,2,148.0,242.0,1,0.6,Medium Risk
1568,115.0,2,43.0,351.0,1,0.17,Low Risk
1569,317.0,2,67.0,349.0,1,0.86,High Risk
1570,191.0,1,75.0,191.0,1,1.0,High Risk
1571,169.0,2,2654.0,757.0,1,0.92,High Risk
1572,177.0,2,2641.0,761.0,1,0.855,High Risk
1573,139.0,2,2611.0,737.0,1,0.815,High Risk
1574,150.0,2,2668.0,751.0,1,0.675,Medium Risk
1575,130.0,2,2626.0,744.0,1,0.88,High Risk
1576,123.0,2,2668.0,744.0,1,0.775,High Risk
1577,131.0,2,2653.0,755.0,1,0.925,High Risk
1578,130.0,2,2614.0,713.0,1,0.745,High Risk
1579,97.0,2,2668.0,714.0,1,0.34,Low Risk
1580,109.0,2,2589.0,713.0,1,0.865,High Risk
1581,100.0,2,2589.0,714.0,1,0.87,High Risk
1582,103.0,2,2646.0,701.0,1,0.715,High Risk
1583,87.0,2,84.0,181.0,0,0.06,Low Risk
1584,110.0,2,2646.0,700.0,1,0.61,Medium Risk
1585,73.0,2,2633.0,718.0,0,0.085,Low Risk
1586,83.0,2,2629.0,700.0,0,0.105,Low Risk
1587,66.0,2,2636.0,725.0,0,0.145,Low Risk
1588,34.0,2,77.0,86.0,0,0.0,Low Risk
1589,86.0,2,2639.0,730.0,0,0.05,Low Risk
1590,81.0,2,2665.0,709.0,0,0.105,Low Risk
1591,92.0,2,67.0,107.0,1,0.575,Medium Risk
1592,176.0,1,50.0,176.0,1,1.0,High Risk
1593,52.0,2,52.0,215.0,0,0.805,High Risk
1594,152.0,2,43.0,344.0,1,0.66,Medium Risk
1595,43.0,2,38.0,64.0,0,0.0,Low Risk
1596,177.0,2,40.0,326.0,1,0.78,High Risk
1597,18.0,2,78.0,126.0,0,0.0,Low Risk
1598,120.0,2,53.0,177.0,1,0.71,High Risk
1599,117.0,2,43.0,177.0,1,0.885,High Risk
1600,171.0,3,5649.0,529.0,1,0.82,High Risk
1601,142.0,1,50.0,142.0,1,1.0,High Risk
1602,14.0,2,65.0,152.0,0,0.0,Low Risk
1603,33.0,2,45.0,342.0,0,0.085,Low Risk
1604,126.0,2,117.0,297.0,1,0.5483,Medium Risk
1605,243.0,1,24.0,243.0,1,1.0,High Risk
1606,261.0,1,10.0,261.0,1,1.0,High Risk
1607,3.0,3,333.0,147.0,0,0.065,Low Risk
1608,139.0,3,6489.0,880.0,1,0.58,Medium Risk
1609,125.0,3,5690.0,538.0,1,0.975,High Risk
1610,129.0,3,5637.0,538.0,1,0.915,High Risk
1611,134.0,2,102.0,204.0,1,0.77,High Risk
1612,55.0,2,67.0,211.0,0,0.04,Low Risk
1613,146.0,3,5658.0,531.0,1,1.0,High Risk
1614,112.0,2,5984.0,882.0,1,0.805,High Risk
1615,99.0,2,5918.0,861.0,1,0.615,Medium Risk
1616,100.0,3,5663.0,536.0,1,0.98,High Risk
1617,253.0,1,15.0,253.0,1,1.0,High Risk
1618,194.0,1,39.0,194.0,1,1.0,High Risk
1619,75.0,2,5923.0,878.0,0,0.98,High Risk
1620,112.0,3,5200.0,542.0,1,0.705,High Risk
1621,124.0,3,6480.0,861.0,1,0.215,Low Risk
1622,128.0,3,6471.0,856.0,1,0.19,Low Risk
1623,88.0,3,5135.0,527.0,0,0.025,Low Risk
1624,115.0,3,5630.0,522.0,1,0.8,High Risk
1625,124.0,2,4379.0,470.0,1,0.995,High Risk
1626,146.0,1,100.0,146.0,1,1.0,High Risk
1627,72.0,2,78.0,81.0,0,0.0,Low Risk
1628,212.0,2,111.0,282.0,1,0.865,High Risk
1629,205.0,1,15.0,205.0,1,1.0,High Risk
1630,73.0,1,54.0,73.0,0,0.0,Low Risk
1631,277.0,3,6825.0,537.0,1,0.495,Medium Risk
1632,235.0,4,10799.0,826.0,1,0.985,High Risk
1633,226.0,4,10793.0,839.0,1,0.905,High Risk
1634,120.0,2,86.0,197.0,1,0.635,Medium Risk
1635,279.0,3,6787.0,517.0,1,0.635,Medium Risk
1636,312.0,1,50.0,312.0,1,0.995,High Risk
1637,198.0,2,49.0,242.0,1,0.695,Medium Risk
1638,274.0,3,6845.0,507.0,1,0.95,High Risk
1639,87.0,2,38.0,116.0,0,0.04,Low Risk
1640,344.0,1,50.0,344.0,1,1.0,High Risk
1641,276.0,3,6752.0,500.0,1,0.835,High Risk
1642,57.0,1,9.0,57.0,0,0.0,Low Risk
1643,258.0,1,9.0,258.0,1,1.0,High Risk
1644,2.0,2,103.0,354.0,0,0.035,Low Risk
1645,283.0,3,6838.0,514.0,1,0.795,High Risk
1646,289.0,3,6847.0,500.0,1,0.87,High Risk
1647,28.0,2,14.0,341.0,0,0.14,Low Risk
1648,283.0,3,6886.0,518.0,1,0.68,Medium Risk
1649,272.0,3,6817.0,492.0,1,0.815,High Risk
1650,121.0,1,9.0,121.0,1,1.0,High Risk
1651,217.0,4,10813.0,845.0,1,0.81,High Risk
1652,115.0,1,9.0,115.0,1,1.0,High Risk
1653,66.0,2,183.0,149.0,0,0.005,Low Risk
1654,245.0,3,6859.0,503.0,1,0.88,High Risk
1655,216.0,2,45.0,339.0,1,0.58,Medium Risk
1656,225.0,4,10899.0,841.0,1,0.91,High Risk
1657,256.0,1,9.0,256.0,1,1.0,High Risk
1658,36.0,4,7384.0,458.0,0,0.0,Low Risk
1659,260.0,3,6863.0,505.0,1,0.91,High Risk
1660,287.0,1,74.0,287.0,1,1.0,High Risk
1661,59.0,1,45.0,59.0,0,0.0,Low Risk
1662,303.0,1,50.0,303.0,1,1.0,High Risk
1663,47.0,1,15.0,47.0,0,0.0,Low Risk
1664,72.0,1,69.0,72.0,0,0.0,Low Risk
1665,111.0,2,78.0,261.0,1,0.69,Medium Risk
1666,123.0,3,74.0,213.0,1,0.115,Low Risk
1667,30.0,3,34.0,86.0,0,0.005,Low Risk
1668,134.0,3,6813.0,727.0,1,0.84,High Risk
1669,131.0,3,6839.0,718.0,1,0.975,High Risk
1670,131.0,3,6791.0,721.0,1,0.775,High Risk
1671,138.0,3,6785.0,705.0,1,0.975,High Risk
1672,152.0,3,6802.0,719.0,1,0.835,High Risk
1673,225.0,3,382.0,287.0,1,0.69,Medium Risk
1674,145.0,3,6768.0,704.0,1,0.97,High Risk
1675,146.0,3,6829.0,708.0,1,0.835,High Risk
1676,136.0,3,6812.0,718.0,1,0.93,High Risk
1677,144.0,3,6859.0,710.0,1,0.965,High Risk
1678,129.0,3,6785.0,724.0,1,0.835,High Risk
1679,246.0,3,341.0,309.0,1,0.64,Medium Risk
1680,61.0,3,188.0,321.0,0,0.31,Low Risk
1681,133.0,3,6880.0,707.0,1,0.895,High Risk
1682,132.0,3,6784.0,702.0,1,0.975,High Risk
1683,64.0,3,228.0,240.0,0,0.02,Low Risk
1684,129.0,3,6801.0,710.0,1,0.83,High Risk
1685,101.0,3,6893.0,722.0,1,0.88,High Risk
1686,111.0,3,6904.0,730.0,1,0.85,High Risk
1687,119.0,3,6864.0,700.0,1,0.935,High Risk
1688,101.0,3,6805.0,682.0,1,0.765,High Risk
1689,118.0,3,6867.0,691.0,1,0.465,Medium Risk
1690,121.0,3,6846.0,676.0,1,0.59,Medium Risk
1691,7.0,3,197.0,207.0,0,0.27,Low Risk
1692,46.0,3,247.0,279.0,0,0.055,Low Risk
1693,25.0,3,315.0,237.0,0,0.005,Low Risk
1694,97.0,3,6820.0,697.0,1,0.735,High Risk
1695,111.0,3,6785.0,687.0,1,0.86,High Risk
1696,108.0,3,193.0,263.0,1,0.765,High Risk
1697,12.0,3,232.0,261.0,0,0.04,Low Risk
1698,74.0,3,296.0,143.0,0,0.045,Low Risk
1699,121.0,3,6786.0,686.0,1,0.77,High Risk
1700,100.0,3,6798.0,685.0,1,0.755,High Risk
1701,96.0,3,6860.0,640.0,1,0.795,High Risk
1702,120.0,3,6868.0,651.0,1,0.975,High Risk
1703,113.0,3,6911.0,650.0,1,0.94,High Risk
1704,117.0,3,6891.0,664.0,1,0.86,High Risk
1705,107.0,3,217.0,173.0,1,0.57,Medium Risk
1706,102.0,3,6854.0,669.0,1,0.835,High Risk
1707,102.0,3,6851.0,656.0,1,0.995,High Risk
1708,290.0,2,5948.0,767.0,1,0.925,High Risk
1709,91.0,2,84.0,360.0,1,0.6867,Medium Risk
1710,279.0,2,5933.0,782.0,1,0.58,Medium Risk
1711,186.0,2,4774.0,317.0,1,1.0,High Risk
1712,85.0,2,5963.0,826.0,0,0.13,Low Risk
1713,125.0,2,4441.0,475.0,1,0.995,High Risk
1714,95.0,2,4441.0,474.0,1,0.995,High Risk
1715,193.0,1,50.0,193.0,1,1.0,High Risk
1716,178.0,3,74.0,322.0,1,0.72,High Risk
1717,350.0,1,79.0,350.0,1,1.0,High Risk
1718,83.0,2,5883.0,830.0,0,0.73,High Risk
1719,77.0,1,104.0,77.0,0,0.0,Low Risk
1720,202.0,1,15.0,202.0,1,1.0,High Risk
1721,230.0,1,50.0,230.0,1,1.0,High Risk
1722,269.0,1,15.0,269.0,1,1.0,High Risk
1723,297.0,1,39.0,297.0,1,1.0,High Risk
1724,335.0,1,69.0,335.0,1,1.0,High Risk
1725,361.0,1,15.0,361.0,1,1.0,High Risk
1726,163.0,1,127.0,163.0,1,1.0,High Risk
1727,178.0,1,99.0,178.0,1,1.0,High Risk
1728,217.0,1,15.0,217.0,1,1.0,High Risk
1729,296.0,1,60.0,296.0,1,1.0,High Risk
1730,175.0,2,45.0,244.0,1,0.66,Medium Risk
1731,37.0,2,65.0,159.0,0,0.34,Low Risk
1732,134.0,1,60.0,134.0,1,1.0,High Risk
1733,159.0,1,15.0,159.0,1,1.0,High Risk
1734,144.0,2,43.0,293.0,1,0.765,High Risk
1735,128.0,1,50.0,128.0,1,1.0,High Risk
1736,115.0,2,4404.0,477.0,1,0.975,High Risk
1737,114.0,2,4460.0,477.0,1,1.0,High Risk
1738,296.0,1,45.0,296.0,1,1.0,High Risk
1739,265.0,3,4956.0,475.0,1,0.76,High Risk
1740,214.0,1,35.0,214.0,1,1.0,High Risk
1741,28.0,2,114.0,35.0,0,0.0,Low Risk
1742,293.0,1,40.0,293.0,1,1.0,High Risk
1743,235.0,3,5148.0,431.0,1,0.695,Medium Risk
1744,103.0,1,70.0,103.0,1,1.0,High Risk
1745,152.0,1,72.0,152.0,1,1.0,High Risk
1746,35.0,3,5199.0,472.0,0,0.01,Low Risk
1747,90.0,2,105.0,188.0,0,0.07,Low Risk
1748,110.0,2,4384.0,427.0,1,0.68,Medium Risk
1749,182.0,1,50.0,182.0,1,1.0,High Risk
1750,86.0,2,5915.0,824.0,0,0.085,Low Risk
1751,92.0,3,6492.0,841.0,1,0.77,High Risk
1752,50.0,1,84.0,50.0,0,0.0,Low Risk
1753,133.0,3,156.0,206.0,1,0.515,Medium Risk
1754,224.0,2,171.0,330.0,1,0.356,Low Risk
1755,117.0,3,6503.0,845.0,1,0.705,High Risk
1756,178.0,2,5999.0,777.0,1,0.95,High Risk
1757,176.0,2,5908.0,772.0,1,0.305,Low Risk
1758,300.0,1,107.0,300.0,1,1.0,High Risk
1759,247.0,1,75.0,247.0,1,1.0,High Risk
1760,216.0,1,22.0,216.0,1,1.0,High Risk
1761,232.0,4,273.0,312.0,1,0.685,Medium Risk
1762,172.0,2,5929.0,767.0,1,0.48,Medium Risk
1763,32.0,2,5933.0,768.0,0,0.11,Low Risk
1764,239.0,1,590.0,239.0,1,1.0,High Risk
1765,299.0,2,4347.0,774.0,1,0.705,High Risk
1766,316.0,1,1751.0,316.0,1,1.0,High Risk
1767,237.0,2,4417.0,769.0,1,0.545,Medium Risk
1768,158.0,1,35.0,158.0,1,1.0,High Risk
1769,194.0,2,4426.0,778.0,1,0.71,High Risk
1770,172.0,2,5948.0,767.0,1,0.925,High Risk
1771,164.0,2,5943.0,772.0,1,0.925,High Risk
1772,174.0,2,5908.0,781.0,1,0.925,High Risk
1773,161.0,2,5913.0,783.0,1,0.905,High Risk
1774,172.0,2,5908.0,763.0,1,0.895,High Risk
1775,155.0,2,5943.0,770.0,1,0.97,High Risk
1776,234.0,1,22.0,234.0,1,1.0,High Risk
1777,7.0,2,86.0,308.0,0,0.055,Low Risk
1778,176.0,2,5900.0,783.0,1,0.835,High Risk
1779,39.0,1,46.0,39.0,0,0.0,Low Risk
1780,159.0,2,5980.0,789.0,1,0.985,High Risk
1781,133.0,2,5940.0,769.0,1,0.88,High Risk
1782,224.0,1,2330.0,224.0,1,1.0,High Risk
1783,210.0,1,2401.0,210.0,1,1.0,High Risk
1784,183.0,1,2421.0,183.0,1,1.0,High Risk
1785,144.0,2,5985.0,771.0,1,0.84,High Risk
1786,184.0,1,2295.0,184.0,1,1.0,High Risk
1787,78.0,1,22.0,78.0,0,0.0,Low Risk
1788,125.0,2,53.0,261.0,1,0.825,High Risk
1789,207.0,1,57.0,207.0,1,1.0,High Risk
1790,123.0,2,5980.0,767.0,1,0.79,High Risk
1791,46.0,1,24.0,46.0,0,0.0,Low Risk
1792,340.0,1,30.0,340.0,1,1.0,High Risk
1793,22.0,1,77.0,22.0,0,0.0,Low Risk
1794,343.0,1,121.0,343.0,1,1.0,High Risk
1795,155.0,1,22.0,155.0,1,1.0,High Risk
1796,26.0,4,228.0,359.0,0,0.195,Low Risk
1797,299.0,1,72.0,299.0,1,1.0,High Risk
1798,219.0,1,57.0,219.0,1,1.0,High Risk
1799,326.0,1,15.0,326.0,1,1.0,High Risk
1800,220.0,1,40.0,220.0,1,1.0,High Risk
1801,161.0,1,40.0,161.0,1,1.0,High Risk
1802,4.0,1,29.0,4.0,0,0.0,Low Risk
1803,16.0,1,40.0,16.0,0,0.0,Low Risk
1804,13.0,2,144.0,267.0,0,0.06,Low Risk
1805,66.0,2,5948.0,848.0,0,0.13,Low Risk
1806,114.0,3,6522.0,827.0,1,0.79,High Risk
1807,232.0,3,4956.0,436.0,1,0.87,High Risk
1808,200.0,3,5024.0,445.0,1,0.9,High Risk
1809,32.0,3,5111.0,477.0,0,0.06,Low Risk
1810,266.0,1,40.0,266.0,1,1.0,High Risk
1811,58.0,1,7.0,58.0,0,0.0,Low Risk
1812,95.0,1,5.0,95.0,1,1.0,High Risk
1813,257.0,1,50.0,257.0,1,1.0,High Risk
1814,66.0,2,4367.0,452.0,0,0.165,Low Risk
1815,275.0,1,29.0,275.0,1,1.0,High Risk
1816,94.0,1,7.0,94.0,1,1.0,High Risk
1817,75.0,2,4494.0,435.0,0,0.14,Low Risk
1818,81.0,2,5922.0,796.0,0,0.09,Low Risk
1819,62.0,1,72.0,62.0,0,0.0,Low Risk
1820,91.0,2,5948.0,815.0,1,1.0,High Risk
1821,91.0,2,5908.0,807.0,1,0.88,High Risk
1822,47.0,2,125.0,237.0,0,0.08,Low Risk
1823,63.0,1,76.0,63.0,0,0.0,Low Risk
1824,35.0,1,39.0,35.0,0,0.0,Low Risk
1825,49.0,1,45.0,49.0,0,0.0,Low Risk
1826,68.0,2,4419.0,439.0,0,0.19,Low Risk
1827,73.0,2,4428.0,437.0,0,0.08,Low Risk
1828,77.0,2,4461.0,416.0,0,0.02,Low Risk
1829,316.0,1,55.0,316.0,1,1.0,High Risk
1830,63.0,2,4406.0,416.0,0,0.01,Low Risk
1831,32.0,2,5915.0,810.0,0,0.09,Low Risk
1832,74.0,1,40.0,74.0,0,0.0,Low Risk
1833,311.0,1,40.0,311.0,1,1.0,High Risk
1834,87.0,2,4359.0,400.0,0,0.0,Low Risk
1835,57.0,2,5898.0,802.0,0,0.09,Low Risk
1836,240.0,1,40.0,240.0,1,1.0,High Risk
1837,63.0,2,68.0,232.0,0,0.115,Low Risk
1838,352.0,1,5.0,352.0,1,1.0,High Risk
1839,304.0,1,37.0,304.0,1,1.0,High Risk
1840,233.0,2,4392.0,475.0,1,0.995,High Risk
1841,336.0,1,40.0,336.0,1,1.0,High Risk
1842,41.0,2,5933.0,794.0,0,0.14,Low Risk
1843,125.0,1,33.0,125.0,1,1.0,High Risk
1844,55.0,2,6018.0,806.0,0,0.095,Low Risk
1845,309.0,1,57.0,309.0,1,1.0,High Risk
1846,251.0,1,76.0,251.0,1,1.0,High Risk
1847,71.0,2,4460.0,403.0,0,0.0,Low Risk
1848,216.0,1,25.0,216.0,1,1.0,High Risk
1849,244.0,1,74.0,244.0,1,1.0,High Risk
1850,37.0,2,5888.0,809.0,0,0.09,Low Risk
1851,91.0,2,4406.0,397.0,1,0.48,Medium Risk
1852,63.0,1,72.0,63.0,0,0.0,Low Risk
1853,85.0,2,4411.0,419.0,0,0.015,Low Risk
1854,215.0,2,4354.0,470.0,1,0.97,High Risk
1855,237.0,2,4367.0,484.0,1,0.975,High Risk
1856,231.0,2,4414.0,479.0,1,0.965,High Risk
1857,229.0,2,4460.0,480.0,1,1.0,High Risk
1858,213.0,2,4384.0,486.0,1,1.0,High Risk
1859,70.0,2,4393.0,408.0,0,0.02,Low Risk
1860,104.0,3,5666.0,483.0,1,0.87,High Risk
1861,187.0,2,4464.0,438.0,1,0.935,High Risk
1862,205.0,2,4394.0,435.0,1,0.835,High Risk
1863,114.0,1,118.0,114.0,1,1.0,High Risk
1864,60.0,2,4478.0,416.0,0,0.04,Low Risk
1865,45.0,2,86.0,337.0,0,0.1325,Low Risk
1866,274.0,2,114.0,298.0,1,0.515,Medium Risk
1867,45.0,2,5883.0,809.0,0,0.06,Low Risk
1868,40.0,2,4366.0,413.0,0,0.005,Low Risk
1869,315.0,1,33.0,315.0,1,1.0,High Risk
1870,349.0,1,33.0,349.0,1,1.0,High Risk
1871,46.0,1,49.0,46.0,0,0.0,Low Risk
1872,7.0,2,49.0,80.0,0,0.0,Low Risk
1873,61.0,1,49.0,61.0,0,0.0,Low Risk
1874,103.0,3,5676.0,448.0,1,0.695,Medium Risk
1875,115.0,3,5638.0,441.0,1,0.47,Medium Risk
1876,47.0,1,81.0,47.0,0,0.0,Low Risk
1877,16.0,1,37.0,16.0,0,0.0,Low Risk
1878,229.0,1,30.0,229.0,1,1.0,High Risk
1879,339.0,1,46.0,339.0,1,1.0,High Risk
1880,37.0,1,37.0,37.0,0,0.0,Low Risk
1881,102.0,4,200.0,260.0,1,0.52,Medium Risk
1882,142.0,2,5908.0,774.0,1,0.785,High Risk
1883,139.0,2,5930.0,772.0,1,0.575,Medium Risk
1884,127.0,2,5875.0,777.0,1,0.955,High Risk
1885,134.0,2,5900.0,786.0,1,0.925,High Risk
1886,125.0,2,5948.0,780.0,1,1.0,High Risk
1887,134.0,2,5965.0,773.0,1,0.83,High Risk
1888,100.0,1,22.0,100.0,1,1.0,High Risk
1889,107.0,1,96.0,107.0,1,1.0,High Risk
1890,119.0,1,22.0,119.0,1,1.0,High Risk
1891,23.0,1,72.0,23.0,0,0.0,Low Risk
1892,42.0,1,22.0,42.0,0,0.0,Low Risk
1893,60.0,4,419.0,348.0,0,0.035,Low Risk
1894,45.0,2,49.0,191.0,0,0.08,Low Risk
1895,124.0,2,49.0,197.0,1,0.65,Medium Risk
1896,57.0,4,336.0,346.0,0,0.035,Low Risk
1897,304.0,1,45.0,304.0,1,1.0,High Risk
1898,145.0,1,107.0,145.0,1,1.0,High Risk
1899,140.0,2,5959.0,780.0,1,1.0,High Risk
1900,42.0,1,96.0,42.0,0,0.0,Low Risk
1901,70.0,1,22.0,70.0,0,0.0,Low Risk
1902,150.0,2,5917.0,785.0,1,0.795,High Risk
1903,189.0,1,2330.0,189.0,1,1.0,High Risk
1904,204.0,1,2332.0,204.0,1,1.0,High Risk
1905,149.0,2,5915.0,768.0,1,0.67,Medium Risk
1906,167.0,1,72.0,167.0,1,1.0,High Risk
1907,346.0,1,22.0,346.0,1,1.0,High Risk
1908,315.0,1,142.0,315.0,1,1.0,High Risk
1909,328.0,1,86.0,328.0,1,1.0,High Risk
1910,102.0,1,72.0,102.0,1,1.0,High Risk
1911,114.0,1,57.0,114.0,1,1.0,High Risk
1912,22.0,1,31.0,22.0,0,0.0,Low Risk
1913,96.0,2,5898.0,763.0,1,0.96,High Risk
1914,96.0,2,5922.0,765.0,1,0.805,High Risk
1915,206.0,1,2330.0,206.0,1,1.0,High Risk
1916,110.0,2,5896.0,780.0,1,0.725,High Risk
1917,52.0,4,261.0,263.0,0,0.055,Low Risk
1918,284.0,2,5898.0,769.0,1,0.775,High Risk
1919,291.0,2,4763.0,756.0,1,0.955,High Risk
1920,82.0,4,257.0,350.0,0,0.465,Medium Risk
1921,140.0,2,106.0,225.0,1,0.935,High Risk
1922,100.0,2,4803.0,735.0,1,0.935,High Risk
1923,93.0,2,4514.0,742.0,1,0.815,High Risk
1924,118.0,2,4487.0,743.0,1,0.93,High Risk
1925,88.0,1,91.0,88.0,0,0.0,Low Risk
1926,319.0,1,22.0,319.0,1,1.0,High Risk
1927,299.0,2,4795.0,737.0,1,0.845,High Risk
1928,189.0,2,108.0,276.0,1,0.705,High Risk
1929,86.0,4,247.0,315.0,0,0.0,Low Risk
1930,276.0,2,4820.0,759.0,1,0.905,High Risk
1931,281.0,2,4514.0,748.0,1,0.235,Low Risk
1932,193.0,2,156.0,358.0,1,0.93,High Risk
1933,93.0,2,49.0,277.0,1,0.835,High Risk
1934,213.0,2,143.0,220.0,1,0.495,Medium Risk
1935,293.0,2,4552.0,752.0,1,0.64,Medium Risk
1936,282.0,2,4794.0,740.0,1,0.965,High Risk
1937,100.0,4,265.0,125.0,1,0.51,Medium Risk
1938,177.0,1,76.0,177.0,1,0.995,High Risk
1939,343.0,1,81.0,343.0,1,1.0,High Risk
1940,1.0,4,238.0,312.0,0,0.015,Low Risk
1941,97.0,2,108.0,230.0,1,0.925,High Risk
1942,300.0,2,4818.0,745.0,1,0.855,High Risk
1943,290.0,2,4502.0,749.0,1,0.165,Low Risk
1944,12.0,2,106.0,278.0,0,0.13,Low Risk
1945,146.0,4,164.0,308.0,1,0.51,Medium Risk
1946,3.0,4,322.0,256.0,0,0.025,Low Risk
1947,133.0,1,81.0,133.0,1,1.0,High Risk
1948,94.0,2,4508.0,760.0,1,0.075,Low Risk
1949,348.0,1,77.0,348.0,1,1.0,High Risk
1950,116.0,2,4559.0,749.0,1,0.84,High Risk
1951,98.0,2,4760.0,733.0,1,0.93,High Risk
1952,305.0,1,31.0,305.0,1,1.0,High Risk
1953,168.0,1,37.0,168.0,1,1.0,High Risk
1954,285.0,1,81.0,285.0,1,1.0,High Risk
1955,227.0,2,51.0,255.0,1,0.875,High Risk
1956,15.0,2,84.0,71.0,0,0.0,Low Risk
1957,94.0,2,108.0,213.0,1,0.275,Low Risk
1958,32.0,2,44.0,258.0,0,0.11,Low Risk
1959,82.0,2,208.0,128.0,0,0.015,Low Risk
1960,30.0,4,204.0,203.0,0,0.0,Low Risk
1961,246.0,2,51.0,297.0,1,0.805,High Risk
1962,11.0,2,84.0,85.0,0,0.0,Low Risk
1963,75.0,2,84.0,95.0,0,0.0,Low Risk
1964,32.0,2,108.0,51.0,0,0.0,Low Risk
1965,73.0,4,120.0,290.0,0,0.065,Low Risk
1966,358.0,1,57.0,358.0,1,1.0,High Risk
1967,207.0,1,107.0,207.0,1,1.0,High Risk
1968,233.0,1,22.0,233.0,1,1.0,High Risk
1969,66.0,1,22.0,66.0,0,0.0,Low Risk
1970,108.0,4,180.0,258.0,1,0.61,Medium Risk
1971,98.0,4,471.0,273.0,1,0.45,Medium Risk
1972,201.0,1,22.0,201.0,1,1.0,High Risk
1973,84.0,4,175.0,252.0,0,0.07,Low Risk
1974,35.0,2,84.0,96.0,0,0.0,Low Risk
1975,13.0,1,57.0,13.0,0,0.0,Low Risk
1976,108.0,2,4619.0,749.0,1,0.95,High Risk
1977,148.0,1,22.0,148.0,1,1.0,High Risk
1978,328.0,1,72.0,328.0,1,1.0,High Risk
1979,207.0,1,50.0,207.0,1,1.0,High Risk
1980,342.0,1,181.0,342.0,1,0.995,High Risk
1981,299.0,2,4553.0,754.0,1,0.65,Medium Risk
1982,278.0,2,4809.0,739.0,1,1.0,High Risk
1983,117.0,2,58.0,151.0,1,0.135,Low Risk
1984,331.0,1,101.0,331.0,1,1.0,High Risk
1985,91.0,4,200.0,359.0,1,0.085,Low Risk
1986,189.0,2,44.0,193.0,1,0.76,High Risk
1987,210.0,2,4823.0,328.0,1,0.99,High Risk
1988,106.0,3,6759.0,652.0,1,0.865,High Risk
1989,99.0,3,6915.0,668.0,1,0.92,High Risk
1990,114.0,3,6817.0,668.0,1,0.805,High Risk
1991,119.0,3,6829.0,651.0,1,0.89,High Risk
1992,133.0,3,5642.0,651.0,1,0.83,High Risk
1993,173.0,3,158.0,311.0,1,0.57,Medium Risk
1994,245.0,3,96.0,298.0,1,0.685,Medium Risk
1995,112.0,3,6855.0,641.0,1,0.825,High Risk
1996,94.0,3,6850.0,652.0,1,0.995,High Risk
1997,118.0,3,6808.0,647.0,1,0.815,High Risk
1998,81.0,3,118.0,207.0,0,0.245,Low Risk
1999,145.0,3,5695.0,668.0,1,0.915,High Risk
2000,101.0,3,6840.0,646.0,1,0.81,High Risk
2001,97.0,3,6799.0,659.0,1,0.86,High Risk
2002,111.0,3,6799.0,645.0,1,0.75,High Risk
2003,69.0,3,295.0,337.0,0,0.0,Low Risk
2004,198.0,3,230.0,323.0,1,0.05,Low Risk
2005,144.0,3,190.0,220.0,1,0.135,Low Risk
2006,5.0,3,387.0,166.0,0,0.035,Low Risk
2007,121.0,3,6762.0,645.0,1,0.58,Medium Risk
2008,100.0,3,5671.0,663.0,1,0.88,High Risk
2009,42.0,3,125.0,164.0,0,0.075,Low Risk
2010,38.0,3,168.0,133.0,0,0.01,Low Risk
2011,108.0,3,5716.0,641.0,1,0.59,Medium Risk
2012,115.0,3,6819.0,649.0,1,0.945,High Risk
2013,102.0,3,7017.0,649.0,1,0.99,High Risk
2014,86.0,3,256.0,123.0,0,0.005,Low Risk
2015,18.0,2,195.0,267.0,0,0.065,Low Risk
2016,265.0,2,155.0,365.0,1,0.805,High Risk
2017,279.0,2,4813.0,748.0,1,0.945,High Risk
2018,162.0,1,42.0,162.0,1,1.0,High Risk
2019,75.0,2,2642.0,669.0,0,0.025,Low Risk
2020,103.0,2,4835.0,747.0,1,0.97,High Risk
2021,43.0,2,2589.0,667.0,0,0.555,Medium Risk
2022,53.0,2,2668.0,651.0,0,0.04,Low Risk
2023,50.0,2,2644.0,668.0,0,0.03,Low Risk
2024,29.0,2,89.0,143.0,0,0.335,Low Risk
2025,58.0,2,2665.0,652.0,0,0.01,Low Risk
2026,34.0,2,2690.0,657.0,0,0.055,Low Risk
2027,53.0,2,156.0,215.0,0,0.2,Low Risk
2028,170.0,1,2319.0,170.0,1,1.0,High Risk
2029,37.0,1,49.0,37.0,0,0.0,Low Risk
2030,199.0,2,2961.0,739.0,1,0.995,High Risk
2031,141.0,1,77.0,141.0,1,0.995,High Risk
2032,309.0,1,22.0,309.0,1,1.0,High Risk
2033,298.0,2,4740.0,759.0,1,0.88,High Risk
2034,11.0,1,46.0,11.0,0,0.0,Low Risk
2035,141.0,2,94.0,235.0,1,0.125,Low Risk
2036,58.0,2,2638.0,647.0,0,0.295,Low Risk
2037,55.0,2,2677.0,660.0,0,0.005,Low Risk
2038,79.0,2,60.0,275.0,0,0.06,Low Risk
2039,102.0,3,5581.0,657.0,1,0.79,High Risk
2040,137.0,2,3282.0,759.0,1,0.875,High Risk
2041,11.0,2,95.0,69.0,0,0.0,Low Risk
2042,223.0,2,154.0,299.0,1,0.25,Low Risk
2043,98.0,2,84.0,250.0,1,0.585,Medium Risk
2044,129.0,2,176.0,292.0,1,0.825,High Risk
2045,75.0,2,60.0,188.0,0,0.12,Low Risk
2046,195.0,2,62.0,293.0,1,0.675,Medium Risk
2047,210.0,2,65.0,315.0,1,0.845,High Risk
2048,131.0,3,242.0,156.0,1,0.47,Medium Risk
2049,83.0,3,190.0,245.0,0,0.125,Low Risk
2050,85.0,3,5647.0,646.0,0,0.08,Low Risk
2051,83.0,3,5651.0,649.0,0,0.555,Medium Risk
2052,95.0,3,6831.0,657.0,1,0.945,High Risk
2053,268.0,1,31.0,268.0,1,1.0,High Risk
2054,327.0,1,77.0,327.0,1,1.0,High Risk
2055,47.0,1,76.0,47.0,0,0.0,Low Risk
2056,144.0,2,3084.0,746.0,1,0.98,High Risk
2057,109.0,2,3291.0,753.0,1,0.53,Medium Risk
2058,84.0,2,3341.0,753.0,0,0.01,Low Risk
2059,373.0,2,3032.0,742.0,1,0.995,High Risk
2060,394.0,2,3089.0,758.0,1,0.92,High Risk
2061,354.0,2,2808.0,755.0,1,0.99,High Risk
2062,144.0,1,46.0,144.0,1,1.0,High Risk
2063,99.0,2,4501.0,761.0,1,0.48,Medium Risk
2064,93.0,2,4773.0,751.0,1,0.86,High Risk
2065,120.0,2,4580.0,740.0,1,0.785,High Risk
2066,235.0,1,1701.0,235.0,1,1.0,High Risk
2067,316.0,2,3033.0,743.0,1,0.995,High Risk
2068,274.0,2,3059.0,740.0,1,1.0,High Risk
2069,297.0,2,2816.0,750.0,1,0.925,High Risk
2070,297.0,2,2732.0,745.0,1,0.99,High Risk
2071,316.0,1,57.0,316.0,1,1.0,High Risk
2072,28.0,4,144.0,245.0,0,0.02,Low Risk
2073,21.0,2,155.0,213.0,0,0.03,Low Risk
2074,83.0,1,22.0,83.0,0,0.0,Low Risk
2075,271.0,1,57.0,271.0,1,1.0,High Risk
2076,102.0,3,6843.0,647.0,1,0.935,High Risk
2077,104.0,3,6862.0,647.0,1,0.955,High Risk
2078,79.0,3,6766.0,646.0,0,0.095,Low Risk
2079,75.0,3,6850.0,662.0,0,0.96,High Risk
2080,88.0,3,6752.0,644.0,0,0.105,Low Risk
2081,87.0,3,6844.0,633.0,0,0.105,Low Risk
2082,72.0,3,6772.0,611.0,0,0.06,Low Risk
2083,78.0,3,6906.0,631.0,0,0.135,Low Risk
2084,279.0,2,4533.0,748.0,1,0.71,High Risk
2085,233.0,1,1799.0,233.0,1,0.99,High Risk
2086,233.0,2,3089.0,758.0,1,0.92,High Risk
2087,121.0,2,4805.0,735.0,1,0.935,High Risk
2088,98.0,2,4803.0,733.0,1,0.93,High Risk
2089,116.0,2,4760.0,731.0,1,0.91,High Risk
2090,77.0,3,6800.0,619.0,0,0.105,Low Risk
2091,71.0,3,6812.0,585.0,0,0.02,Low Risk
2092,88.0,3,6864.0,583.0,0,0.01,Low Risk
2093,65.0,2,232.0,336.0,0,0.051,Low Risk
2094,280.0,2,4778.0,757.0,1,0.88,High Risk
2095,19.0,1,57.0,19.0,0,0.0,Low Risk
2096,37.0,4,329.0,353.0,0,0.05,Low Risk
2097,20.0,4,231.0,105.0,0,0.0,Low Risk
2098,295.0,1,22.0,295.0,1,1.0,High Risk
2099,265.0,1,72.0,265.0,1,1.0,High Risk
2100,106.0,2,217.0,270.0,1,0.665,Medium Risk
2101,286.0,1,2377.0,286.0,1,1.0,High Risk
2102,194.0,2,4736.0,300.0,1,1.0,High Risk
2103,295.0,1,2387.0,295.0,1,1.0,High Risk
2104,66.0,3,6842.0,581.0,0,0.19,Low Risk
2105,64.0,3,6894.0,597.0,0,0.05,Low Risk
2106,88.0,3,5585.0,597.0,0,0.05,Low Risk
2107,76.0,3,5697.0,591.0,0,0.13,Low Risk
2108,68.0,3,5651.0,604.0,0,0.035,Low Risk
2109,45.0,3,5718.0,589.0,0,0.005,Low Risk
2110,50.0,3,5683.0,589.0,0,0.01,Low Risk
2111,54.0,3,5584.0,603.0,0,0.075,Low Risk
2112,53.0,3,5707.0,578.0,0,0.015,Low Risk
2113,47.0,3,5717.0,597.0,0,0.025,Low Risk
2114,85.0,3,6832.0,592.0,0,0.095,Low Risk
2115,66.0,3,6807.0,607.0,0,0.4,Medium Risk
2116,85.0,3,6779.0,581.0,0,0.065,Low Risk
2117,70.0,3,230.0,320.0,0,0.005,Low Risk
2118,80.0,3,6831.0,605.0,0,0.005,Low Risk
2119,36.0,3,5670.0,585.0,0,0.025,Low Risk
2120,65.0,3,6829.0,596.0,0,0.035,Low Risk
2121,33.0,3,205.0,349.0,0,0.105,Low Risk
2122,144.0,3,121.0,297.0,1,0.115,Low Risk
2123,62.0,3,6871.0,595.0,0,0.0,Low Risk
2124,91.0,3,6765.0,593.0,1,0.675,Medium Risk
2125,26.0,3,92.0,90.0,0,0.0,Low Risk
2126,39.0,3,138.0,254.0,0,0.035,Low Risk
2127,66.0,3,6815.0,600.0,0,0.1,Low Risk
2128,119.0,3,86.0,223.0,1,0.575,Medium Risk
2129,90.0,3,6817.0,578.0,0,0.0,Low Risk
2130,70.0,3,6823.0,589.0,0,0.04,Low Risk
2131,70.0,3,6797.0,582.0,0,0.48,Medium Risk
2132,66.0,3,6737.0,584.0,0,0.025,Low Risk
2133,80.0,3,6881.0,599.0,0,0.08,Low Risk
2134,91.0,3,6813.0,593.0,1,0.57,Medium Risk
2135,51.0,3,5649.0,590.0,0,0.015,Low Risk
2136,72.0,3,6773.0,599.0,0,0.34,Low Risk
2137,112.0,2,62.0,220.0,1,0.555,Medium Risk
2138,223.0,3,178.0,308.0,1,0.535,Medium Risk
2139,183.0,3,84.0,360.0,1,0.92,High Risk
2140,68.0,3,6854.0,598.0,0,0.0,Low Risk
2141,8.0,3,325.0,189.0,0,0.05,Low Risk
2142,64.0,3,240.0,105.0,0,0.055,Low Risk
2143,98.0,2,4798.0,759.0,1,0.97,High Risk
2144,179.0,1,2405.0,179.0,1,0.995,High Risk
2145,144.0,4,281.0,328.0,1,0.595,Medium Risk
2146,85.0,1,2337.0,85.0,0,0.0,Low Risk
2147,255.0,1,31.0,255.0,1,1.0,High Risk
2148,236.0,1,75.0,236.0,1,1.0,High Risk
2149,316.0,1,1137.0,316.0,1,1.0,High Risk
2150,61.0,2,65.0,296.0,0,0.165,Low Risk
2151,176.0,2,89.0,210.0,1,0.74,High Risk
2152,55.0,1,92.0,55.0,0,0.0,Low Risk
2153,80.0,2,4583.0,745.0,0,0.08,Low Risk
2154,350.0,1,107.0,350.0,1,1.0,High Risk
2155,84.0,1,2310.0,84.0,0,0.0,Low Risk
2156,33.0,3,227.0,321.0,0,0.005,Low Risk
2157,32.0,2,2663.0,589.0,0,0.37,Low Risk
2158,22.0,2,60.0,151.0,0,0.02,Low Risk
2159,99.0,3,222.0,357.0,1,0.795,High Risk
2160,44.0,3,208.0,185.0,0,0.545,Medium Risk
2161,69.0,3,6839.0,583.0,0,0.01,Low Risk
2162,69.0,2,4524.0,750.0,0,0.08,Low Risk
2163,196.0,1,86.0,196.0,1,0.995,High Risk
2164,243.0,1,31.0,243.0,1,1.0,High Risk
2165,212.0,1,101.0,212.0,1,1.0,High Risk
2166,79.0,2,4502.0,745.0,0,0.075,Low Risk
2167,312.0,1,72.0,312.0,1,1.0,High Risk
2168,83.0,1,42.0,83.0,0,0.0,Low Risk
2169,124.0,1,75.0,124.0,1,1.0,High Risk
2170,105.0,2,192.0,237.0,1,0.595,Medium Risk
2171,279.0,2,231.0,306.0,1,0.755,High Risk
2172,236.0,2,192.0,363.0,1,0.84,High Risk
2173,20.0,2,144.0,114.0,0,0.0,Low Risk
2174,284.0,2,4598.0,750.0,1,0.765,High Risk
2175,294.0,2,4559.0,742.0,1,0.89,High Risk
2176,1.0,4,287.0,217.0,0,0.015,Low Risk
2177,282.0,2,4753.0,731.0,1,0.865,High Risk
2178,282.0,2,4499.0,732.0,1,0.86,High Risk
2179,287.0,2,4499.0,749.0,1,0.705,High Risk
2180,46.0,4,190.0,288.0,0,0.01,Low Risk
2181,155.0,2,201.0,259.0,1,0.68,Medium Risk
2182,87.0,2,186.0,317.0,0,0.14,Low Risk
2183,53.0,2,166.0,128.0,0,0.025,Low Risk
2184,306.0,2,196.0,322.0,1,0.85,High Risk
2185,56.0,2,221.0,103.0,0,0.0,Low Risk
2186,191.0,4,150.0,317.0,1,0.045,Low Risk
2187,264.0,1,22.0,264.0,1,1.0,High Risk
2188,273.0,1,30.0,273.0,1,1.0,High Risk
2189,108.0,1,57.0,108.0,1,1.0,High Risk
2190,289.0,2,4765.0,739.0,1,0.925,High Risk
2191,274.0,2,4502.0,749.0,1,0.165,Low Risk
2192,151.0,1,46.0,151.0,1,1.0,High Risk
2193,80.0,1,57.0,80.0,0,0.0,Low Risk
2194,206.0,1,72.0,206.0,1,1.0,High Risk
2195,131.0,1,57.0,131.0,1,1.0,High Risk
2196,294.0,1,72.0,294.0,1,1.0,High Risk
2197,112.0,1,57.0,112.0,1,1.0,High Risk
2198,79.0,3,105.0,296.0,0,0.06,Low Risk
2199,122.0,3,115.0,339.0,1,0.675,Medium Risk
2200,113.0,3,105.0,365.0,1,0.885,High Risk
2201,79.0,1,24.0,79.0,0,0.0,Low Risk
2202,53.0,3,73.0,196.0,0,0.03,Low Risk
2203,298.0,2,4559.0,751.0,1,0.775,High Risk
2204,297.0,2,4492.0,731.0,1,0.79,High Risk
2205,85.0,1,142.0,85.0,0,0.0,Low Risk
2206,282.0,2,4803.0,740.0,1,1.0,High Risk
2207,148.0,3,163.0,345.0,1,0.655,Medium Risk
2208,114.0,1,86.0,114.0,1,1.0,High Risk
2209,292.0,2,4813.0,759.0,1,0.91,High Risk
2210,150.0,1,2320.0,150.0,1,1.0,High Risk
2211,79.0,2,4502.0,759.0,0,0.045,Low Risk
2212,9.0,1,31.0,9.0,0,0.0,Low Risk
2213,81.0,2,4565.0,732.0,0,0.145,Low Risk
2214,326.0,1,22.0,326.0,1,1.0,High Risk
2215,81.0,2,4502.0,748.0,0,0.045,Low Risk
2216,169.0,1,72.0,169.0,1,0.995,High Risk
2217,265.0,1,96.0,265.0,1,1.0,High Risk
2218,133.0,1,2352.0,133.0,1,1.0,High Risk
2219,87.0,1,86.0,87.0,0,0.0,Low Risk
2220,115.0,1,22.0,115.0,1,1.0,High Risk
2221,302.0,2,4683.0,759.0,1,0.795,High Risk
2222,279.0,2,4795.0,741.0,1,0.98,High Risk
2223,83.0,3,150.0,312.0,0,0.11,Low Risk
2224,95.0,1,57.0,95.0,1,1.0,High Risk
2225,250.0,2,4536.0,737.0,1,0.915,High Risk
2226,61.0,2,4504.0,750.0,0,0.0,Low Risk
2227,64.0,2,4565.0,755.0,0,0.61,Medium Risk
2228,289.0,1,72.0,289.0,1,1.0,High Risk
2229,186.0,1,57.0,186.0,1,1.0,High Risk
2230,209.0,1,22.0,209.0,1,1.0,High Risk
2231,264.0,2,4905.0,745.0,1,0.965,High Risk
2232,133.0,4,248.0,279.0,1,0.035,Low Risk
2233,143.0,1,22.0,143.0,1,1.0,High Risk
2234,86.0,2,4588.0,709.0,0,0.855,High Risk
2235,362.0,1,37.0,362.0,1,1.0,High Risk
2236,344.0,1,57.0,344.0,1,1.0,High Risk
2237,100.0,1,22.0,100.0,1,1.0,High Risk
2238,272.0,2,4517.0,712.0,1,0.46,Medium Risk
2239,245.0,2,4512.0,722.0,1,0.79,High Risk
2240,38.0,4,185.0,249.0,0,0.02,Low Risk
2241,150.0,1,22.0,150.0,1,1.0,High Risk
2242,146.0,1,2326.0,146.0,1,1.0,High Risk
2243,111.0,1,57.0,111.0,1,1.0,High Risk
2244,246.0,2,4512.0,723.0,1,0.855,High Risk
2245,110.0,1,81.0,110.0,1,1.0,High Risk
2246,205.0,1,46.0,205.0,1,1.0,High Risk
2247,67.0,2,4813.0,730.0,0,0.615,Medium Risk
2248,72.0,2,4549.0,715.0,0,0.055,Low Risk
2249,83.0,2,4492.0,729.0,0,0.125,Low Risk
2250,191.0,2,4795.0,293.0,1,0.995,High Risk
2251,267.0,2,4502.0,708.0,1,0.865,High Risk
2252,266.0,3,6844.0,453.0,1,0.7,High Risk
2253,255.0,3,6820.0,444.0,1,0.64,Medium Risk
2254,246.0,3,6774.0,452.0,1,0.845,High Risk
2255,257.0,3,6801.0,413.0,1,0.835,High Risk
2256,57.0,4,7393.0,422.0,0,0.0,Low Risk
2257,34.0,4,7494.0,411.0,0,0.02,Low Risk
2258,53.0,4,8941.0,1111.0,0,0.25,Low Risk
2259,45.0,4,8886.0,1119.0,0,0.085,Low Risk
2260,71.0,4,7853.0,1101.0,0,0.105,Low Risk
2261,168.0,4,7239.0,1107.0,1,0.48,Medium Risk
2262,120.0,4,7200.0,1116.0,1,0.535,Medium Risk
2263,125.0,2,87.0,312.0,1,0.34,Low Risk
2264,206.0,4,10871.0,807.0,1,0.99,High Risk
2265,113.0,4,7265.0,1121.0,1,0.615,Medium Risk
2266,84.0,4,7259.0,1113.0,0,0.525,Medium Risk
2267,314.0,1,30.0,314.0,1,1.0,High Risk
2268,22.0,4,125.0,292.0,0,0.035,Low Risk
2269,147.0,4,290.0,349.0,1,0.55,Medium Risk
2270,64.0,2,4508.0,716.0,0,0.39,Low Risk
2271,123.0,1,2395.0,123.0,1,0.995,High Risk
2272,135.0,1,2320.0,135.0,1,1.0,High Risk
2273,91.0,1,81.0,91.0,1,0.99,High Risk
2274,259.0,2,4658.0,703.0,1,0.955,High Risk
2275,264.0,2,4837.0,728.0,1,0.7,High Risk
2276,352.0,1,22.0,352.0,1,1.0,High Risk
2277,55.0,1,22.0,55.0,0,0.0,Low Risk
2278,272.0,2,4499.0,712.0,1,0.73,High Risk
2279,268.0,2,4579.0,702.0,1,0.94,High Risk
2280,250.0,2,4534.0,726.0,1,0.86,High Risk
2281,270.0,2,4559.0,706.0,1,0.285,Low Risk
2282,18.0,1,22.0,18.0,0,0.0,Low Risk
2283,62.0,1,57.0,62.0,0,0.0,Low Risk
2284,257.0,2,4499.0,723.0,1,0.85,High Risk
2285,210.0,2,4767.0,300.0,1,0.99,High Risk
2286,94.0,3,214.0,356.0,1,0.71,High Risk
2287,247.0,2,4517.0,718.0,1,0.89,High Risk
2288,256.0,2,4763.0,717.0,1,0.97,High Risk
2289,252.0,2,4574.0,702.0,1,0.765,High Risk
2290,13.0,3,66.0,203.0,0,0.035,Low Risk
2291,73.0,3,112.0,282.0,0,0.485,Medium Risk
2292,248.0,1,81.0,248.0,1,1.0,High Risk
2293,247.0,2,4479.0,710.0,1,0.935,High Risk
2294,192.0,1,22.0,192.0,1,1.0,High Risk
2295,114.0,1,87.0,114.0,1,1.0,High Risk
2296,5.0,1,72.0,5.0,0,0.0,Low Risk
2297,307.0,1,22.0,307.0,1,1.0,High Risk
2298,186.0,1,22.0,186.0,1,1.0,High Risk
2299,255.0,2,4512.0,709.0,1,0.75,High Risk
2300,271.0,2,4835.0,703.0,1,0.695,Medium Risk
2301,151.0,1,46.0,151.0,1,1.0,High Risk
2302,135.0,1,67.0,135.0,1,1.0,High Risk
2303,333.0,1,57.0,333.0,1,1.0,High Risk
2304,144.0,3,66.0,270.0,1,0.58,Medium Risk
2305,250.0,2,4613.0,702.0,1,0.97,High Risk
2306,269.0,1,72.0,269.0,1,0.995,High Risk
2307,43.0,1,72.0,43.0,0,0.0,Low Risk
2308,238.0,1,81.0,238.0,1,1.0,High Risk
2309,276.0,1,30.0,276.0,1,1.0,High Risk
2310,284.0,1,22.0,284.0,1,1.0,High Risk
2311,321.0,1,30.0,321.0,1,1.0,High Risk
2312,34.0,1,30.0,34.0,0,0.0,Low Risk
2313,190.0,1,81.0,190.0,1,1.0,High Risk
2314,321.0,1,77.0,321.0,1,1.0,High Risk
2315,256.0,2,4854.0,712.0,1,0.91,High Risk
2316,269.0,2,4542.0,703.0,1,0.935,High Risk
2317,262.0,2,4577.0,704.0,1,0.915,High Risk
2318,66.0,1,57.0,66.0,0,0.0,Low Risk
2319,117.0,4,214.0,350.0,1,0.655,Medium Risk
2320,252.0,2,4648.0,726.0,1,0.85,High Risk
2321,336.0,1,22.0,336.0,1,1.0,High Risk
2322,29.0,1,72.0,29.0,0,0.0,Low Risk
2323,264.0,1,86.0,264.0,1,1.0,High Risk
2324,46.0,1,142.0,46.0,0,0.0,Low Risk
2325,264.0,2,4527.0,721.0,1,0.78,High Risk
2326,246.0,2,4559.0,724.0,1,0.57,Medium Risk
2327,253.0,2,4512.0,724.0,1,0.585,Medium Risk
2328,192.0,1,31.0,192.0,1,1.0,High Risk
2329,205.0,2,4708.0,290.0,1,0.96,High Risk
2330,250.0,2,4807.0,717.0,1,0.955,High Risk
2331,140.0,3,95.0,301.0,1,0.72,High Risk
2332,200.0,1,66.0,200.0,1,1.0,High Risk
2333,103.0,1,57.0,103.0,1,1.0,High Risk
2334,126.0,1,22.0,126.0,1,1.0,High Risk
2335,181.0,1,72.0,181.0,1,1.0,High Risk
2336,59.0,1,72.0,59.0,0,0.0,Low Risk
2337,295.0,1,107.0,295.0,1,1.0,High Risk
2338,236.0,1,181.0,236.0,1,1.0,High Risk
2339,2.0,1,122.0,2.0,0,0.0,Low Risk
2340,353.0,1,31.0,353.0,1,1.0,High Risk
2341,253.0,2,4547.0,710.0,1,0.68,Medium Risk
2342,347.0,1,142.0,347.0,1,1.0,High Risk
2343,82.0,1,32.0,82.0,0,0.0,Low Risk
2344,188.0,2,4720.0,267.0,1,1.0,High Risk
2345,271.0,1,81.0,271.0,1,1.0,High Risk
2346,203.0,2,4759.0,251.0,1,0.97,High Risk
2347,271.0,2,4499.0,710.0,1,0.955,High Risk
2348,237.0,1,72.0,237.0,1,1.0,High Risk
2349,250.0,2,4616.0,723.0,1,0.9,High Risk
2350,349.0,1,22.0,349.0,1,1.0,High Risk
2351,0.0,3,133.0,285.0,0,0.0,Low Risk
2352,265.0,2,4477.0,709.0,1,0.945,High Risk
2353,221.0,1,57.0,221.0,1,1.0,High Risk
2354,89.0,2,4548.0,706.0,0,0.085,Low Risk
2355,264.0,2,4499.0,703.0,1,0.975,High Risk
2356,245.0,2,4559.0,716.0,1,0.38,Low Risk
2357,104.0,1,31.0,104.0,1,1.0,High Risk
2358,66.0,2,4544.0,723.0,0,0.62,Medium Risk
2359,130.0,1,2387.0,130.0,1,1.0,High Risk
2360,82.0,2,4638.0,729.0,0,0.11,Low Risk
2361,358.0,1,57.0,358.0,1,1.0,High Risk
2362,81.0,2,4765.0,703.0,0,0.71,High Risk
2363,66.0,2,4477.0,724.0,0,0.13,Low Risk
2364,334.0,1,72.0,334.0,1,1.0,High Risk
2365,258.0,1,57.0,258.0,1,1.0,High Risk
2366,139.0,1,24.0,139.0,1,1.0,High Risk
2367,209.0,2,4749.0,247.0,1,0.995,High Risk
2368,270.0,2,4517.0,701.0,1,0.935,High Risk
2369,94.0,1,72.0,94.0,1,0.995,High Risk
2370,246.0,2,4778.0,726.0,1,0.845,High Risk
2371,71.0,1,2330.0,71.0,0,0.0,Low Risk
2372,175.0,1,72.0,175.0,1,1.0,High Risk
2373,358.0,1,77.0,358.0,1,0.995,High Risk
2374,303.0,1,72.0,303.0,1,1.0,High Risk
2375,107.0,1,57.0,107.0,1,1.0,High Risk
2376,56.0,1,72.0,56.0,0,0.0,Low Risk
2377,124.0,1,31.0,124.0,1,1.0,High Risk
2378,272.0,1,2320.0,272.0,1,1.0,High Risk
2379,271.0,2,4523.0,728.0,1,0.53,Medium Risk
2380,195.0,1,24.0,195.0,1,1.0,High Risk
2381,71.0,2,4820.0,727.0,0,0.17,Low Risk
2382,188.0,1,72.0,188.0,1,1.0,High Risk
2383,250.0,2,4526.0,716.0,1,0.54,Medium Risk
2384,86.0,2,4512.0,728.0,0,0.53,Medium Risk
2385,69.0,2,4574.0,724.0,0,0.085,Low Risk
2386,76.0,2,4549.0,705.0,0,0.045,Low Risk
2387,118.0,1,85.0,118.0,1,1.0,High Risk
2388,87.0,1,2337.0,87.0,0,0.0,Low Risk
2389,329.0,1,107.0,329.0,1,1.0,High Risk
2390,59.0,1,116.0,59.0,0,0.0,Low Risk
2391,29.0,1,100.0,29.0,0,0.0,Low Risk
2392,118.0,1,2406.0,118.0,1,1.0,High Risk
2393,80.0,1,57.0,80.0,0,0.0,Low Risk
2394,263.0,1,2352.0,263.0,1,1.0,High Risk
2395,261.0,1,2319.0,261.0,1,1.0,High Risk
2396,194.0,1,22.0,194.0,1,1.0,High Risk
2397,244.0,1,2362.0,244.0,1,0.995,High Risk
2398,77.0,1,2397.0,77.0,0,0.0,Low Risk
2399,68.0,1,2322.0,68.0,0,0.0,Low Risk
2400,81.0,1,2295.0,81.0,0,0.01,Low Risk
2401,82.0,2,4569.0,702.0,0,0.695,Medium Risk
2402,68.0,2,4798.0,700.0,0,0.15,Low Risk
2403,91.0,2,4793.0,706.0,1,0.84,High Risk
2404,259.0,2,4579.0,705.0,1,0.835,High Risk
2405,246.0,3,6812.0,408.0,1,0.71,High Risk
2406,188.0,4,10778.0,819.0,1,0.985,High Risk
2407,72.0,4,7300.0,1096.0,0,0.065,Low Risk
2408,248.0,3,6904.0,397.0,1,0.68,Medium Risk
2409,246.0,3,6792.0,410.0,1,0.875,High Risk
2410,98.0,1,109.0,98.0,1,0.995,High Risk
2411,235.0,1,15.0,235.0,1,1.0,High Risk
2412,243.0,3,6819.0,417.0,1,0.745,High Risk
2413,39.0,2,45.0,50.0,0,0.0,Low Risk
2414,89.0,1,57.0,89.0,0,0.0,Low Risk
2415,267.0,1,2320.0,267.0,1,1.0,High Risk
2416,247.0,1,2326.0,247.0,1,1.0,High Risk
2417,324.0,1,107.0,324.0,1,1.0,High Risk
2418,271.0,1,2370.0,271.0,1,1.0,High Risk
2419,167.0,2,4768.0,268.0,1,0.99,High Risk
2420,269.0,2,4477.0,718.0,1,0.805,High Risk
2421,269.0,2,4798.0,707.0,1,0.855,High Risk
2422,276.0,1,24.0,276.0,1,1.0,High Risk
2423,257.0,1,81.0,257.0,1,1.0,High Risk
2424,1.0,3,173.0,188.0,0,0.685,Medium Risk
2425,249.0,2,4807.0,726.0,1,0.895,High Risk
2426,248.0,2,4810.0,705.0,1,0.84,High Risk
2427,264.0,2,4499.0,694.0,1,0.985,High Risk
2428,252.0,1,2295.0,252.0,1,1.0,High Risk
2429,262.0,1,2317.0,262.0,1,1.0,High Risk
2430,231.0,2,4588.0,688.0,1,0.96,High Risk
2431,312.0,1,31.0,312.0,1,1.0,High Risk
2432,229.0,2,4593.0,685.0,1,0.805,High Risk
2433,307.0,1,57.0,307.0,1,1.0,High Risk
2434,232.0,2,4534.0,681.0,1,0.98,High Risk
2435,107.0,1,2355.0,107.0,1,1.0,High Risk
2436,226.0,2,4838.0,682.0,1,0.795,High Risk
2437,238.0,2,4499.0,687.0,1,0.985,High Risk
2438,332.0,1,81.0,332.0,1,1.0,High Risk
2439,231.0,2,4502.0,697.0,1,0.93,High Risk
2440,255.0,1,57.0,255.0,1,1.0,High Risk
2441,175.0,2,4819.0,261.0,1,0.98,High Risk
2442,60.0,1,46.0,60.0,0,0.0,Low Risk
2443,222.0,2,4501.0,681.0,1,0.95,High Risk
2444,230.0,2,4537.0,689.0,1,0.99,High Risk
2445,199.0,1,57.0,199.0,1,1.0,High Risk
2446,75.0,1,76.0,75.0,0,0.0,Low Risk
2447,223.0,2,4537.0,698.0,1,0.96,High Risk
2448,225.0,2,4534.0,673.0,1,0.94,High Risk
2449,241.0,1,22.0,241.0,1,1.0,High Risk
2450,229.0,2,4527.0,687.0,1,0.91,High Risk
2451,235.0,2,4773.0,640.0,1,0.575,Medium Risk
2452,102.0,1,22.0,102.0,1,1.0,High Risk
2453,242.0,2,4800.0,669.0,1,0.735,High Risk
2454,225.0,2,4577.0,660.0,1,0.74,High Risk
2455,228.0,1,2344.0,228.0,1,1.0,High Risk
2456,232.0,1,2350.0,232.0,1,0.995,High Risk
2457,243.0,2,4583.0,654.0,1,0.725,High Risk
2458,176.0,1,57.0,176.0,1,1.0,High Risk
2459,355.0,1,45.0,355.0,1,1.0,High Risk
2460,78.0,1,57.0,78.0,0,0.0,Low Risk
2461,176.0,2,4693.0,272.0,1,0.94,High Risk
2462,227.0,2,4477.0,669.0,1,0.86,High Risk
2463,54.0,2,4558.0,650.0,0,0.12,Low Risk
2464,76.0,1,107.0,76.0,0,0.0,Low Risk
2465,226.0,2,4502.0,649.0,1,0.71,High Risk
2466,68.0,1,76.0,68.0,0,0.0,Low Risk
2467,43.0,3,133.0,134.0,0,0.085,Low Risk
2468,263.0,1,22.0,263.0,1,1.0,High Risk
2469,223.0,2,4627.0,644.0,1,0.565,Medium Risk
2470,12.0,1,72.0,12.0,0,0.0,Low Risk
2471,39.0,1,57.0,39.0,0,0.0,Low Risk
2472,253.0,1,31.0,253.0,1,1.0,High Risk
2473,218.0,1,2519.0,218.0,1,1.0,High Risk
2474,233.0,1,2319.0,233.0,1,1.0,High Risk
2475,99.0,4,340.0,266.0,1,0.6,Medium Risk
2476,49.0,1,57.0,49.0,0,0.0,Low Risk
2477,225.0,1,76.0,225.0,1,1.0,High Risk
2478,215.0,2,4512.0,640.0,1,0.465,Medium Risk
2479,238.0,2,4898.0,655.0,1,0.04,Low Risk
2480,158.0,1,76.0,158.0,1,0.995,High Risk
2481,253.0,1,81.0,253.0,1,1.0,High Risk
2482,18.0,1,31.0,18.0,0,0.0,Low Risk
2483,52.0,2,4501.0,666.0,0,0.73,High Risk
2484,191.0,1,57.0,191.0,1,1.0,High Risk
2485,239.0,2,4813.0,626.0,1,0.605,Medium Risk
2486,347.0,1,37.0,347.0,1,1.0,High Risk
2487,148.0,3,226.0,281.0,1,0.585,Medium Risk
2488,223.0,2,4534.0,609.0,1,0.345,Low Risk
2489,230.0,1,142.0,230.0,1,1.0,High Risk
2490,218.0,2,4740.0,635.0,1,0.53,Medium Risk
2491,323.0,1,57.0,323.0,1,1.0,High Risk
2492,15.0,3,176.0,363.0,0,0.145,Low Risk
2493,216.0,2,4501.0,609.0,1,0.685,Medium Risk
2494,279.0,2,49.0,308.0,1,0.835,High Risk
2495,255.0,1,40.0,255.0,1,1.0,High Risk
2496,285.0,2,58.0,311.0,1,0.8,High Risk
2497,286.0,1,37.0,286.0,1,1.0,High Risk
2498,338.0,1,40.0,338.0,1,1.0,High Risk
2499,162.0,1,101.0,162.0,1,1.0,High Risk
2500,349.0,1,134.0,349.0,1,1.0,High Risk
2501,69.0,1,40.0,69.0,0,0.0,Low Risk
2502,256.0,1,40.0,256.0,1,1.0,High Risk
2503,163.0,1,55.0,163.0,1,1.0,High Risk
2504,251.0,2,101.0,284.0,1,0.78,High Risk
2505,41.0,2,5923.0,805.0,0,0.125,Low Risk
2506,183.0,2,128.0,235.0,1,0.64,Medium Risk
2507,117.0,1,124.0,117.0,1,1.0,High Risk
2508,278.0,2,44.0,284.0,1,0.72,High Risk
2509,358.0,1,129.0,358.0,1,1.0,High Risk
2510,235.0,2,49.0,256.0,1,0.84,High Risk
2511,360.0,1,94.0,360.0,1,1.0,High Risk
2512,43.0,2,6012.0,787.0,0,0.79,High Risk
2513,175.0,1,70.0,175.0,1,1.0,High Risk
2514,55.0,2,5918.0,1123.0,0,0.015,Low Risk
2515,56.0,2,5973.0,1076.0,0,0.32,Low Risk
2516,32.0,2,5948.0,1082.0,0,0.205,Low Risk
2517,165.0,2,44.0,190.0,1,0.665,Medium Risk
2518,87.0,3,5666.0,402.0,0,0.565,Medium Risk
2519,46.0,2,2638.0,590.0,0,0.12,Low Risk
2520,394.0,2,4492.0,581.0,1,0.805,High Risk
2521,336.0,2,4551.0,590.0,1,0.725,High Risk
2522,359.0,2,4514.0,585.0,1,0.875,High Risk
2523,217.0,2,60.0,279.0,1,0.81,High Risk
2524,216.0,2,67.0,250.0,1,0.57,Medium Risk
2525,287.0,2,4528.0,587.0,1,0.78,High Risk
2526,253.0,2,4606.0,601.0,1,0.565,Medium Risk
2527,224.0,2,4549.0,562.0,1,0.83,High Risk
2528,198.0,2,4529.0,569.0,1,0.93,High Risk
2529,162.0,2,4530.0,567.0,1,0.9,High Risk
2530,170.0,2,4615.0,561.0,1,0.755,High Risk
2531,136.0,1,186.0,136.0,1,0.995,High Risk
2532,145.0,1,70.0,145.0,1,1.0,High Risk
2533,125.0,1,7.0,125.0,1,1.0,High Risk
2534,51.0,2,138.0,294.0,0,0.095,Low Risk
2535,57.0,2,86.0,174.0,0,0.055,Low Risk
2536,101.0,2,59.0,191.0,1,0.56,Medium Risk
2537,38.0,2,5973.0,766.0,0,0.525,Medium Risk
2538,37.0,2,5910.0,791.0,0,0.98,High Risk
2539,55.0,2,5908.0,1069.0,0,0.02,Low Risk
2540,91.0,2,79.0,176.0,1,0.555,Medium Risk
2541,185.0,3,6528.0,1084.0,1,0.53,Medium Risk
2542,212.0,3,6536.0,1065.0,1,0.36,Low Risk
2543,56.0,2,5943.0,1067.0,0,0.245,Low Risk
2544,35.0,2,5923.0,1067.0,0,0.02,Low Risk
2545,72.0,2,108.0,284.0,0,0.045,Low Risk
2546,47.0,2,5908.0,1082.0,0,0.0,Low Risk
2547,47.0,2,5918.0,1095.0,0,0.0,Low Risk
2548,119.0,2,84.0,165.0,1,0.605,Medium Risk
2549,32.0,2,5908.0,1092.0,0,0.0,Low Risk
2550,272.0,1,94.0,272.0,1,1.0,High Risk
2551,313.0,1,70.0,313.0,1,1.0,High Risk
2552,89.0,3,5623.0,420.0,0,0.035,Low Risk
2553,43.0,2,5922.0,766.0,0,0.445,Medium Risk
2554,71.0,3,5603.0,424.0,0,0.05,Low Risk
2555,87.0,3,5641.0,413.0,0,0.055,Low Risk
2556,118.0,3,6483.0,766.0,1,0.74,High Risk
2557,71.0,3,6497.0,771.0,0,0.015,Low Risk
2558,186.0,2,4443.0,409.0,1,0.555,Medium Risk
2559,76.0,3,6500.0,774.0,0,0.025,Low Risk
2560,210.0,3,6508.0,1067.0,1,0.105,Low Risk
2561,157.0,3,6453.0,1046.0,1,0.58,Medium Risk
2562,208.0,2,4393.0,425.0,1,0.79,High Risk
2563,207.0,2,4369.0,401.0,1,0.02,Low Risk
2564,173.0,2,5948.0,1116.0,1,0.625,Medium Risk
2565,55.0,2,5932.0,785.0,0,0.08,Low Risk
2566,38.0,2,4775.0,736.0,0,0.17,Low Risk
2567,219.0,1,14.0,219.0,1,1.0,High Risk
2568,37.0,2,5935.0,1060.0,0,0.1,Low Risk
2569,344.0,1,120.0,344.0,1,1.0,High Risk
2570,242.0,1,49.0,242.0,1,1.0,High Risk
2571,31.0,2,5948.0,1051.0,0,0.12,Low Risk
2572,365.0,1,144.0,365.0,1,1.0,High Risk
2573,50.0,2,5945.0,1063.0,0,0.49,Medium Risk
2574,260.0,1,120.0,260.0,1,1.0,High Risk
2575,363.0,1,40.0,363.0,1,1.0,High Risk
2576,178.0,4,9458.0,741.0,1,1.0,High Risk
2577,221.0,3,8330.0,1115.0,1,0.98,High Risk
2578,165.0,4,9451.0,738.0,1,1.0,High Risk
2579,13.0,1,45.0,13.0,0,0.0,Low Risk
2580,71.0,4,7294.0,1038.0,0,0.0,Low Risk
2581,32.0,4,7285.0,1042.0,0,0.0,Low Risk
2582,233.0,3,8375.0,1120.0,1,0.95,High Risk
2583,153.0,2,78.0,364.0,1,0.575,Medium Risk
2584,236.0,3,8375.0,1103.0,1,1.0,High Risk
2585,186.0,3,8361.0,1098.0,1,1.0,High Risk
2586,193.0,3,8368.0,1102.0,1,1.0,High Risk
2587,41.0,2,98.0,276.0,0,0.105,Low Risk
2588,92.0,1,79.0,92.0,1,1.0,High Risk
2589,73.0,1,15.0,73.0,0,0.0,Low Risk
2590,161.0,1,79.0,161.0,1,1.0,High Risk
2591,190.0,3,8306.0,1121.0,1,0.985,High Risk
2592,202.0,3,8355.0,1122.0,1,0.985,High Risk
2593,170.0,4,9695.0,757.0,1,1.0,High Risk
2594,44.0,1,50.0,44.0,0,0.0,Low Risk
2595,184.0,1,45.0,184.0,1,1.0,High Risk
2596,166.0,4,9391.0,746.0,1,0.985,High Risk
2597,352.0,1,10.0,352.0,1,1.0,High Risk
2598,162.0,1,59.0,162.0,1,1.0,High Risk
2599,113.0,1,50.0,113.0,1,1.0,High Risk
2600,120.0,2,51.0,272.0,1,0.865,High Risk
2601,209.0,3,8460.0,1090.0,1,1.0,High Risk
2602,25.0,1,45.0,25.0,0,0.0,Low Risk
2603,212.0,3,8376.0,1088.0,1,1.0,High Risk
2604,232.0,2,134.0,312.0,1,0.5118,Medium Risk
2605,9.0,2,130.0,110.0,0,0.0,Low Risk
2606,180.0,4,9614.0,738.0,1,1.0,High Risk
2607,32.0,4,7195.0,1017.0,0,0.11,Low Risk
2608,50.0,3,6464.0,1016.0,0,0.115,Low Risk
2609,108.0,1,72.0,108.0,1,1.0,High Risk
2610,72.0,2,99.0,174.0,0,0.145,Low Risk
2611,313.0,1,45.0,313.0,1,1.0,High Risk
2612,23.0,1,39.0,23.0,0,0.0,Low Risk
2613,33.0,2,84.0,232.0,0,0.12,Low Risk
2614,210.0,3,105.0,349.0,1,0.715,High Risk
2615,104.0,3,114.0,277.0,1,0.62,Medium Risk
2616,97.0,3,147.0,364.0,1,0.785,High Risk
2617,82.0,3,6872.0,563.0,0,0.005,Low Risk
2618,8.0,3,142.0,285.0,0,0.0,Low Risk
2619,61.0,3,6763.0,566.0,0,0.0,Low Risk
2620,67.0,3,6808.0,557.0,0,0.005,Low Risk
2621,76.0,3,6848.0,571.0,0,0.01,Low Risk
2622,141.0,3,167.0,189.0,1,0.755,High Risk
2623,88.0,3,6841.0,575.0,0,0.0,Low Risk
2624,41.0,3,99.0,215.0,0,0.095,Low Risk
2625,20.0,3,119.0,340.0,0,0.45,Medium Risk
2626,91.0,3,6962.0,556.0,1,0.505,Medium Risk
2627,76.0,3,6909.0,564.0,0,0.19,Low Risk
2628,69.0,3,214.0,317.0,0,0.08,Low Risk
2629,124.0,3,191.0,302.0,1,0.66,Medium Risk
2630,70.0,3,6889.0,556.0,0,0.03,Low Risk
2631,57.0,3,6824.0,576.0,0,0.02,Low Risk
2632,38.0,3,6817.0,576.0,0,0.0,Low Risk
2633,42.0,3,6838.0,555.0,0,0.0,Low Risk
2634,48.0,3,6803.0,552.0,0,0.01,Low Risk
2635,35.0,3,235.0,147.0,0,0.175,Low Risk
2636,33.0,3,215.0,361.0,0,0.15,Low Risk
2637,60.0,3,6831.0,563.0,0,0.0,Low Risk
2638,37.0,3,6777.0,552.0,0,0.035,Low Risk
2639,51.0,3,6832.0,563.0,0,0.0,Low Risk
2640,221.0,3,189.0,348.0,1,0.38,Low Risk
2641,83.0,2,71.0,319.0,0,0.6067,Medium Risk
2642,235.0,2,144.0,317.0,1,0.835,High Risk
2643,258.0,2,80.0,264.0,1,0.68,Medium Risk
2644,57.0,3,6799.0,570.0,0,0.025,Low Risk
2645,36.0,3,6864.0,561.0,0,0.0,Low Risk
2646,43.0,3,6817.0,558.0,0,0.015,Low Risk
2647,54.0,3,6843.0,555.0,0,0.0,Low Risk
2648,38.0,3,6793.0,576.0,0,0.165,Low Risk
2649,37.0,3,6765.0,548.0,0,0.02,Low Risk
2650,44.0,3,6812.0,557.0,0,0.0,Low Risk
2651,31.0,3,6768.0,566.0,0,0.005,Low Risk
2652,39.0,3,6812.0,571.0,0,0.0,Low Risk
2653,265.0,1,31.0,265.0,1,1.0,High Risk
2654,237.0,2,4547.0,625.0,1,0.735,High Risk
2655,204.0,1,57.0,204.0,1,1.0,High Risk
2656,83.0,1,22.0,83.0,0,0.0,Low Risk
2657,198.0,1,57.0,198.0,1,1.0,High Risk
2658,236.0,2,4819.0,638.0,1,0.63,Medium Risk
2659,219.0,2,4787.0,625.0,1,0.515,Medium Risk
2660,237.0,1,66.0,237.0,1,1.0,High Risk
2661,167.0,2,4750.0,253.0,1,0.995,High Risk
2662,175.0,2,5913.0,1088.0,1,0.01,Low Risk
2663,376.0,2,3021.0,747.0,1,0.985,High Risk
2664,360.0,1,15.0,360.0,1,1.0,High Risk
2665,94.0,2,210.0,185.0,1,0.66,Medium Risk
2666,14.0,2,84.0,179.0,0,0.0,Low Risk
2667,54.0,2,5900.0,1020.0,0,0.08,Low Risk
2668,346.0,2,3001.0,756.0,1,0.975,High Risk
2669,52.0,3,114.0,356.0,0,0.065,Low Risk
2670,10.0,3,129.0,283.0,0,0.015,Low Risk
2671,57.0,3,178.0,340.0,0,0.09,Low Risk
2672,0.0,1,135.0,0.0,0,0.0,Low Risk
2673,215.0,1,120.0,215.0,1,1.0,High Risk
2674,72.0,1,94.0,72.0,0,0.0,Low Risk
2675,268.0,1,148.0,268.0,1,1.0,High Risk
2676,81.0,2,215.0,226.0,0,0.165,Low Risk
2677,161.0,2,69.0,307.0,1,0.5667,Medium Risk
2678,24.0,1,40.0,24.0,0,0.0,Low Risk
2679,159.0,2,5933.0,1070.0,1,0.755,High Risk
2680,180.0,2,5933.0,1070.0,1,0.755,High Risk
2681,175.0,2,5948.0,1076.0,1,0.66,Medium Risk
2682,119.0,1,75.0,119.0,1,1.0,High Risk
2683,229.0,1,15.0,229.0,1,1.0,High Risk
2684,107.0,1,90.0,107.0,1,1.0,High Risk
2685,60.0,1,40.0,60.0,0,0.0,Low Risk
2686,156.0,3,6509.0,1005.0,1,0.91,High Risk
2687,144.0,3,6493.0,1026.0,1,0.73,High Risk
2688,153.0,2,5873.0,1084.0,1,0.55,Medium Risk
2689,213.0,1,27.0,213.0,1,1.0,High Risk
2690,157.0,2,5898.0,1072.0,1,0.68,Medium Risk
2691,83.0,3,7162.0,1070.0,0,0.075,Low Risk
2692,153.0,2,5977.0,1068.0,1,0.56,Medium Risk
2693,97.0,1,25.0,97.0,1,1.0,High Risk
2694,54.0,3,7171.0,1075.0,0,0.01,Low Risk
2695,120.0,2,106.0,298.0,1,0.83,High Risk
2696,224.0,1,35.0,224.0,1,1.0,High Risk
2697,341.0,1,49.0,341.0,1,1.0,High Risk
2698,150.0,3,6485.0,1010.0,1,0.48,Medium Risk
2699,342.0,1,32.0,342.0,1,1.0,High Risk
2700,105.0,1,76.0,105.0,1,1.0,High Risk
2701,33.0,2,4526.0,614.0,0,0.1,Low Risk
2702,10.0,4,170.0,273.0,0,0.42,Medium Risk
2703,55.0,2,4479.0,621.0,0,0.1,Low Risk
2704,267.0,1,75.0,267.0,1,1.0,High Risk
2705,235.0,2,2737.0,625.0,1,1.0,High Risk
2706,158.0,2,3018.0,623.0,1,0.945,High Risk
2707,61.0,1,2337.0,61.0,0,0.0,Low Risk
2708,5.0,4,190.0,152.0,0,0.055,Low Risk
2709,18.0,4,161.0,337.0,0,0.015,Low Risk
2710,78.0,1,2332.0,78.0,0,0.0,Low Risk
2711,90.0,1,2341.0,90.0,0,0.01,Low Risk
2712,73.0,1,2381.0,73.0,0,0.0,Low Risk
2713,42.0,2,4504.0,634.0,0,0.14,Low Risk
2714,39.0,2,4828.0,611.0,0,0.55,Medium Risk
2715,172.0,2,3033.0,627.0,1,0.66,Medium Risk
2716,136.0,2,2779.0,584.0,1,0.91,High Risk
2717,132.0,2,3078.0,595.0,1,0.87,High Risk
2718,256.0,1,75.0,256.0,1,1.0,High Risk
2719,127.0,2,3062.0,607.0,1,0.85,High Risk
2720,247.0,1,1129.0,247.0,1,1.0,High Risk
2721,137.0,1,1155.0,137.0,1,1.0,High Risk
2722,120.0,2,2787.0,589.0,1,0.88,High Risk
2723,103.0,2,3102.0,586.0,1,0.655,Medium Risk
2724,88.0,1,75.0,88.0,0,0.0,Low Risk
2725,51.0,2,4477.0,597.0,0,0.065,Low Risk
2726,39.0,2,4533.0,589.0,0,0.695,Medium Risk
2727,46.0,2,4501.0,593.0,0,0.12,Low Risk
2728,49.0,1,81.0,49.0,0,0.0,Low Risk
2729,33.0,2,4879.0,582.0,0,0.025,Low Risk
2730,59.0,2,4884.0,583.0,0,0.015,Low Risk
2731,44.0,2,4571.0,608.0,0,0.065,Low Risk
2732,5.0,1,22.0,5.0,0,0.0,Low Risk
2733,156.0,3,109.0,359.0,1,0.96,High Risk
2734,54.0,2,4554.0,606.0,0,0.245,Low Risk
2735,55.0,2,4523.0,602.0,0,0.095,Low Risk
2736,31.0,2,4517.0,604.0,0,0.49,Medium Risk
2737,40.0,2,4479.0,598.0,0,0.025,Low Risk
2738,211.0,1,39.0,211.0,1,1.0,High Risk
2739,12.0,1,22.0,12.0,0,0.0,Low Risk
2740,157.0,1,72.0,157.0,1,1.0,High Risk
2741,152.0,1,57.0,152.0,1,1.0,High Risk
2742,385.0,2,2951.0,592.0,1,0.685,Medium Risk
2743,367.0,2,2988.0,556.0,1,1.0,High Risk
2744,82.0,1,2350.0,82.0,0,0.0,Low Risk
2745,370.0,2,2959.0,549.0,1,0.93,High Risk
2746,384.0,2,3282.0,550.0,1,0.94,High Risk
2747,370.0,2,3249.0,567.0,1,0.955,High Risk
2748,373.0,2,3045.0,547.0,1,0.975,High Risk
2749,283.0,1,72.0,283.0,1,1.0,High Risk
2750,218.0,1,22.0,218.0,1,1.0,High Risk
2751,234.0,1,72.0,234.0,1,1.0,High Risk
2752,32.0,3,225.0,222.0,0,0.14,Low Risk
2753,167.0,1,24.0,167.0,1,1.0,High Risk
2754,0.0,1,85.0,0.0,0,0.0,Low Risk
2755,41.0,1,57.0,41.0,0,0.0,Low Risk
2756,56.0,1,46.0,56.0,0,0.0,Low Risk
2757,220.0,4,298.0,333.0,1,0.145,Low Risk
2758,175.0,1,87.0,175.0,1,1.0,High Risk
2759,42.0,4,284.0,358.0,0,0.1,Low Risk
2760,300.0,1,101.0,300.0,1,1.0,High Risk
2761,25.0,4,198.0,229.0,0,0.025,Low Risk
2762,218.0,1,46.0,218.0,1,1.0,High Risk
2763,23.0,4,230.0,307.0,0,0.06,Low Risk
2764,140.0,1,31.0,140.0,1,1.0,High Risk
2765,317.0,1,75.0,317.0,1,1.0,High Risk
2766,31.0,3,7152.0,1063.0,0,0.0,Low Risk
2767,333.0,2,3001.0,745.0,1,0.98,High Risk
2768,46.0,2,5910.0,1024.0,0,0.075,Low Risk
2769,80.0,3,5064.0,742.0,0,0.015,Low Risk
2770,67.0,3,5086.0,742.0,0,0.015,Low Risk
2771,116.0,3,6428.0,1015.0,1,0.575,Medium Risk
2772,105.0,3,6535.0,995.0,1,0.935,High Risk
2773,130.0,2,5928.0,1059.0,1,0.67,Medium Risk
2774,202.0,1,42.0,202.0,1,1.0,High Risk
2775,388.0,2,4392.0,976.0,1,0.955,High Risk
2776,40.0,1,69.0,40.0,0,0.0,Low Risk
2777,318.0,2,71.0,326.0,1,0.7654,High Risk
2778,32.0,3,7147.0,1039.0,0,0.015,Low Risk
2779,368.0,2,4397.0,996.0,1,0.95,High Risk
2780,285.0,2,3063.0,757.0,1,0.98,High Risk
2781,65.0,1,59.0,65.0,0,0.0,Low Risk
2782,224.0,2,110.0,239.0,1,0.885,High Risk
2783,105.0,3,6512.0,1001.0,1,0.925,High Risk
2784,142.0,2,5955.0,1047.0,1,0.405,Medium Risk
2785,36.0,3,7138.0,1057.0,0,0.005,Low Risk
2786,225.0,2,122.0,274.0,1,0.905,High Risk
2787,177.0,1,5.0,177.0,1,1.0,High Risk
2788,257.0,1,60.0,257.0,1,1.0,High Risk
2789,102.0,2,201.0,304.0,1,0.8,High Risk
2790,386.0,2,4397.0,995.0,1,0.915,High Risk
2791,359.0,2,4397.0,987.0,1,0.995,High Risk
2792,140.0,2,108.0,237.0,1,0.88,High Risk
2793,37.0,3,7216.0,1063.0,0,0.0,Low Risk
2794,301.0,2,3021.0,741.0,1,1.0,High Risk
2795,47.0,3,7212.0,1035.0,0,0.035,Low Risk
2796,331.0,2,4357.0,999.0,1,0.765,High Risk
2797,88.0,1,40.0,88.0,0,0.0,Low Risk
2798,29.0,1,7.0,29.0,0,0.0,Low Risk
2799,23.0,2,137.0,54.0,0,0.0,Low Risk
2800,296.0,2,3010.0,743.0,1,1.0,High Risk
2801,258.0,2,3262.0,738.0,1,0.935,High Risk
2802,252.0,2,3262.0,719.0,1,0.935,High Risk
2803,340.0,1,79.0,340.0,1,1.0,High Risk
2804,169.0,1,186.0,169.0,1,1.0,High Risk
2805,28.0,1,27.0,28.0,0,0.0,Low Risk
2806,244.0,1,29.0,244.0,1,1.0,High Risk
2807,245.0,2,3075.0,716.0,1,0.8,High Risk
2808,301.0,2,4506.0,945.0,1,0.775,High Risk
2809,250.0,2,4406.0,968.0,1,0.99,High Risk
2810,285.0,1,114.0,285.0,1,1.0,High Risk
2811,40.0,1,53.0,40.0,0,0.0,Low Risk
2812,214.0,2,3001.0,705.0,1,0.985,High Risk
2813,240.0,2,3262.0,718.0,1,0.925,High Risk
2814,331.0,1,75.0,331.0,1,1.0,High Risk
2815,290.0,2,230.0,312.0,1,0.65,Medium Risk
2816,122.0,2,115.0,353.0,1,0.7342,High Risk
2817,151.0,2,261.0,280.0,1,0.965,High Risk
2818,229.0,1,35.0,229.0,1,1.0,High Risk
2819,362.0,1,40.0,362.0,1,1.0,High Risk
2820,220.0,1,35.0,220.0,1,1.0,High Risk
2821,126.0,2,5908.0,1037.0,1,0.755,High Risk
2822,140.0,2,5940.0,1064.0,1,0.495,Medium Risk
2823,103.0,3,6523.0,959.0,1,0.8,High Risk
2824,75.0,3,5393.0,712.0,0,0.11,Low Risk
2825,100.0,1,5.0,100.0,1,1.0,High Risk
2826,156.0,1,37.0,156.0,1,1.0,High Risk
2827,83.0,1,49.0,83.0,0,0.0,Low Risk
2828,195.0,1,29.0,195.0,1,1.0,High Risk
2829,89.0,1,166.0,89.0,0,0.0,Low Risk
2830,268.0,2,4379.0,960.0,1,0.95,High Risk
2831,19.0,2,285.0,48.0,0,0.015,Low Risk
2832,328.0,1,35.0,328.0,1,1.0,High Risk
2833,314.0,1,24.0,314.0,1,1.0,High Risk
2834,71.0,1,107.0,71.0,0,0.0,Low Risk
2835,80.0,1,22.0,80.0,0,0.0,Low Risk
2836,153.0,1,37.0,153.0,1,1.0,High Risk
2837,218.0,2,4379.0,972.0,1,0.895,High Risk
2838,77.0,1,90.0,77.0,0,0.0,Low Risk
2839,35.0,2,141.0,139.0,0,0.005,Low Risk
2840,223.0,2,3242.0,725.0,1,0.985,High Risk
2841,184.0,2,3010.0,703.0,1,0.99,High Risk
2842,103.0,3,6624.0,1043.0,1,0.725,High Risk
2843,221.0,2,4404.0,958.0,1,0.975,High Risk
2844,323.0,1,31.0,323.0,1,1.0,High Risk
2845,240.0,2,4355.0,947.0,1,0.98,High Risk
2846,126.0,2,5917.0,1040.0,1,0.54,Medium Risk
2847,134.0,2,5933.0,1035.0,1,0.55,Medium Risk
2848,148.0,2,5888.0,1045.0,1,0.95,High Risk
2849,353.0,1,61.0,353.0,1,1.0,High Risk
2850,383.0,2,3085.0,569.0,1,0.98,High Risk
2851,239.0,1,57.0,239.0,1,1.0,High Risk
2852,78.0,1,2332.0,78.0,0,0.0,Low Risk
2853,61.0,1,2295.0,61.0,0,0.0,Low Risk
2854,46.0,1,2330.0,46.0,0,0.0,Low Risk
2855,353.0,2,3247.0,553.0,1,0.915,High Risk
2856,336.0,2,3095.0,555.0,1,0.975,High Risk
2857,346.0,2,2982.0,565.0,1,0.995,High Risk
2858,49.0,1,46.0,49.0,0,0.0,Low Risk
2859,171.0,1,72.0,171.0,1,1.0,High Risk
2860,35.0,1,22.0,35.0,0,0.0,Low Risk
2861,9.0,4,123.0,361.0,0,0.035,Low Risk
2862,182.0,1,22.0,182.0,1,1.0,High Risk
2863,345.0,2,2986.0,554.0,1,0.995,High Risk
2864,142.0,1,72.0,142.0,1,1.0,High Risk
2865,206.0,1,22.0,206.0,1,1.0,High Risk
2866,234.0,2,4534.0,546.0,1,0.89,High Risk
2867,235.0,2,4640.0,533.0,1,0.795,High Risk
2868,241.0,1,57.0,241.0,1,1.0,High Risk
2869,310.0,1,31.0,310.0,1,1.0,High Risk
2870,87.0,1,22.0,87.0,0,0.0,Low Risk
2871,342.0,2,3282.0,521.0,1,0.905,High Risk
2872,339.0,2,3060.0,539.0,1,0.995,High Risk
2873,361.0,1,181.0,361.0,1,1.0,High Risk
2874,229.0,2,4765.0,541.0,1,0.72,High Risk
2875,188.0,1,77.0,188.0,1,1.0,High Risk
2876,4.0,1,24.0,4.0,0,0.0,Low Risk
2877,201.0,1,22.0,201.0,1,1.0,High Risk
2878,335.0,2,3030.0,525.0,1,0.91,High Risk
2879,44.0,1,2367.0,44.0,0,0.0,Low Risk
2880,142.0,1,22.0,142.0,1,1.0,High Risk
2881,205.0,1,72.0,205.0,1,1.0,High Risk
2882,154.0,1,72.0,154.0,1,1.0,High Risk
2883,357.0,2,3282.0,534.0,1,0.89,High Risk
2884,363.0,2,3021.0,528.0,1,0.76,High Risk
2885,351.0,2,3043.0,537.0,1,0.985,High Risk
2886,240.0,2,4844.0,546.0,1,0.68,Medium Risk
2887,222.0,2,4537.0,533.0,1,0.93,High Risk
2888,231.0,2,4763.0,505.0,1,0.955,High Risk
2889,91.0,1,22.0,91.0,1,1.0,High Risk
2890,337.0,2,3084.0,501.0,1,0.975,High Risk
2891,316.0,2,2982.0,504.0,1,0.98,High Risk
2892,266.0,1,86.0,266.0,1,1.0,High Risk
2893,331.0,2,3021.0,517.0,1,1.0,High Risk
2894,223.0,1,22.0,223.0,1,1.0,High Risk
2895,226.0,2,4810.0,514.0,1,0.965,High Risk
2896,241.0,2,4559.0,498.0,1,0.985,High Risk
2897,236.0,2,4775.0,474.0,1,0.99,High Risk
2898,233.0,2,4499.0,462.0,1,0.95,High Risk
2899,232.0,2,4835.0,466.0,1,0.985,High Risk
2900,290.0,1,22.0,290.0,1,1.0,High Risk
2901,284.0,1,22.0,284.0,1,1.0,High Risk
2902,231.0,1,67.0,231.0,1,1.0,High Risk
2903,200.0,1,22.0,200.0,1,1.0,High Risk
2904,241.0,2,4512.0,486.0,1,1.0,High Risk
2905,217.0,2,4502.0,461.0,1,0.99,High Risk
2906,213.0,2,4549.0,460.0,1,0.965,High Risk
2907,311.0,2,3021.0,479.0,1,0.965,High Risk
2908,239.0,2,4597.0,464.0,1,0.99,High Risk
2909,164.0,2,4715.0,266.0,1,0.995,High Risk
2910,147.0,2,4764.0,268.0,1,0.98,High Risk
2911,229.0,2,4527.0,479.0,1,0.985,High Risk
2912,216.0,2,4549.0,485.0,1,0.965,High Risk
2913,243.0,2,4548.0,448.0,1,0.905,High Risk
2914,204.0,1,107.0,204.0,1,1.0,High Risk
2915,277.0,1,72.0,277.0,1,1.0,High Risk
2916,332.0,2,3045.0,437.0,1,0.845,High Risk
2917,45.0,1,2355.0,45.0,0,0.0,Low Risk
2918,333.0,2,3282.0,427.0,1,0.94,High Risk
2919,43.0,1,2398.0,43.0,0,0.0,Low Risk
2920,24.0,1,86.0,24.0,0,0.0,Low Risk
2921,91.0,4,268.0,296.0,1,0.635,Medium Risk
2922,116.0,1,57.0,116.0,1,1.0,High Risk
2923,75.0,1,57.0,75.0,0,0.0,Low Risk
2924,293.0,1,57.0,293.0,1,1.0,High Risk
2925,214.0,1,30.0,214.0,1,1.0,High Risk
2926,326.0,2,3220.0,454.0,1,0.97,High Risk
2927,268.0,1,57.0,268.0,1,1.0,High Risk
2928,314.0,2,3021.0,435.0,1,0.83,High Risk
2929,48.0,1,86.0,48.0,0,0.0,Low Risk
2930,1.0,1,77.0,1.0,0,0.0,Low Risk
2931,92.0,1,141.0,92.0,1,1.0,High Risk
2932,183.0,1,22.0,183.0,1,1.0,High Risk
2933,83.0,1,22.0,83.0,0,0.0,Low Risk
2934,336.0,1,57.0,336.0,1,1.0,High Risk
2935,53.0,1,31.0,53.0,0,0.0,Low Risk
2936,332.0,1,57.0,332.0,1,1.0,High Risk
2937,81.0,3,219.0,250.0,0,0.015,Low Risk
2938,176.0,1,86.0,176.0,1,1.0,High Risk
2939,317.0,2,3071.0,427.0,1,0.58,Medium Risk
2940,325.0,2,3084.0,434.0,1,0.985,High Risk
2941,173.0,1,86.0,173.0,1,1.0,High Risk
2942,40.0,4,287.0,270.0,0,0.2,Low Risk
2943,327.0,1,57.0,327.0,1,0.995,High Risk
2944,146.0,1,37.0,146.0,1,1.0,High Risk
2945,22.0,4,160.0,356.0,0,0.03,Low Risk
2946,319.0,1,57.0,319.0,1,0.995,High Risk
2947,14.0,1,22.0,14.0,0,0.0,Low Risk
2948,216.0,2,4606.0,419.0,1,0.735,High Risk
2949,224.0,2,4563.0,414.0,1,0.71,High Risk
2950,213.0,2,4549.0,399.0,1,0.62,Medium Risk
2951,123.0,1,24.0,123.0,1,1.0,High Risk
2952,124.0,1,57.0,124.0,1,1.0,High Risk
2953,119.0,2,82.0,145.0,1,0.78,High Risk
2954,40.0,3,6840.0,564.0,0,0.0,Low Risk
2955,116.0,3,128.0,203.0,1,0.6,Medium Risk
2956,44.0,3,6888.0,570.0,0,0.03,Low Risk
2957,99.0,2,82.0,170.0,1,0.61,Medium Risk
2958,38.0,3,5645.0,559.0,0,0.115,Low Risk
2959,56.0,3,6839.0,575.0,0,0.0,Low Risk
2960,49.0,3,6858.0,573.0,0,0.0,Low Risk
2961,36.0,3,6871.0,565.0,0,0.005,Low Risk
2962,12.0,2,137.0,119.0,0,0.005,Low Risk
2963,8.0,2,90.0,342.0,0,0.08,Low Risk
2964,15.0,2,139.0,272.0,0,0.67,Medium Risk
2965,42.0,3,6806.0,569.0,0,0.035,Low Risk
2966,39.0,3,6872.0,550.0,0,0.02,Low Risk
2967,33.0,3,6842.0,565.0,0,0.0,Low Risk
2968,31.0,3,5722.0,570.0,0,0.02,Low Risk
2969,37.0,3,5181.0,558.0,0,0.035,Low Risk
2970,48.0,2,77.0,130.0,0,0.01,Low Risk
2971,49.0,3,6843.0,568.0,0,0.015,Low Risk
2972,35.0,3,6772.0,550.0,0,0.015,Low Risk
2973,34.0,2,77.0,109.0,0,0.07,Low Risk
2974,50.0,3,5185.0,560.0,0,0.015,Low Risk
2975,58.0,3,5237.0,559.0,0,0.4,Medium Risk
2976,41.0,3,5138.0,523.0,0,0.07,Low Risk
2977,227.0,2,4512.0,400.0,1,0.125,Low Risk
2978,219.0,2,4788.0,426.0,1,0.895,High Risk
2979,220.0,2,4775.0,404.0,1,0.585,Medium Risk
2980,306.0,2,3282.0,419.0,1,0.66,Medium Risk
2981,282.0,1,57.0,282.0,1,1.0,High Risk
2982,192.0,2,124.0,268.0,1,0.66,Medium Risk
2983,84.0,2,60.0,320.0,0,0.1,Low Risk
2984,186.0,2,180.0,326.0,1,0.695,Medium Risk
2985,325.0,2,3282.0,415.0,1,0.555,Medium Risk
2986,281.0,1,31.0,281.0,1,1.0,High Risk
2987,311.0,2,1893.0,751.0,1,0.99,High Risk
2988,35.0,1,2330.0,35.0,0,0.0,Low Risk
2989,118.0,4,196.0,184.0,1,0.255,Low Risk
2990,315.0,1,46.0,315.0,1,1.0,High Risk
2991,308.0,2,1893.0,743.0,1,0.995,High Risk
2992,87.0,1,86.0,87.0,0,0.0,Low Risk
2993,291.0,2,1801.0,755.0,1,0.98,High Risk
2994,297.0,2,1804.0,752.0,1,0.975,High Risk
2995,140.0,2,4528.0,535.0,1,0.905,High Risk
2996,72.0,2,65.0,258.0,0,0.535,Medium Risk
2997,212.0,2,66.0,258.0,1,0.64,Medium Risk
2998,34.0,2,4586.0,539.0,0,0.115,Low Risk
2999,98.0,2,245.0,358.0,1,0.72,High Risk
3000,220.0,2,3295.0,734.0,1,0.575,Medium Risk
3001,185.0,1,85.0,185.0,1,1.0,High Risk
3002,173.0,1,107.0,173.0,1,1.0,High Risk
3003,319.0,1,86.0,319.0,1,0.995,High Risk
3004,120.0,2,1579.0,742.0,1,0.895,High Risk
3005,155.0,1,57.0,155.0,1,1.0,High Risk
3006,241.0,2,3319.0,705.0,1,0.065,Low Risk
3007,240.0,2,3295.0,724.0,1,0.25,Low Risk
3008,385.0,2,3772.0,535.0,1,1.0,High Risk
3009,187.0,2,64.0,350.0,1,0.87,High Risk
3010,85.0,2,64.0,106.0,0,0.235,Low Risk
3011,335.0,2,3861.0,534.0,1,1.0,High Risk
3012,349.0,2,3831.0,540.0,1,0.99,High Risk
3013,53.0,3,5250.0,521.0,0,0.505,Medium Risk
3014,47.0,2,138.0,267.0,0,0.02,Low Risk
3015,87.0,2,62.0,253.0,0,0.15,Low Risk
3016,97.0,2,60.0,238.0,1,0.83,High Risk
3017,145.0,2,121.0,189.0,1,0.29,Low Risk
3018,303.0,2,1848.0,730.0,1,0.925,High Risk
3019,95.0,2,64.0,115.0,1,0.03,Low Risk
3020,24.0,2,62.0,183.0,0,0.045,Low Risk
3021,49.0,3,6831.0,519.0,0,0.11,Low Risk
3022,263.0,1,22.0,263.0,1,1.0,High Risk
3023,84.0,2,1669.0,717.0,0,0.495,Medium Risk
3024,39.0,2,1575.0,711.0,0,0.0,Low Risk
3025,298.0,2,1902.0,705.0,1,0.905,High Risk
3026,54.0,2,1586.0,730.0,0,0.035,Low Risk
3027,50.0,2,1589.0,717.0,0,0.04,Low Risk
3028,174.0,1,22.0,174.0,1,1.0,High Risk
3029,193.0,1,92.0,193.0,1,1.0,High Risk
3030,0.0,1,57.0,0.0,0,0.0,Low Risk
3031,49.0,3,6905.0,522.0,0,0.065,Low Risk
3032,49.0,3,6964.0,528.0,0,0.11,Low Risk
3033,41.0,3,6859.0,542.0,0,0.58,Medium Risk
3034,44.0,3,6809.0,529.0,0,0.005,Low Risk
3035,50.0,2,104.0,189.0,0,0.035,Low Risk
3036,185.0,1,66.0,185.0,1,1.0,High Risk
3037,301.0,2,1839.0,680.0,1,0.99,High Risk
3038,280.0,2,1898.0,676.0,1,0.86,High Risk
3039,42.0,3,6819.0,536.0,0,0.025,Low Risk
3040,54.0,3,6808.0,532.0,0,0.01,Low Risk
3041,230.0,1,32.0,230.0,1,1.0,High Risk
3042,144.0,2,4765.0,269.0,1,0.98,High Risk
3043,47.0,1,22.0,47.0,0,0.0,Low Risk
3044,329.0,1,57.0,329.0,1,1.0,High Risk
3045,238.0,2,3357.0,675.0,1,0.795,High Risk
3046,34.0,3,6804.0,536.0,0,0.0,Low Risk
3047,165.0,3,5645.0,538.0,1,0.805,High Risk
3048,168.0,3,5643.0,546.0,1,0.745,High Risk
3049,51.0,3,5123.0,529.0,0,0.105,Low Risk
3050,39.0,3,5290.0,546.0,0,0.155,Low Risk
3051,177.0,3,5650.0,538.0,1,0.94,High Risk
3052,169.0,3,5607.0,538.0,1,0.94,High Risk
3053,237.0,2,86.0,363.0,1,0.24,Low Risk
3054,354.0,2,86.0,356.0,1,0.8792,High Risk
3055,4.0,3,280.0,60.0,0,0.005,Low Risk
3056,31.0,3,5177.0,537.0,0,0.07,Low Risk
3057,10.0,3,128.0,264.0,0,0.07,Low Risk
3058,8.0,2,115.0,146.0,0,0.055,Low Risk
3059,178.0,3,5652.0,540.0,1,0.98,High Risk
3060,208.0,2,106.0,317.0,1,0.295,Low Risk
3061,96.0,2,99.0,321.0,1,0.84,High Risk
3062,304.0,2,82.0,335.0,1,0.8646,High Risk
3063,165.0,3,5648.0,527.0,1,0.555,Medium Risk
3064,179.0,3,5676.0,530.0,1,0.985,High Risk
3065,162.0,3,5694.0,519.0,1,0.885,High Risk
3066,171.0,3,5608.0,540.0,1,0.96,High Risk
3067,172.0,3,3611.0,525.0,1,0.745,High Risk
3068,165.0,2,115.0,292.0,1,0.7733,High Risk
3069,162.0,2,77.0,271.0,1,0.76,High Risk
3070,35.0,2,174.0,154.0,0,0.02,Low Risk
3071,169.0,3,5619.0,529.0,1,0.95,High Risk
3072,181.0,3,5618.0,533.0,1,0.98,High Risk
3073,163.0,2,75.0,189.0,1,0.515,Medium Risk
3074,99.0,2,157.0,349.0,1,0.845,High Risk
3075,246.0,2,60.0,261.0,1,0.785,High Risk
3076,280.0,1,57.0,280.0,1,1.0,High Risk
3077,270.0,1,72.0,270.0,1,0.995,High Risk
3078,101.0,4,180.0,180.0,1,0.595,Medium Risk
3079,375.0,1,839.0,375.0,1,1.0,High Risk
3080,2.0,4,224.0,365.0,0,0.51,Medium Risk
3081,297.0,2,1848.0,681.0,1,0.995,High Risk
3082,344.0,2,3451.0,677.0,1,0.855,High Risk
3083,45.0,1,22.0,45.0,0,0.0,Low Risk
3084,318.0,2,2751.0,687.0,1,0.885,High Risk
3085,154.0,4,138.0,269.0,1,0.53,Medium Risk
3086,279.0,1,37.0,279.0,1,1.0,High Risk
3087,8.0,2,70.0,98.0,0,0.08,Low Risk
3088,204.0,3,342.0,354.0,1,0.765,High Risk
3089,251.0,2,2755.0,687.0,1,0.68,Medium Risk
3090,286.0,2,1893.0,689.0,1,0.88,High Risk
3091,273.0,1,86.0,273.0,1,1.0,High Risk
3092,176.0,5,251.0,362.0,1,0.545,Medium Risk
3093,142.0,1,57.0,142.0,1,1.0,High Risk
3094,158.0,1,31.0,158.0,1,1.0,High Risk
3095,277.0,1,22.0,277.0,1,1.0,High Risk
3096,292.0,2,1801.0,639.0,1,1.0,High Risk
3097,8.0,5,233.0,231.0,0,0.0,Low Risk
3098,187.0,1,57.0,187.0,1,1.0,High Risk
3099,291.0,2,1845.0,657.0,1,0.945,High Risk
3100,136.0,3,200.0,317.0,1,0.67,Medium Risk
3101,53.0,3,226.0,230.0,0,0.085,Low Risk
3102,168.0,3,3679.0,519.0,1,0.785,High Risk
3103,180.0,3,3666.0,530.0,1,0.855,High Risk
3104,142.0,3,3611.0,543.0,1,0.615,Medium Risk
3105,302.0,2,1889.0,666.0,1,0.945,High Risk
3106,292.0,2,1784.0,662.0,1,0.905,High Risk
3107,275.0,2,1839.0,642.0,1,0.975,High Risk
3108,315.0,1,819.0,315.0,1,1.0,High Risk
3109,295.0,1,839.0,295.0,1,1.0,High Risk
3110,166.0,2,2701.0,640.0,1,0.835,High Risk
3111,280.0,1,819.0,280.0,1,1.0,High Risk
3112,181.0,1,77.0,181.0,1,1.0,High Risk
3113,239.0,2,3361.0,634.0,1,0.855,High Risk
3114,266.0,1,22.0,266.0,1,1.0,High Risk
3115,0.0,1,86.0,0.0,0,0.0,Low Risk
3116,233.0,2,3297.0,632.0,1,0.72,High Risk
3117,221.0,2,3317.0,616.0,1,0.745,High Risk
3118,229.0,2,3352.0,612.0,1,0.585,Medium Risk
3119,132.0,2,4741.0,273.0,1,0.99,High Risk
3120,92.0,3,149.0,279.0,1,0.56,Medium Risk
3121,215.0,2,3376.0,616.0,1,0.89,High Risk
3122,234.0,2,3319.0,609.0,1,0.575,Medium Risk
3123,287.0,1,31.0,287.0,1,1.0,High Risk
3124,197.0,2,62.0,313.0,1,0.825,High Risk
3125,75.0,2,58.0,275.0,0,0.06,Low Risk
3126,349.0,2,3772.0,526.0,1,0.98,High Risk
3127,61.0,2,136.0,335.0,0,0.3049,Low Risk
3128,323.0,2,3809.0,534.0,1,0.995,High Risk
3129,329.0,2,3836.0,533.0,1,0.995,High Risk
3130,288.0,2,3750.0,545.0,1,0.99,High Risk
3131,275.0,2,3814.0,543.0,1,1.0,High Risk
3132,304.0,2,3807.0,538.0,1,0.975,High Risk
3133,264.0,2,3804.0,530.0,1,0.99,High Risk
3134,268.0,2,3764.0,535.0,1,1.0,High Risk
3135,270.0,2,3835.0,545.0,1,0.995,High Risk
3136,285.0,1,87.0,285.0,1,1.0,High Risk
3137,250.0,1,72.0,250.0,1,1.0,High Risk
3138,213.0,2,4397.0,946.0,1,0.93,High Risk
3139,239.0,2,4443.0,968.0,1,0.97,High Risk
3140,216.0,2,4397.0,943.0,1,1.0,High Risk
3141,209.0,2,4397.0,967.0,1,1.0,High Risk
3142,187.0,2,3282.0,709.0,1,0.58,Medium Risk
3143,91.0,1,29.0,91.0,1,1.0,High Risk
3144,11.0,2,134.0,291.0,0,0.055,Low Risk
3145,95.0,1,57.0,95.0,1,1.0,High Risk
3146,356.0,1,24.0,356.0,1,1.0,High Risk
3147,104.0,3,6750.0,1015.0,1,0.795,High Risk
3148,174.0,2,4397.0,913.0,1,0.995,High Risk
3149,173.0,2,4406.0,885.0,1,0.95,High Risk
3150,158.0,2,4417.0,901.0,1,0.97,High Risk
3151,118.0,3,6705.0,1025.0,1,0.685,Medium Risk
3152,134.0,1,86.0,134.0,1,1.0,High Risk
3153,187.0,1,72.0,187.0,1,1.0,High Risk
3154,262.0,1,49.0,262.0,1,1.0,High Risk
3155,157.0,2,3018.0,703.0,1,0.99,High Risk
3156,115.0,2,5993.0,1006.0,1,0.725,High Risk
3157,75.0,2,230.0,352.0,0,0.13,Low Risk
3158,92.0,3,6650.0,1024.0,1,0.775,High Risk
3159,100.0,2,5977.0,1026.0,1,0.49,Medium Risk
3160,107.0,2,5930.0,1027.0,1,0.585,Medium Risk
3161,111.0,3,6679.0,889.0,1,0.05,Low Risk
3162,86.0,3,6497.0,908.0,0,0.06,Low Risk
3163,40.0,3,6473.0,902.0,0,0.045,Low Risk
3164,55.0,3,6566.0,893.0,0,0.345,Low Risk
3165,54.0,3,6484.0,899.0,0,0.045,Low Risk
3166,112.0,2,5910.0,1014.0,1,0.62,Medium Risk
3167,348.0,1,72.0,348.0,1,1.0,High Risk
3168,174.0,2,4406.0,898.0,1,0.96,High Risk
3169,3.0,1,72.0,3.0,0,0.0,Low Risk
3170,163.0,2,3262.0,715.0,1,0.915,High Risk
3171,180.0,2,3291.0,692.0,1,0.505,Medium Risk
3172,47.0,3,6616.0,904.0,0,0.15,Low Risk
3173,132.0,2,75.0,294.0,1,0.433,Medium Risk
3174,248.0,1,39.0,248.0,1,1.0,High Risk
3175,340.0,1,39.0,340.0,1,1.0,High Risk
3176,15.0,2,145.0,164.0,0,0.075,Low Risk
3177,232.0,1,122.0,232.0,1,1.0,High Risk
3178,51.0,1,47.0,51.0,0,0.0,Low Risk
3179,65.0,1,87.0,65.0,0,0.0,Low Risk
3180,14.0,1,72.0,14.0,0,0.0,Low Risk
3181,264.0,1,33.0,264.0,1,1.0,High Risk
3182,214.0,3,8326.0,888.0,1,0.985,High Risk
3183,148.0,1,33.0,148.0,1,1.0,High Risk
3184,185.0,3,8321.0,1024.0,1,1.0,High Risk
3185,183.0,2,105.0,299.0,1,0.865,High Risk
3186,181.0,4,9524.0,682.0,1,0.95,High Risk
3187,169.0,4,9796.0,679.0,1,0.945,High Risk
3188,52.0,1,37.0,52.0,0,0.0,Low Risk
3189,192.0,1,33.0,192.0,1,1.0,High Risk
3190,232.0,3,8317.0,895.0,1,0.995,High Risk
3191,196.0,1,37.0,196.0,1,1.0,High Risk
3192,197.0,3,8301.0,1023.0,1,1.0,High Risk
3193,178.0,4,9452.0,678.0,1,0.945,High Risk
3194,250.0,1,37.0,250.0,1,1.0,High Risk
3195,123.0,2,169.0,321.0,1,0.715,High Risk
3196,177.0,3,8316.0,1012.0,1,1.0,High Risk
3197,20.0,2,138.0,290.0,0,0.055,Low Risk
3198,112.0,1,107.0,112.0,1,1.0,High Risk
3199,235.0,3,8308.0,897.0,1,0.995,High Risk
3200,157.0,2,119.0,239.0,1,0.735,High Risk
3201,122.0,4,9422.0,690.0,1,0.99,High Risk
3202,75.0,1,33.0,75.0,0,0.0,Low Risk
3203,275.0,1,33.0,275.0,1,1.0,High Risk
3204,150.0,3,7082.0,698.0,1,0.975,High Risk
3205,365.0,1,72.0,365.0,1,1.0,High Risk
3206,315.0,1,33.0,315.0,1,1.0,High Risk
3207,19.0,1,157.0,19.0,0,0.0,Low Risk
3208,225.0,3,8361.0,853.0,1,0.98,High Risk
3209,194.0,2,117.0,357.0,1,0.925,High Risk
3210,79.0,3,194.0,341.0,0,0.08,Low Risk
3211,153.0,3,5621.0,534.0,1,0.98,High Risk
3212,176.0,3,5663.0,539.0,1,0.99,High Risk
3213,234.0,2,82.0,262.0,1,0.65,Medium Risk
3214,78.0,2,86.0,267.0,0,0.07,Low Risk
3215,177.0,3,5760.0,532.0,1,0.915,High Risk
3216,181.0,3,5666.0,532.0,1,0.995,High Risk
3217,178.0,3,5654.0,539.0,1,0.985,High Risk
3218,208.0,2,139.0,325.0,1,0.74,High Risk
3219,163.0,3,5652.0,529.0,1,0.94,High Risk
3220,154.0,3,5744.0,531.0,1,0.95,High Risk
3221,161.0,3,5696.0,535.0,1,0.975,High Risk
3222,153.0,2,82.0,327.0,1,0.9588,High Risk
3223,45.0,2,82.0,163.0,0,0.085,Low Risk
3224,225.0,2,156.0,238.0,1,0.575,Medium Risk
3225,179.0,3,5621.0,507.0,1,0.955,High Risk
3226,155.0,3,5604.0,515.0,1,0.775,High Risk
3227,144.0,3,5656.0,514.0,1,0.75,High Risk
3228,47.0,2,115.0,336.0,0,0.3093,Low Risk
3229,20.0,2,75.0,274.0,0,0.09,Low Risk
3230,83.0,2,75.0,256.0,0,0.09,Low Risk
3231,124.0,3,5662.0,510.0,1,0.925,High Risk
3232,187.0,2,84.0,354.0,1,0.89,High Risk
3233,261.0,2,77.0,304.0,1,0.6652,Medium Risk
3234,186.0,2,79.0,209.0,1,0.445,Medium Risk
3235,128.0,3,5687.0,517.0,1,0.89,High Risk
3236,106.0,3,5682.0,492.0,1,0.985,High Risk
3237,94.0,3,5710.0,494.0,1,0.935,High Risk
3238,170.0,2,90.0,296.0,1,0.66,Medium Risk
3239,100.0,3,5643.0,502.0,1,0.83,High Risk
3240,240.0,2,3295.0,632.0,1,0.715,High Risk
3241,215.0,2,3391.0,612.0,1,0.67,Medium Risk
3242,181.0,1,85.0,181.0,1,1.0,High Risk
3243,239.0,2,3351.0,595.0,1,0.905,High Risk
3244,297.0,1,72.0,297.0,1,1.0,High Risk
3245,39.0,3,155.0,285.0,0,0.015,Low Risk
3246,363.0,1,57.0,363.0,1,1.0,High Risk
3247,332.0,1,72.0,332.0,1,1.0,High Risk
3248,18.0,1,81.0,18.0,0,0.0,Low Risk
3249,126.0,1,57.0,126.0,1,1.0,High Risk
3250,243.0,1,96.0,243.0,1,1.0,High Risk
3251,151.0,1,31.0,151.0,1,1.0,High Risk
3252,83.0,1,72.0,83.0,0,0.0,Low Risk
3253,39.0,1,96.0,39.0,0,0.0,Low Risk
3254,231.0,2,3394.0,606.0,1,0.975,High Risk
3255,210.0,1,81.0,210.0,1,1.0,High Risk
3256,231.0,2,3379.0,598.0,1,0.775,High Risk
3257,232.0,2,3342.0,596.0,1,0.8,High Risk
3258,162.0,1,86.0,162.0,1,1.0,High Risk
3259,4.0,1,81.0,4.0,0,0.0,Low Risk
3260,136.0,3,3630.0,499.0,1,0.575,Medium Risk
3261,149.0,3,3715.0,510.0,1,0.84,High Risk
3262,73.0,3,5654.0,506.0,0,0.91,High Risk
3263,52.0,3,5652.0,512.0,0,0.755,High Risk
3264,48.0,3,5648.0,514.0,0,0.1,Low Risk
3265,147.0,3,5217.0,500.0,1,0.875,High Risk
3266,23.0,5,215.0,210.0,0,0.0,Low Risk
3267,335.0,1,57.0,335.0,1,1.0,High Risk
3268,108.0,2,2786.0,605.0,1,0.96,High Risk
3269,93.0,2,2736.0,580.0,1,0.905,High Risk
3270,127.0,1,86.0,127.0,1,1.0,High Risk
3271,262.0,2,1793.0,586.0,1,0.8,High Risk
3272,326.0,1,22.0,326.0,1,1.0,High Risk
3273,109.0,2,2765.0,599.0,1,0.925,High Risk
3274,144.0,1,72.0,144.0,1,1.0,High Risk
3275,30.0,3,122.0,275.0,0,0.065,Low Risk
3276,124.0,3,5158.0,496.0,1,0.93,High Risk
3277,152.0,3,5258.0,508.0,1,0.79,High Risk
3278,144.0,3,5196.0,494.0,1,0.905,High Risk
3279,157.0,2,178.0,193.0,1,0.9,High Risk
3280,126.0,3,5137.0,509.0,1,0.83,High Risk
3281,283.0,1,57.0,283.0,1,1.0,High Risk
3282,136.0,2,4746.0,265.0,1,0.99,High Risk
3283,19.0,5,195.0,327.0,0,0.02,Low Risk
3284,250.0,2,1799.0,586.0,1,0.8,High Risk
3285,253.0,2,1769.0,597.0,1,0.83,High Risk
3286,266.0,2,1804.0,608.0,1,0.86,High Risk
3287,147.0,3,5234.0,489.0,1,0.57,Medium Risk
3288,152.0,3,5141.0,506.0,1,0.825,High Risk
3289,225.0,2,3351.0,607.0,1,0.865,High Risk
3290,230.0,2,3376.0,606.0,1,0.98,High Risk
3291,219.0,2,3377.0,555.0,1,1.0,High Risk
3292,165.0,3,259.0,364.0,1,0.75,High Risk
3293,216.0,2,3319.0,556.0,1,1.0,High Risk
3294,163.0,1,46.0,163.0,1,1.0,High Risk
3295,278.0,1,81.0,278.0,1,1.0,High Risk
3296,245.0,1,57.0,245.0,1,1.0,High Risk
3297,245.0,1,46.0,245.0,1,1.0,High Risk
3298,214.0,2,3335.0,561.0,1,0.95,High Risk
3299,221.0,2,3365.0,562.0,1,0.995,High Risk
3300,145.0,3,5108.0,508.0,1,0.7,High Risk
3301,122.0,3,5322.0,501.0,1,0.89,High Risk
3302,129.0,3,5142.0,514.0,1,0.855,High Risk
3303,140.0,3,5140.0,518.0,1,0.655,Medium Risk
3304,130.0,3,3636.0,496.0,1,0.65,Medium Risk
3305,99.0,3,3595.0,489.0,1,0.135,Low Risk
3306,115.0,3,3651.0,496.0,1,0.62,Medium Risk
3307,119.0,3,3652.0,511.0,1,0.745,High Risk
3308,197.0,3,196.0,343.0,1,0.775,High Risk
3309,144.0,3,5140.0,501.0,1,0.755,High Risk
3310,85.0,2,99.0,337.0,0,0.305,Low Risk
3311,135.0,3,5200.0,498.0,1,0.9,High Risk
3312,170.0,2,138.0,328.0,1,0.5842,Medium Risk
3313,177.0,3,191.0,344.0,1,0.77,High Risk
3314,68.0,3,223.0,172.0,0,0.08,Low Risk
3315,172.0,2,123.0,222.0,1,0.925,High Risk
3316,115.0,2,109.0,281.0,1,0.85,High Risk
3317,95.0,3,3796.0,516.0,1,0.68,Medium Risk
3318,81.0,2,81.0,357.0,0,0.2829,Low Risk
3319,156.0,2,138.0,323.0,1,0.635,Medium Risk
3320,54.0,2,138.0,211.0,0,0.035,Low Risk
3321,132.0,2,262.0,194.0,1,0.875,High Risk
3322,3.0,2,77.0,75.0,0,0.0,Low Risk
3323,141.0,3,5111.0,515.0,1,0.53,Medium Risk
3324,126.0,3,5221.0,502.0,1,0.865,High Risk
3325,134.0,3,5121.0,511.0,1,0.715,High Risk
3326,102.0,3,5152.0,491.0,1,0.905,High Risk
3327,107.0,3,5207.0,511.0,1,0.9,High Risk
3328,71.0,1,32.0,71.0,0,0.0,Low Risk
3329,117.0,5,308.0,340.0,1,0.63,Medium Risk
3330,365.0,1,92.0,365.0,1,1.0,High Risk
3331,259.0,1,806.0,259.0,1,1.0,High Risk
3332,127.0,1,57.0,127.0,1,1.0,High Risk
3333,151.0,4,102.0,236.0,1,0.555,Medium Risk
3334,62.0,1,81.0,62.0,0,0.0,Low Risk
3335,261.0,2,1848.0,553.0,1,0.96,High Risk
3336,244.0,2,1804.0,577.0,1,0.855,High Risk
3337,259.0,2,1893.0,571.0,1,0.795,High Risk
3338,260.0,2,1814.0,543.0,1,0.995,High Risk
3339,256.0,1,828.0,256.0,1,1.0,High Risk
3340,350.0,1,72.0,350.0,1,1.0,High Risk
3341,23.0,1,22.0,23.0,0,0.0,Low Risk
3342,6.0,4,244.0,202.0,0,0.005,Low Risk
3343,253.0,2,1804.0,546.0,1,1.0,High Risk
3344,272.0,2,1839.0,528.0,1,0.95,High Risk
3345,37.0,2,127.0,284.0,0,0.085,Low Risk
3346,42.0,3,3639.0,516.0,0,0.16,Low Risk
3347,58.0,3,3582.0,489.0,0,0.125,Low Risk
3348,196.0,2,2899.0,493.0,1,0.925,High Risk
3349,189.0,2,2988.0,511.0,1,0.99,High Risk
3350,139.0,1,57.0,139.0,1,1.0,High Risk
3351,132.0,1,72.0,132.0,1,1.0,High Risk
3352,314.0,1,57.0,314.0,1,1.0,High Risk
3353,202.0,1,86.0,202.0,1,0.995,High Risk
3354,298.0,3,129.0,318.0,1,0.525,Medium Risk
3355,90.0,2,2755.0,522.0,0,0.19,Low Risk
3356,259.0,2,1804.0,532.0,1,0.965,High Risk
3357,236.0,2,3352.0,523.0,1,1.0,High Risk
3358,231.0,2,3337.0,520.0,1,1.0,High Risk
3359,183.0,1,46.0,183.0,1,1.0,High Risk
3360,75.0,3,256.0,352.0,0,0.08,Low Risk
3361,96.0,1,86.0,96.0,1,0.995,High Risk
3362,22.0,1,107.0,22.0,0,0.0,Low Risk
3363,260.0,2,1845.0,534.0,1,0.985,High Risk
3364,72.0,3,193.0,274.0,0,0.15,Low Risk
3365,227.0,2,1893.0,533.0,1,0.965,High Risk
3366,215.0,2,1804.0,546.0,1,1.0,High Risk
3367,215.0,2,1897.0,500.0,1,0.955,High Risk
3368,233.0,2,1839.0,512.0,1,0.96,High Risk
3369,14.0,1,86.0,14.0,0,0.0,Low Risk
3370,206.0,1,46.0,206.0,1,1.0,High Risk
3371,187.0,3,123.0,199.0,1,0.625,Medium Risk
3372,24.0,3,120.0,319.0,0,0.065,Low Risk
3373,231.0,1,24.0,231.0,1,1.0,High Risk
3374,221.0,1,76.0,221.0,1,1.0,High Risk
3375,242.0,2,3362.0,488.0,1,0.99,High Risk
3376,210.0,1,40.0,210.0,1,1.0,High Risk
3377,182.0,1,72.0,182.0,1,1.0,High Risk
3378,236.0,2,3320.0,503.0,1,0.97,High Risk
3379,241.0,2,1808.0,498.0,1,0.91,High Risk
3380,242.0,2,1854.0,495.0,1,0.985,High Risk
3381,217.0,2,3330.0,497.0,1,0.92,High Risk
3382,225.0,2,3330.0,513.0,1,0.995,High Risk
3383,230.0,2,3374.0,513.0,1,1.0,High Risk
3384,170.0,1,57.0,170.0,1,1.0,High Risk
3385,114.0,1,94.0,114.0,1,1.0,High Risk
3386,221.0,2,1777.0,467.0,1,0.98,High Risk
3387,219.0,2,1917.0,475.0,1,0.96,High Risk
3388,271.0,1,898.0,271.0,1,1.0,High Risk
3389,245.0,1,81.0,245.0,1,1.0,High Risk
3390,90.0,1,7.0,90.0,0,0.0,Low Risk
3391,86.0,1,40.0,86.0,0,0.0,Low Risk
3392,126.0,1,22.0,126.0,1,1.0,High Risk
3393,183.0,2,3295.0,477.0,1,0.985,High Risk
3394,121.0,1,32.0,121.0,1,1.0,High Risk
3395,190.0,2,3344.0,466.0,1,0.995,High Risk
3396,103.0,1,96.0,103.0,1,1.0,High Risk
3397,195.0,1,77.0,195.0,1,1.0,High Risk
3398,3.0,1,40.0,3.0,0,0.0,Low Risk
3399,215.0,2,1804.0,473.0,1,0.99,High Risk
3400,291.0,1,5.0,291.0,1,1.0,High Risk
3401,198.0,2,3357.0,483.0,1,0.995,High Risk
3402,251.0,1,15.0,251.0,1,1.0,High Risk
3403,28.0,1,40.0,28.0,0,0.0,Low Risk
3404,46.0,1,7.0,46.0,0,0.0,Low Risk
3405,340.0,1,5.0,340.0,1,1.0,High Risk
3406,129.0,1,64.0,129.0,1,1.0,High Risk
3407,234.0,2,1850.0,479.0,1,0.955,High Risk
3408,25.0,1,64.0,25.0,0,0.0,Low Risk
3409,53.0,1,66.0,53.0,0,0.0,Low Risk
3410,211.0,1,86.0,211.0,1,1.0,High Risk
3411,63.0,1,57.0,63.0,0,0.0,Low Risk
3412,184.0,2,3360.0,482.0,1,0.98,High Risk
3413,206.0,2,3320.0,458.0,1,0.94,High Risk
3414,239.0,2,1889.0,463.0,1,0.98,High Risk
3415,213.0,2,1793.0,471.0,1,0.975,High Risk
3416,215.0,2,1769.0,471.0,1,0.975,High Risk
3417,253.0,1,769.0,253.0,1,1.0,High Risk
3418,226.0,2,1848.0,483.0,1,0.905,High Risk
3419,237.0,2,1928.0,484.0,1,0.91,High Risk
3420,196.0,2,3371.0,442.0,1,0.955,High Risk
3421,211.0,2,3320.0,428.0,1,0.965,High Risk
3422,189.0,2,3369.0,449.0,1,0.98,High Risk
3423,297.0,1,39.0,297.0,1,1.0,High Risk
3424,258.0,2,142.0,299.0,1,0.775,High Risk
3425,125.0,3,6999.0,695.0,1,0.95,High Risk
3426,231.0,3,8332.0,866.0,1,0.985,High Risk
3427,226.0,3,8319.0,860.0,1,0.99,High Risk
3428,154.0,3,8451.0,1028.0,1,1.0,High Risk
3429,199.0,3,8321.0,883.0,1,0.97,High Risk
3430,165.0,3,8394.0,1034.0,1,0.995,High Risk
3431,118.0,1,31.0,118.0,1,1.0,High Risk
3432,14.0,1,22.0,14.0,0,0.0,Low Risk
3433,138.0,1,22.0,138.0,1,1.0,High Risk
3434,205.0,2,3342.0,449.0,1,0.925,High Risk
3435,207.0,2,3396.0,442.0,1,0.97,High Risk
3436,169.0,1,81.0,169.0,1,0.995,High Risk
3437,125.0,2,4776.0,256.0,1,1.0,High Risk
3438,41.0,1,22.0,41.0,0,0.0,Low Risk
3439,186.0,2,3352.0,447.0,1,0.975,High Risk
3440,193.0,2,3312.0,452.0,1,0.945,High Risk
3441,193.0,2,3367.0,455.0,1,0.985,High Risk
3442,280.0,1,142.0,280.0,1,1.0,High Risk
3443,195.0,2,3370.0,436.0,1,0.875,High Risk
3444,313.0,1,22.0,313.0,1,1.0,High Risk
3445,218.0,1,31.0,218.0,1,1.0,High Risk
3446,297.0,1,101.0,297.0,1,1.0,High Risk
3447,67.0,3,146.0,361.0,0,0.115,Low Risk
3448,202.0,2,3385.0,438.0,1,0.76,High Risk
3449,189.0,2,3370.0,443.0,1,0.87,High Risk
3450,210.0,2,3355.0,444.0,1,0.76,High Risk
3451,250.0,1,181.0,250.0,1,1.0,High Risk
3452,201.0,2,3362.0,451.0,1,0.975,High Risk
3453,204.0,2,3377.0,442.0,1,0.97,High Risk
3454,188.0,2,3401.0,450.0,1,0.99,High Risk
3455,301.0,1,32.0,301.0,1,1.0,High Risk
3456,76.0,3,219.0,332.0,0,0.065,Low Risk
3457,211.0,2,3406.0,455.0,1,1.0,High Risk
3458,186.0,2,3359.0,424.0,1,0.765,High Risk
3459,136.0,3,134.0,195.0,1,0.79,High Risk
3460,136.0,2,4775.0,228.0,1,0.995,High Risk
3461,55.0,1,96.0,55.0,0,0.0,Low Risk
3462,199.0,2,3310.0,404.0,1,0.975,High Risk
3463,133.0,1,22.0,133.0,1,1.0,High Risk
3464,326.0,1,68.0,326.0,1,1.0,High Risk
3465,209.0,2,3357.0,409.0,1,0.93,High Risk
3466,354.0,1,7.0,354.0,1,1.0,High Risk
3467,107.0,1,91.0,107.0,1,1.0,High Risk
3468,263.0,1,40.0,263.0,1,1.0,High Risk
3469,351.0,1,7.0,351.0,1,1.0,High Risk
3470,303.0,1,64.0,303.0,1,1.0,High Risk
3471,202.0,2,3382.0,407.0,1,0.84,High Risk
3472,201.0,2,3355.0,423.0,1,0.685,Medium Risk
3473,185.0,2,3503.0,399.0,1,0.95,High Risk
3474,188.0,2,3414.0,417.0,1,0.685,Medium Risk
3475,0.0,1,7.0,0.0,0,0.0,Low Risk
3476,286.0,1,7.0,286.0,1,1.0,High Risk
3477,155.0,1,7.0,155.0,1,1.0,High Risk
3478,185.0,2,3342.0,420.0,1,0.73,High Risk
3479,146.0,2,4795.0,233.0,1,0.98,High Risk
3480,47.0,1,82.0,47.0,0,0.0,Low Risk
3481,88.0,3,195.0,169.0,0,0.03,Low Risk
3482,184.0,2,3360.0,406.0,1,0.84,High Risk
3483,23.0,1,90.0,23.0,0,0.0,Low Risk
3484,257.0,1,40.0,257.0,1,1.0,High Risk
3485,210.0,2,3345.0,422.0,1,0.86,High Risk
3486,200.0,2,3312.0,406.0,1,0.9,High Risk
3487,212.0,2,3310.0,426.0,1,0.87,High Risk
3488,233.0,1,40.0,233.0,1,1.0,High Risk
3489,111.0,1,68.0,111.0,1,1.0,High Risk
3490,93.0,1,40.0,93.0,1,1.0,High Risk
3491,55.0,1,40.0,55.0,0,0.0,Low Risk
3492,247.0,1,127.0,247.0,1,1.0,High Risk
3493,283.0,1,7.0,283.0,1,1.0,High Risk
3494,54.0,1,55.0,54.0,0,0.0,Low Risk
3495,233.0,2,1769.0,423.0,1,0.86,High Risk
3496,219.0,2,1839.0,406.0,1,0.74,High Risk
3497,238.0,1,804.0,238.0,1,1.0,High Risk
3498,241.0,1,804.0,241.0,1,1.0,High Risk
3499,203.0,2,3394.0,425.0,1,0.63,Medium Risk
3500,90.0,1,15.0,90.0,0,0.0,Low Risk
3501,13.0,1,64.0,13.0,0,0.0,Low Risk
3502,199.0,2,2994.0,1126.0,1,0.7,High Risk
3503,121.0,3,122.0,316.0,1,0.53,Medium Risk
3504,255.0,1,40.0,255.0,1,1.0,High Risk
3505,6.0,3,162.0,190.0,0,0.72,High Risk
3506,348.0,1,62.0,348.0,1,1.0,High Risk
3507,76.0,1,40.0,76.0,0,0.0,Low Risk
3508,350.0,1,40.0,350.0,1,1.0,High Risk
3509,245.0,1,55.0,245.0,1,1.0,High Risk
3510,121.0,1,164.0,121.0,1,0.995,High Risk
3511,189.0,2,3036.0,1102.0,1,0.6,Medium Risk
3512,298.0,1,90.0,298.0,1,1.0,High Risk
3513,356.0,1,40.0,356.0,1,1.0,High Risk
3514,100.0,1,5.0,100.0,1,1.0,High Risk
3515,2.0,1,142.0,2.0,0,0.0,Low Risk
3516,105.0,1,57.0,105.0,1,1.0,High Risk
3517,199.0,2,79.0,341.0,1,0.705,High Risk
3518,100.0,2,83.0,202.0,1,0.8,High Risk
3519,180.0,2,127.0,345.0,1,0.805,High Risk
3520,321.0,1,81.0,321.0,1,1.0,High Risk
3521,235.0,2,1503.0,1120.0,1,1.0,High Risk
3522,76.0,2,118.0,194.0,0,0.775,High Risk
3523,126.0,2,127.0,259.0,1,0.67,Medium Risk
3524,239.0,2,3807.0,499.0,1,0.995,High Risk
3525,176.0,2,3001.0,695.0,1,0.88,High Risk
3526,94.0,3,6665.0,1026.0,1,0.78,High Risk
3527,227.0,1,29.0,227.0,1,1.0,High Risk
3528,79.0,1,5.0,79.0,0,0.0,Low Risk
3529,185.0,1,5.0,185.0,1,1.0,High Risk
3530,37.0,2,254.0,290.0,0,0.88,High Risk
3531,75.0,2,73.0,314.0,0,0.7412,High Risk
3532,306.0,2,191.0,338.0,1,0.755,High Risk
3533,319.0,1,22.0,319.0,1,1.0,High Risk
3534,29.0,2,161.0,146.0,0,0.02,Low Risk
3535,85.0,1,37.0,85.0,0,0.0,Low Risk
3536,317.0,2,123.0,326.0,1,0.5948,Medium Risk
3537,209.0,1,69.0,209.0,1,1.0,High Risk
3538,205.0,1,42.0,205.0,1,0.995,High Risk
3539,135.0,2,3017.0,695.0,1,0.91,High Risk
3540,122.0,2,3271.0,697.0,1,0.575,Medium Risk
3541,147.0,2,156.0,325.0,1,0.895,High Risk
3542,131.0,2,4397.0,873.0,1,0.925,High Risk
3543,115.0,2,115.0,193.0,1,0.83,High Risk
3544,207.0,1,42.0,207.0,1,1.0,High Risk
3545,262.0,1,40.0,262.0,1,1.0,High Risk
3546,14.0,2,113.0,290.0,0,0.035,Low Risk
3547,27.0,2,153.0,316.0,0,0.135,Low Risk
3548,36.0,2,193.0,66.0,0,0.0,Low Risk
3549,88.0,1,125.0,88.0,0,0.0,Low Risk
3550,165.0,1,75.0,165.0,1,1.0,High Risk
3551,143.0,1,49.0,143.0,1,1.0,High Risk
3552,39.0,1,112.0,39.0,0,0.0,Low Risk
3553,68.0,2,104.0,98.0,0,0.03,Low Risk
3554,277.0,2,148.0,314.0,1,0.695,Medium Risk
3555,172.0,2,178.0,296.0,1,0.79,High Risk
3556,102.0,2,3021.0,671.0,1,0.865,High Risk
3557,124.0,1,20.0,124.0,1,1.0,High Risk
3558,5.0,2,118.0,364.0,0,0.115,Low Risk
3559,231.0,2,1527.0,1099.0,1,0.985,High Risk
3560,239.0,2,1547.0,1108.0,1,0.965,High Risk
3561,241.0,2,1538.0,1119.0,1,0.995,High Risk
3562,78.0,3,159.0,361.0,0,0.11,Low Risk
3563,254.0,1,7.0,254.0,1,1.0,High Risk
3564,188.0,1,40.0,188.0,1,0.995,High Risk
3565,40.0,1,125.0,40.0,0,0.0,Low Risk
3566,219.0,2,1503.0,1090.0,1,1.0,High Risk
3567,121.0,3,402.0,286.0,1,0.76,High Risk
3568,53.0,3,161.0,365.0,0,0.03,Low Risk
3569,296.0,1,55.0,296.0,1,1.0,High Risk
3570,98.0,1,7.0,98.0,1,1.0,High Risk
3571,268.0,1,40.0,268.0,1,1.0,High Risk
3572,160.0,1,90.0,160.0,1,1.0,High Risk
3573,190.0,2,3016.0,1077.0,1,0.735,High Risk
3574,124.0,1,40.0,124.0,1,1.0,High Risk
3575,63.0,3,177.0,219.0,0,0.01,Low Risk
3576,5.0,1,186.0,5.0,0,0.0,Low Risk
3577,201.0,2,1476.0,1083.0,1,0.995,High Risk
3578,203.0,2,1505.0,1067.0,1,0.99,High Risk
3579,214.0,1,848.0,214.0,1,1.0,High Risk
3580,331.0,1,125.0,331.0,1,1.0,High Risk
3581,211.0,2,1468.0,1049.0,1,0.995,High Risk
3582,211.0,2,1562.0,1059.0,1,0.98,High Risk
3583,65.0,3,112.0,352.0,0,0.275,Low Risk
3584,25.0,1,5.0,25.0,0,0.0,Low Risk
3585,194.0,2,3040.0,1058.0,1,0.82,High Risk
3586,189.0,2,3016.0,1039.0,1,0.92,High Risk
3587,39.0,3,234.0,70.0,0,0.0,Low Risk
3588,246.0,1,7.0,246.0,1,1.0,High Risk
3589,130.0,1,40.0,130.0,1,1.0,High Risk
3590,197.0,2,1468.0,1036.0,1,1.0,High Risk
3591,198.0,2,1597.0,1046.0,1,1.0,High Risk
3592,203.0,2,1500.0,1027.0,1,1.0,High Risk
3593,240.0,1,5.0,240.0,1,1.0,High Risk
3594,225.0,1,7.0,225.0,1,1.0,High Risk
3595,275.0,1,164.0,275.0,1,1.0,High Risk
3596,90.0,1,40.0,90.0,0,0.0,Low Risk
3597,190.0,2,3056.0,1022.0,1,0.915,High Risk
3598,99.0,2,4803.0,214.0,1,0.79,High Risk
3599,107.0,2,4839.0,239.0,1,0.945,High Risk
3600,204.0,2,3054.0,1012.0,1,0.92,High Risk
3601,140.0,1,40.0,140.0,1,1.0,High Risk
3602,201.0,2,3076.0,1005.0,1,0.91,High Risk
3603,206.0,2,3150.0,1028.0,1,0.98,High Risk
3604,184.0,2,3034.0,1027.0,1,0.9,High Risk
3605,268.0,3,138.0,358.0,1,0.825,High Risk
3606,110.0,2,4750.0,215.0,1,0.895,High Risk
3607,104.0,2,4716.0,223.0,1,0.995,High Risk
3608,79.0,1,5.0,79.0,0,0.0,Low Risk
3609,282.0,1,40.0,282.0,1,1.0,High Risk
3610,223.0,1,5.0,223.0,1,1.0,High Risk
3611,186.0,2,1468.0,1029.0,1,1.0,High Risk
3612,107.0,3,305.0,146.0,1,0.495,Medium Risk
3613,55.0,1,40.0,55.0,0,0.0,Low Risk
3614,205.0,2,1601.0,1006.0,1,0.98,High Risk
3615,194.0,2,1645.0,976.0,1,0.985,High Risk
3616,90.0,1,29.0,90.0,0,0.0,Low Risk
3617,205.0,2,1538.0,978.0,1,1.0,High Risk
3618,199.0,2,1538.0,992.0,1,0.995,High Risk
3619,120.0,1,40.0,120.0,1,1.0,High Risk
3620,98.0,1,40.0,98.0,1,1.0,High Risk
3621,180.0,1,5.0,180.0,1,1.0,High Risk
3622,39.0,1,104.0,39.0,0,0.0,Low Risk
3623,260.0,1,29.0,260.0,1,1.0,High Risk
3624,328.0,1,64.0,328.0,1,1.0,High Risk
3625,92.0,1,40.0,92.0,1,1.0,High Risk
3626,91.0,1,7.0,91.0,1,0.99,High Risk
3627,36.0,3,197.0,298.0,0,0.135,Low Risk
3628,213.0,1,7.0,213.0,1,1.0,High Risk
3629,111.0,1,5.0,111.0,1,1.0,High Risk
3630,327.0,1,5.0,327.0,1,1.0,High Risk
3631,87.0,1,5.0,87.0,0,0.0,Low Risk
3632,196.0,1,848.0,196.0,1,1.0,High Risk
3633,21.0,3,157.0,333.0,0,0.05,Low Risk
3634,89.0,3,243.0,346.0,0,0.12,Low Risk
3635,186.0,2,1538.0,974.0,1,0.99,High Risk
3636,173.0,1,37.0,173.0,1,1.0,High Risk
3637,202.0,2,1538.0,981.0,1,1.0,High Risk
3638,126.0,1,40.0,126.0,1,1.0,High Risk
3639,41.0,1,27.0,41.0,0,0.0,Low Risk
3640,197.0,2,1547.0,989.0,1,0.98,High Risk
3641,185.0,1,812.0,185.0,1,1.0,High Risk
3642,104.0,3,120.0,295.0,1,0.055,Low Risk
3643,247.0,1,7.0,247.0,1,1.0,High Risk
3644,161.0,2,1612.0,970.0,1,0.99,High Risk
3645,352.0,1,7.0,352.0,1,1.0,High Risk
3646,164.0,2,1538.0,949.0,1,0.995,High Risk
3647,179.0,2,1538.0,948.0,1,1.0,High Risk
3648,158.0,2,1588.0,953.0,1,0.995,High Risk
3649,210.0,2,3024.0,958.0,1,0.55,Medium Risk
3650,179.0,2,1601.0,953.0,1,0.99,High Risk
3651,161.0,2,1538.0,946.0,1,0.985,High Risk
3652,167.0,2,1588.0,966.0,1,0.995,High Risk
3653,154.0,2,1527.0,951.0,1,0.98,High Risk
3654,176.0,2,1547.0,918.0,1,0.975,High Risk
3655,302.0,1,7.0,302.0,1,1.0,High Risk
3656,263.0,3,175.0,341.0,1,0.675,Medium Risk
3657,199.0,2,3084.0,930.0,1,0.82,High Risk
3658,204.0,2,3076.0,942.0,1,0.78,High Risk
3659,84.0,3,93.0,238.0,0,0.055,Low Risk
3660,246.0,1,40.0,246.0,1,1.0,High Risk
3661,171.0,2,1588.0,924.0,1,0.99,High Risk
3662,177.0,3,195.0,271.0,1,0.785,High Risk
3663,170.0,2,1602.0,918.0,1,0.99,High Risk
3664,73.0,1,105.0,73.0,0,0.0,Low Risk
3665,193.0,2,3100.0,913.0,1,0.54,Medium Risk
3666,199.0,2,81.0,220.0,1,0.755,High Risk
3667,110.0,3,5199.0,505.0,1,0.865,High Risk
3668,101.0,3,5295.0,491.0,1,0.77,High Risk
3669,94.0,3,5216.0,511.0,1,0.9,High Risk
3670,59.0,2,90.0,144.0,0,0.045,Low Risk
3671,208.0,2,2919.0,507.0,1,0.99,High Risk
3672,171.0,2,2933.0,490.0,1,0.985,High Risk
3673,74.0,3,5237.0,489.0,0,0.145,Low Risk
3674,61.0,3,5117.0,506.0,0,0.12,Low Risk
3675,72.0,2,143.0,151.0,0,0.01,Low Risk
3676,23.0,2,238.0,235.0,0,0.13,Low Risk
3677,76.0,3,5188.0,501.0,0,0.06,Low Risk
3678,33.0,2,81.0,262.0,0,0.155,Low Risk
3679,17.0,2,168.0,343.0,0,0.14,Low Risk
3680,13.0,2,88.0,34.0,0,0.005,Low Risk
3681,0.0,2,164.0,61.0,0,0.0,Low Risk
3682,84.0,3,5178.0,517.0,0,0.065,Low Risk
3683,53.0,2,138.0,256.0,0,0.255,Low Risk
3684,123.0,3,99.0,333.0,1,0.19,Low Risk
3685,23.0,3,93.0,104.0,0,0.005,Low Risk
3686,98.0,3,146.0,180.0,1,0.75,High Risk
3687,80.0,3,204.0,290.0,0,0.11,Low Risk
3688,142.0,1,81.0,142.0,1,1.0,High Risk
3689,339.0,1,75.0,339.0,1,1.0,High Risk
3690,30.0,1,5.0,30.0,0,0.0,Low Risk
3691,39.0,1,129.0,39.0,0,0.0,Low Risk
3692,148.0,1,90.0,148.0,1,1.0,High Risk
3693,17.0,2,106.0,78.0,0,0.0,Low Risk
3694,114.0,1,40.0,114.0,1,1.0,High Risk
3695,238.0,2,157.0,327.0,1,0.5,Medium Risk
3696,86.0,1,49.0,86.0,0,0.0,Low Risk
3697,291.0,1,42.0,291.0,1,1.0,High Risk
3698,120.0,3,6684.0,975.0,1,0.62,Medium Risk
3699,47.0,1,61.0,47.0,0,0.0,Low Risk
3700,206.0,1,79.0,206.0,1,1.0,High Risk
3701,105.0,2,5904.0,977.0,1,0.81,High Risk
3702,115.0,2,3001.0,685.0,1,0.905,High Risk
3703,114.0,3,6729.0,997.0,1,0.795,High Risk
3704,345.0,1,42.0,345.0,1,0.995,High Risk
3705,358.0,1,96.0,358.0,1,0.995,High Risk
3706,92.0,2,5875.0,992.0,1,0.965,High Risk
3707,144.0,1,25.0,144.0,1,1.0,High Risk
3708,350.0,1,37.0,350.0,1,1.0,High Risk
3709,93.0,2,2966.0,650.0,1,0.815,High Risk
3710,142.0,2,4397.0,867.0,1,0.62,Medium Risk
3711,110.0,1,40.0,110.0,1,1.0,High Risk
3712,307.0,1,72.0,307.0,1,1.0,High Risk
3713,116.0,3,6660.0,984.0,1,0.62,Medium Risk
3714,55.0,3,6461.0,870.0,0,0.04,Low Risk
3715,32.0,3,5386.0,646.0,0,0.065,Low Risk
3716,117.0,1,31.0,117.0,1,1.0,High Risk
3717,50.0,3,5300.0,659.0,0,0.1,Low Risk
3718,264.0,2,114.0,321.0,1,0.61,Medium Risk
3719,328.0,1,64.0,328.0,1,1.0,High Risk
3720,36.0,3,5512.0,661.0,0,0.695,Medium Risk
3721,95.0,2,5900.0,990.0,1,0.7,High Risk
3722,47.0,1,5.0,47.0,0,0.0,Low Risk
3723,177.0,2,1468.0,912.0,1,0.99,High Risk
3724,222.0,3,88.0,314.0,1,0.43,Medium Risk
3725,17.0,3,120.0,253.0,0,0.05,Low Risk
3726,50.0,3,319.0,316.0,0,0.035,Low Risk
3727,160.0,2,1483.0,918.0,1,0.995,High Risk
3728,168.0,2,1562.0,935.0,1,0.995,High Risk
3729,158.0,2,1562.0,919.0,1,1.0,High Risk
3730,199.0,1,5.0,199.0,1,1.0,High Risk
3731,32.0,2,2588.0,886.0,0,0.705,High Risk
3732,51.0,2,2435.0,887.0,0,0.17,Low Risk
3733,55.0,2,2450.0,908.0,0,0.11,Low Risk
3734,337.0,2,1854.0,911.0,1,0.995,High Risk
3735,334.0,2,1854.0,906.0,1,1.0,High Risk
3736,316.0,2,1854.0,906.0,1,1.0,High Risk
3737,333.0,1,86.0,333.0,1,1.0,High Risk
3738,259.0,2,1873.0,888.0,1,0.99,High Risk
3739,150.0,2,1503.0,870.0,1,1.0,High Risk
3740,134.0,2,1500.0,858.0,1,1.0,High Risk
3741,146.0,2,1533.0,881.0,1,1.0,High Risk
3742,131.0,2,1588.0,867.0,1,1.0,High Risk
3743,164.0,1,7.0,164.0,1,1.0,High Risk
3744,206.0,1,64.0,206.0,1,1.0,High Risk
3745,129.0,2,1505.0,881.0,1,1.0,High Risk
3746,184.0,1,902.0,184.0,1,1.0,High Risk
3747,137.0,2,1588.0,875.0,1,1.0,High Risk
3748,122.0,2,1503.0,866.0,1,1.0,High Risk
3749,181.0,1,125.0,181.0,1,1.0,High Risk
3750,318.0,1,99.0,318.0,1,1.0,High Risk
3751,128.0,2,1612.0,866.0,1,0.99,High Risk
3752,212.0,1,7.0,212.0,1,1.0,High Risk
3753,130.0,2,1527.0,823.0,1,0.98,High Risk
3754,127.0,2,1468.0,850.0,1,1.0,High Risk
3755,126.0,2,1500.0,846.0,1,1.0,High Risk
3756,122.0,2,1592.0,828.0,1,0.965,High Risk
3757,147.0,2,1588.0,825.0,1,0.995,High Risk
3758,142.0,2,1538.0,833.0,1,1.0,High Risk
3759,269.0,1,40.0,269.0,1,1.0,High Risk
3760,17.0,1,7.0,17.0,0,0.0,Low Risk
3761,47.0,3,167.0,237.0,0,0.01,Low Risk
3762,359.0,1,40.0,359.0,1,1.0,High Risk
3763,215.0,1,5.0,215.0,1,1.0,High Risk
3764,162.0,1,5.0,162.0,1,1.0,High Risk
3765,52.0,1,7.0,52.0,0,0.0,Low Risk
3766,19.0,3,120.0,155.0,0,0.03,Low Risk
3767,64.0,1,5.0,64.0,0,0.0,Low Risk
3768,121.0,1,30.0,121.0,1,1.0,High Risk
3769,241.0,1,107.0,241.0,1,1.0,High Risk
3770,119.0,2,4397.0,877.0,1,0.96,High Risk
3771,109.0,3,6679.0,945.0,1,0.48,Medium Risk
3772,103.0,3,6689.0,955.0,1,0.55,Medium Risk
3773,96.0,2,4379.0,864.0,1,0.67,Medium Risk
3774,213.0,3,7016.0,666.0,1,0.99,High Risk
3775,52.0,3,6434.0,880.0,0,0.06,Low Risk
3776,237.0,3,8404.0,876.0,1,0.915,High Risk
3777,113.0,2,5908.0,951.0,1,0.59,Medium Risk
3778,97.0,2,5923.0,971.0,1,0.755,High Risk
3779,72.0,3,6673.0,960.0,0,0.065,Low Risk
3780,104.0,2,3262.0,653.0,1,0.78,High Risk
3781,93.0,1,7.0,93.0,1,1.0,High Risk
3782,44.0,1,57.0,44.0,0,0.0,Low Risk
3783,343.0,1,67.0,343.0,1,1.0,High Risk
3784,128.0,2,159.0,136.0,1,0.52,Medium Risk
3785,54.0,2,156.0,208.0,0,0.03,Low Risk
3786,24.0,1,49.0,24.0,0,0.0,Low Risk
3787,170.0,1,67.0,170.0,1,1.0,High Risk
3788,60.0,2,163.0,184.0,0,0.045,Low Risk
3789,331.0,1,5.0,331.0,1,1.0,High Risk
3790,104.0,2,4382.0,861.0,1,0.51,Medium Risk
3791,225.0,3,7005.0,650.0,1,1.0,High Risk
3792,220.0,3,7210.0,640.0,1,0.98,High Risk
3793,92.0,2,5913.0,943.0,1,0.665,Medium Risk
3794,98.0,2,5948.0,965.0,1,0.48,Medium Risk
3795,77.0,2,5873.0,952.0,0,0.885,High Risk
3796,107.0,2,4379.0,879.0,1,0.935,High Risk
3797,64.0,2,3071.0,644.0,0,0.045,Low Risk
3798,95.0,2,4397.0,858.0,1,0.445,Medium Risk
3799,68.0,2,3001.0,658.0,0,0.07,Low Risk
3800,261.0,2,163.0,344.0,1,0.71,High Risk
3801,91.0,2,4390.0,878.0,1,0.925,High Risk
3802,79.0,2,4382.0,852.0,0,0.355,Low Risk
3803,85.0,2,3286.0,640.0,0,0.045,Low Risk
3804,90.0,2,4355.0,836.0,0,0.455,Medium Risk
3805,184.0,2,139.0,274.0,1,0.745,High Risk
3806,220.0,1,101.0,220.0,1,1.0,High Risk
3807,229.0,2,243.0,281.0,1,0.855,High Risk
3808,128.0,1,40.0,128.0,1,1.0,High Risk
3809,80.0,2,164.0,233.0,0,0.06,Low Risk
3810,179.0,2,115.0,332.0,1,0.6056,Medium Risk
3811,238.0,1,40.0,238.0,1,1.0,High Risk
3812,317.0,1,37.0,317.0,1,1.0,High Risk
3813,244.0,1,64.0,244.0,1,1.0,High Risk
3814,45.0,2,3341.0,615.0,0,0.15,Low Risk
3815,326.0,2,128.0,352.0,1,0.57,Medium Risk
3816,75.0,1,64.0,75.0,0,0.0,Low Risk
3817,50.0,1,64.0,50.0,0,0.0,Low Risk
3818,155.0,1,64.0,155.0,1,1.0,High Risk
3819,57.0,2,2974.0,630.0,0,0.145,Low Risk
3820,68.0,2,4355.0,843.0,0,0.455,Medium Risk
3821,348.0,1,37.0,348.0,1,1.0,High Risk
3822,318.0,1,30.0,318.0,1,1.0,High Risk
3823,66.0,2,4397.0,843.0,0,0.31,Low Risk
3824,62.0,2,4392.0,849.0,0,0.075,Low Risk
3825,80.0,2,4441.0,833.0,0,0.45,Medium Risk
3826,223.0,1,61.0,223.0,1,1.0,High Risk
3827,166.0,1,40.0,166.0,1,1.0,High Risk
3828,48.0,2,4467.0,844.0,0,0.115,Low Risk
3829,289.0,1,76.0,289.0,1,1.0,High Risk
3830,229.0,1,91.0,229.0,1,1.0,High Risk
3831,243.0,3,8346.0,826.0,1,0.98,High Risk
3832,76.0,2,5912.0,946.0,0,0.135,Low Risk
3833,79.0,2,5938.0,959.0,0,0.135,Low Risk
3834,81.0,3,6679.0,962.0,0,0.3,Low Risk
3835,50.0,2,4397.0,811.0,0,0.26,Low Risk
3836,233.0,1,81.0,233.0,1,1.0,High Risk
3837,163.0,2,115.0,336.0,1,0.3093,Low Risk
3838,72.0,1,117.0,72.0,0,0.0,Low Risk
3839,35.0,2,4414.0,805.0,0,0.11,Low Risk
3840,234.0,2,156.0,241.0,1,0.46,Medium Risk
3841,138.0,2,158.0,341.0,1,0.675,Medium Risk
3842,148.0,1,86.0,148.0,1,1.0,High Risk
3843,326.0,1,100.0,326.0,1,1.0,High Risk
3844,63.0,3,6690.0,956.0,0,0.065,Low Risk
3845,105.0,1,86.0,105.0,1,1.0,High Risk
3846,346.0,1,7.0,346.0,1,1.0,High Risk
3847,79.0,3,6744.0,923.0,0,0.0,Low Risk
3848,70.0,3,6725.0,922.0,0,0.04,Low Risk
3849,350.0,2,2747.0,627.0,1,0.985,High Risk
3850,302.0,1,57.0,302.0,1,1.0,High Risk
3851,164.0,1,40.0,164.0,1,1.0,High Risk
3852,339.0,2,2803.0,633.0,1,0.95,High Risk
3853,138.0,2,1468.0,847.0,1,1.0,High Risk
3854,57.0,2,38.0,164.0,0,0.095,Low Risk
3855,158.0,2,73.0,183.0,1,0.675,Medium Risk
3856,233.0,2,3759.0,507.0,1,0.995,High Risk
3857,13.0,1,40.0,13.0,0,0.0,Low Risk
3858,248.0,2,88.0,342.0,1,0.63,Medium Risk
3859,87.0,2,197.0,331.0,0,0.12,Low Risk
3860,16.0,2,40.0,349.0,0,0.055,Low Risk
3861,218.0,2,67.0,285.0,1,0.84,High Risk
3862,87.0,2,5977.0,924.0,0,0.055,Low Risk
3863,154.0,1,32.0,154.0,1,1.0,High Risk
3864,319.0,1,32.0,319.0,1,1.0,High Risk
3865,112.0,1,70.0,112.0,1,1.0,High Risk
3866,308.0,1,30.0,308.0,1,1.0,High Risk
3867,355.0,1,31.0,355.0,1,1.0,High Risk
3868,200.0,1,839.0,200.0,1,1.0,High Risk
3869,93.0,2,1597.0,852.0,1,0.99,High Risk
3870,5.0,1,55.0,5.0,0,0.0,Low Risk
3871,365.0,1,86.0,365.0,1,0.995,High Risk
3872,157.0,1,848.0,157.0,1,1.0,High Risk
3873,246.0,1,72.0,246.0,1,1.0,High Risk
3874,138.0,1,22.0,138.0,1,1.0,High Risk
3875,142.0,1,804.0,142.0,1,1.0,High Risk
3876,133.0,1,839.0,133.0,1,1.0,High Risk
3877,261.0,1,13.0,261.0,1,1.0,High Risk
3878,143.0,1,889.0,143.0,1,1.0,High Risk
3879,282.0,1,126.0,282.0,1,1.0,High Risk
3880,99.0,2,1612.0,832.0,1,0.99,High Risk
3881,221.0,2,1819.0,841.0,1,0.905,High Risk
3882,97.0,2,1854.0,818.0,1,0.825,High Risk
3883,75.0,2,1854.0,804.0,0,0.93,High Risk
3884,82.0,2,1828.0,820.0,0,0.125,Low Risk
3885,89.0,2,1883.0,793.0,0,0.885,High Risk
3886,116.0,1,1155.0,116.0,1,1.0,High Risk
3887,309.0,1,540.0,309.0,1,1.0,High Risk
3888,296.0,1,87.0,296.0,1,1.0,High Risk
3889,53.0,2,1897.0,799.0,0,0.175,Low Risk
3890,113.0,1,22.0,113.0,1,1.0,High Risk
3891,228.0,1,22.0,228.0,1,1.0,High Risk
3892,106.0,2,1498.0,807.0,1,0.99,High Risk
3893,106.0,2,1468.0,807.0,1,0.99,High Risk
3894,116.0,1,839.0,116.0,1,1.0,High Risk
3895,116.0,2,1503.0,792.0,1,1.0,High Risk
3896,111.0,2,1503.0,820.0,1,0.915,High Risk
3897,102.0,2,1588.0,804.0,1,0.98,High Risk
3898,121.0,3,196.0,323.0,1,0.685,Medium Risk
3899,57.0,1,42.0,57.0,0,0.0,Low Risk
3900,229.0,1,5.0,229.0,1,1.0,High Risk
3901,108.0,1,839.0,108.0,1,1.0,High Risk
3902,352.0,1,7.0,352.0,1,1.0,High Risk
3903,119.0,2,1538.0,807.0,1,0.99,High Risk
3904,289.0,1,62.0,289.0,1,1.0,High Risk
3905,58.0,3,468.0,197.0,0,0.07,Low Risk
3906,131.0,1,164.0,131.0,1,0.995,High Risk
3907,14.0,3,190.0,156.0,0,0.02,Low Risk
3908,151.0,1,127.0,151.0,1,1.0,High Risk
3909,282.0,1,40.0,282.0,1,1.0,High Risk
3910,338.0,1,5.0,338.0,1,1.0,High Risk
3911,93.0,1,839.0,93.0,1,0.985,High Risk
3912,101.0,1,868.0,101.0,1,0.995,High Risk
3913,107.0,2,1547.0,822.0,1,0.925,High Risk
3914,102.0,2,1533.0,777.0,1,0.985,High Risk
3915,96.0,2,1592.0,769.0,1,0.95,High Risk
3916,92.0,2,1538.0,780.0,1,0.975,High Risk
3917,350.0,1,27.0,350.0,1,1.0,High Risk
3918,204.0,1,64.0,204.0,1,1.0,High Risk
3919,177.0,1,13.0,177.0,1,1.0,High Risk
3920,273.0,1,7.0,273.0,1,1.0,High Risk
3921,284.0,1,5.0,284.0,1,1.0,High Risk
3922,342.0,1,7.0,342.0,1,1.0,High Risk
3923,65.0,1,5.0,65.0,0,0.0,Low Risk
3924,93.0,1,15.0,93.0,1,1.0,High Risk
3925,321.0,1,40.0,321.0,1,1.0,High Risk
3926,305.0,2,2722.0,614.0,1,0.975,High Risk
3927,320.0,2,3058.0,612.0,1,0.91,High Risk
3928,369.0,2,4190.0,805.0,1,0.9,High Risk
3929,89.0,3,6706.0,913.0,0,0.0,Low Risk
3930,85.0,3,6646.0,925.0,0,0.0,Low Risk
3931,304.0,2,2722.0,633.0,1,0.985,High Risk
3932,214.0,3,6981.0,610.0,1,0.605,Medium Risk
3933,169.0,1,99.0,169.0,1,0.995,High Risk
3934,2.0,1,37.0,2.0,0,0.0,Low Risk
3935,69.0,2,178.0,79.0,0,0.0,Low Risk
3936,324.0,1,30.0,324.0,1,1.0,High Risk
3937,166.0,1,96.0,166.0,1,1.0,High Risk
3938,80.0,3,6652.0,936.0,0,0.005,Low Risk
3939,122.0,2,108.0,326.0,1,0.632,Medium Risk
3940,215.0,3,8367.0,803.0,1,0.98,High Risk
3941,196.0,3,8367.0,804.0,1,0.995,High Risk
3942,63.0,3,6865.0,929.0,0,0.025,Low Risk
3943,210.0,1,5.0,210.0,1,1.0,High Risk
3944,297.0,1,37.0,297.0,1,1.0,High Risk
3945,240.0,2,3040.0,578.0,1,0.98,High Risk
3946,382.0,2,4260.0,820.0,1,0.965,High Risk
3947,228.0,2,2779.0,595.0,1,0.885,High Risk
3948,82.0,3,6658.0,941.0,0,0.06,Low Risk
3949,225.0,2,2787.0,593.0,1,0.95,High Risk
3950,55.0,3,6795.0,925.0,0,0.0,Low Risk
3951,42.0,3,6709.0,930.0,0,0.0,Low Risk
3952,357.0,2,4153.0,798.0,1,0.99,High Risk
3953,315.0,2,4153.0,796.0,1,0.99,High Risk
3954,312.0,2,203.0,322.0,1,0.76,High Risk
3955,193.0,1,71.0,193.0,1,0.99,High Risk
3956,165.0,2,104.0,204.0,1,0.845,High Risk
3957,316.0,2,4145.0,811.0,1,0.985,High Risk
3958,226.0,2,2808.0,606.0,1,0.72,High Risk
3959,30.0,1,29.0,30.0,0,0.0,Low Risk
3960,140.0,1,40.0,140.0,1,1.0,High Risk
3961,240.0,2,2804.0,595.0,1,0.65,Medium Risk
3962,296.0,1,151.0,296.0,1,1.0,High Risk
3963,5.0,1,64.0,5.0,0,0.0,Low Risk
3964,80.0,1,40.0,80.0,0,0.0,Low Risk
3965,61.0,1,49.0,61.0,0,0.0,Low Risk
3966,189.0,2,2754.0,589.0,1,0.91,High Risk
3967,190.0,2,2747.0,602.0,1,0.955,High Risk
3968,248.0,2,4194.0,805.0,1,0.915,High Risk
3969,182.0,1,49.0,182.0,1,1.0,High Risk
3970,269.0,2,4118.0,780.0,1,0.985,High Risk
3971,62.0,2,159.0,262.0,0,0.015,Low Risk
3972,239.0,1,40.0,239.0,1,1.0,High Risk
3973,48.0,1,57.0,48.0,0,0.0,Low Risk
3974,340.0,1,30.0,340.0,1,1.0,High Risk
3975,38.0,2,159.0,303.0,0,0.065,Low Risk
3976,85.0,2,5957.0,932.0,0,0.635,Medium Risk
3977,233.0,3,7041.0,589.0,1,0.715,High Risk
3978,11.0,1,30.0,11.0,0,0.0,Low Risk
3979,225.0,2,4209.0,768.0,1,0.94,High Risk
3980,240.0,2,4183.0,780.0,1,0.975,High Risk
3981,26.0,1,57.0,26.0,0,0.0,Low Risk
3982,250.0,2,71.0,250.0,1,0.64,Medium Risk
3983,300.0,2,153.0,324.0,1,0.835,High Risk
3984,73.0,2,71.0,268.0,0,0.02,Low Risk
3985,31.0,3,6699.0,928.0,0,0.0,Low Risk
3986,320.0,1,30.0,320.0,1,1.0,High Risk
3987,12.0,2,117.0,124.0,0,0.01,Low Risk
3988,235.0,1,25.0,235.0,1,1.0,High Risk
3989,28.0,2,71.0,217.0,0,0.075,Low Risk
3990,220.0,1,32.0,220.0,1,1.0,High Risk
3991,222.0,2,4173.0,790.0,1,0.96,High Risk
3992,50.0,3,6706.0,924.0,0,0.0,Low Risk
3993,23.0,2,106.0,146.0,0,0.03,Low Risk
3994,195.0,2,153.0,333.0,1,0.605,Medium Risk
3995,243.0,1,30.0,243.0,1,1.0,High Risk
3996,191.0,2,2833.0,580.0,1,0.94,High Risk
3997,212.0,1,22.0,212.0,1,1.0,High Risk
3998,182.0,2,4143.0,784.0,1,1.0,High Risk
3999,174.0,2,3058.0,603.0,1,0.775,High Risk
4000,22.0,2,57.0,26.0,0,0.0,Low Risk
4001,338.0,1,46.0,338.0,1,1.0,High Risk
4002,193.0,1,31.0,193.0,1,1.0,High Risk
4003,169.0,2,2782.0,590.0,1,0.865,High Risk
4004,162.0,2,3048.0,598.0,1,0.75,High Risk
4005,177.0,2,3073.0,580.0,1,0.925,High Risk
4006,108.0,2,1503.0,774.0,1,0.995,High Risk
4007,205.0,2,2994.0,788.0,1,0.795,High Risk
4008,76.0,3,210.0,338.0,0,0.435,Medium Risk
4009,94.0,3,171.0,308.0,1,0.515,Medium Risk
4010,260.0,1,37.0,260.0,1,1.0,High Risk
4011,36.0,1,81.0,36.0,0,0.0,Low Risk
4012,203.0,1,90.0,203.0,1,1.0,High Risk
4013,39.0,1,40.0,39.0,0,0.0,Low Risk
4014,270.0,1,27.0,270.0,1,1.0,High Risk
4015,230.0,2,3860.0,507.0,1,1.0,High Risk
4016,238.0,2,3804.0,482.0,1,0.99,High Risk
4017,111.0,2,1498.0,785.0,1,0.995,High Risk
4018,373.0,2,1307.0,769.0,1,0.595,Medium Risk
4019,337.0,2,112.0,351.0,1,0.795,High Risk
4020,156.0,2,73.0,322.0,1,0.8116,High Risk
4021,70.0,2,40.0,189.0,0,0.065,Low Risk
4022,68.0,2,39.0,314.0,0,0.815,High Risk
4023,144.0,2,2999.0,483.0,1,0.88,High Risk
4024,186.0,2,3080.0,775.0,1,0.885,High Risk
4025,89.0,2,79.0,294.0,0,0.055,Low Risk
4026,151.0,2,129.0,174.0,1,0.69,Medium Risk
4027,170.0,2,30.0,284.0,1,0.875,High Risk
4028,136.0,2,2853.0,479.0,1,0.69,Medium Risk
4029,216.0,2,3826.0,463.0,1,1.0,High Risk
4030,232.0,2,3826.0,480.0,1,1.0,High Risk
4031,196.0,2,3786.0,461.0,1,0.86,High Risk
4032,157.0,2,41.0,350.0,1,0.11,Low Risk
4033,184.0,2,3800.0,479.0,1,0.99,High Risk
4034,181.0,2,3797.0,460.0,1,0.975,High Risk
4035,65.0,2,103.0,312.0,0,0.07,Low Risk
4036,156.0,2,3772.0,472.0,1,1.0,High Risk
4037,167.0,2,3785.0,470.0,1,0.895,High Risk
4038,161.0,2,3856.0,463.0,1,1.0,High Risk
4039,155.0,2,3750.0,461.0,1,0.99,High Risk
4040,129.0,2,79.0,217.0,1,0.535,Medium Risk
4041,156.0,2,3807.0,464.0,1,0.995,High Risk
4042,175.0,2,3826.0,460.0,1,0.99,High Risk
4043,141.0,2,3807.0,464.0,1,0.995,High Risk
4044,147.0,2,3846.0,473.0,1,1.0,High Risk
4045,152.0,2,3803.0,471.0,1,0.985,High Risk
4046,187.0,1,49.0,187.0,1,1.0,High Risk
4047,42.0,2,5943.0,925.0,0,0.13,Low Risk
4048,40.0,3,6669.0,924.0,0,0.0,Low Risk
4049,58.0,3,6690.0,911.0,0,0.0,Low Risk
4050,63.0,1,72.0,63.0,0,0.0,Low Risk
4051,212.0,2,4206.0,764.0,1,0.89,High Risk
4052,59.0,3,6650.0,903.0,0,0.0,Low Risk
4053,63.0,2,44.0,349.0,0,0.05,Low Risk
4054,133.0,1,94.0,133.0,1,1.0,High Risk
4055,204.0,2,4155.0,784.0,1,1.0,High Risk
4056,193.0,2,4178.0,790.0,1,0.99,High Risk
4057,58.0,3,6748.0,899.0,0,0.06,Low Risk
4058,107.0,2,115.0,296.0,1,0.6233,Medium Risk
4059,55.0,3,6639.0,902.0,0,0.0,Low Risk
4060,39.0,3,6793.0,903.0,0,0.015,Low Risk
4061,30.0,1,25.0,30.0,0,0.0,Low Risk
4062,181.0,2,2782.0,586.0,1,0.96,High Risk
4063,39.0,3,6684.0,907.0,0,0.03,Low Risk
4064,171.0,2,4133.0,771.0,1,0.945,High Risk
4065,154.0,2,2992.0,597.0,1,0.645,Medium Risk
4066,332.0,1,24.0,332.0,1,1.0,High Risk
4067,161.0,1,25.0,161.0,1,1.0,High Risk
4068,149.0,2,2804.0,585.0,1,0.915,High Risk
4069,268.0,1,81.0,268.0,1,1.0,High Risk
4070,331.0,1,72.0,331.0,1,1.0,High Risk
4071,131.0,2,2771.0,606.0,1,0.98,High Risk
4072,131.0,2,2747.0,598.0,1,0.935,High Risk
4073,127.0,2,2756.0,598.0,1,0.93,High Risk
4074,160.0,2,4143.0,788.0,1,1.0,High Risk
4075,9.0,1,86.0,9.0,0,0.0,Low Risk
4076,72.0,2,75.0,339.0,0,0.0475,Low Risk
4077,41.0,1,96.0,41.0,0,0.0,Low Risk
4078,40.0,3,6673.0,906.0,0,0.0,Low Risk
4079,34.0,3,6675.0,908.0,0,0.0,Low Risk
4080,134.0,2,2732.0,583.0,1,0.955,High Risk
4081,203.0,3,8305.0,762.0,1,1.0,High Risk
4082,39.0,2,5900.0,910.0,0,0.09,Low Risk
4083,238.0,3,7069.0,597.0,1,0.725,High Risk
4084,60.0,2,5888.0,866.0,0,0.095,Low Risk
4085,185.0,3,7000.0,737.0,1,0.965,High Risk
4086,199.0,3,7229.0,547.0,1,0.75,High Risk
4087,158.0,3,6959.0,562.0,1,0.67,Medium Risk
4088,32.0,2,5917.0,860.0,0,0.175,Low Risk
4089,32.0,2,5896.0,863.0,0,0.045,Low Risk
4090,47.0,2,5895.0,858.0,0,0.08,Low Risk
4091,189.0,1,164.0,189.0,1,0.995,High Risk
4092,267.0,1,40.0,267.0,1,1.0,High Risk
4093,285.0,1,37.0,285.0,1,1.0,High Risk
4094,79.0,3,7265.0,558.0,0,0.025,Low Risk
4095,72.0,3,7109.0,577.0,0,0.105,Low Risk
4096,50.0,3,7255.0,562.0,0,0.055,Low Risk
4097,132.0,1,70.0,132.0,1,1.0,High Risk
4098,178.0,3,8377.0,866.0,1,0.985,High Risk
4099,187.0,1,39.0,187.0,1,1.0,High Risk
4100,229.0,1,91.0,229.0,1,1.0,High Risk
4101,205.0,3,6953.0,755.0,1,0.935,High Risk
4102,193.0,3,6944.0,755.0,1,0.98,High Risk
4103,64.0,2,97.0,105.0,0,0.0,Low Risk
4104,55.0,2,108.0,331.0,0,0.0712,Low Risk
4105,192.0,1,70.0,192.0,1,1.0,High Risk
4106,332.0,1,120.0,332.0,1,1.0,High Risk
4107,167.0,3,8421.0,856.0,1,0.99,High Risk
4108,308.0,1,70.0,308.0,1,1.0,High Risk
4109,114.0,2,211.0,234.0,1,0.685,Medium Risk
4110,229.0,1,120.0,229.0,1,1.0,High Risk
4111,32.0,1,70.0,32.0,0,0.0,Low Risk
4112,12.0,1,79.0,12.0,0,0.0,Low Risk
4113,351.0,1,94.0,351.0,1,1.0,High Risk
4114,9.0,1,120.0,9.0,0,0.0,Low Risk
4115,190.0,3,6919.0,758.0,1,0.995,High Risk
4116,202.0,1,94.0,202.0,1,1.0,High Risk
4117,203.0,3,7212.0,758.0,1,0.965,High Risk
4118,183.0,3,6975.0,740.0,1,0.98,High Risk
4119,161.0,3,8301.0,881.0,1,0.97,High Risk
4120,47.0,2,69.0,248.0,0,0.08,Low Risk
4121,83.0,3,5217.0,478.0,0,0.005,Low Risk
4122,46.0,3,5202.0,461.0,0,0.01,Low Risk
4123,45.0,3,5193.0,476.0,0,0.02,Low Risk
4124,66.0,2,81.0,185.0,0,0.02,Low Risk
4125,250.0,2,122.0,251.0,1,0.905,High Risk
4126,55.0,2,81.0,347.0,0,0.1017,Low Risk
4127,92.0,2,86.0,342.0,1,0.515,Medium Risk
4128,55.0,3,5182.0,472.0,0,0.0,Low Risk
4129,263.0,2,77.0,286.0,1,0.8217,High Risk
4130,56.0,3,5177.0,474.0,0,0.01,Low Risk
4131,53.0,3,5215.0,478.0,0,0.0,Low Risk
4132,162.0,2,81.0,172.0,1,0.625,Medium Risk
4133,61.0,2,152.0,185.0,0,0.05,Low Risk
4134,34.0,3,5237.0,461.0,0,0.03,Low Risk
4135,60.0,3,5151.0,462.0,0,0.335,Low Risk
4136,121.0,2,4381.0,464.0,1,1.0,High Risk
4137,142.0,2,62.0,363.0,1,0.815,High Risk
4138,270.0,2,162.0,347.0,1,0.735,High Risk
4139,94.0,2,123.0,365.0,1,0.79,High Risk
4140,279.0,2,60.0,315.0,1,0.815,High Risk
4141,92.0,2,62.0,358.0,1,0.9292,High Risk
4142,35.0,2,64.0,138.0,0,0.0,Low Risk
4143,62.0,2,138.0,169.0,0,0.51,Medium Risk
4144,112.0,2,4366.0,486.0,1,0.975,High Risk
4145,112.0,2,4344.0,481.0,1,1.0,High Risk
4146,94.0,2,4368.0,486.0,1,0.995,High Risk
4147,199.0,2,162.0,211.0,1,0.59,Medium Risk
4148,175.0,2,97.0,284.0,1,0.815,High Risk
4149,235.0,2,90.0,313.0,1,0.595,Medium Risk
4150,72.0,2,64.0,217.0,0,0.015,Low Risk
4151,119.0,2,4379.0,458.0,1,0.995,High Risk
4152,98.0,2,4344.0,471.0,1,0.995,High Risk
4153,99.0,2,4465.0,481.0,1,1.0,High Risk
4154,151.0,2,114.0,339.0,1,0.656,Medium Risk
4155,27.0,2,110.0,312.0,0,0.4596,Medium Risk
4156,210.0,2,3149.0,744.0,1,0.885,High Risk
4157,308.0,1,125.0,308.0,1,1.0,High Risk
4158,61.0,3,214.0,361.0,0,0.115,Low Risk
4159,349.0,1,40.0,349.0,1,0.99,High Risk
4160,72.0,1,7.0,72.0,0,0.0,Low Risk
4161,0.0,1,99.0,0.0,0,0.0,Low Risk
4162,339.0,1,7.0,339.0,1,1.0,High Risk
4163,69.0,3,155.0,161.0,0,0.175,Low Risk
4164,137.0,1,7.0,137.0,1,1.0,High Risk
4165,194.0,1,5.0,194.0,1,1.0,High Risk
4166,204.0,1,40.0,204.0,1,1.0,High Risk
4167,194.0,2,3125.0,742.0,1,0.86,High Risk
4168,167.0,2,3181.0,737.0,1,0.92,High Risk
4169,130.0,1,40.0,130.0,1,1.0,High Risk
4170,141.0,2,2919.0,484.0,1,0.96,High Risk
4171,113.0,2,4391.0,470.0,1,0.995,High Risk
4172,117.0,2,4392.0,485.0,1,1.0,High Risk
4173,76.0,4,215.0,359.0,0,0.055,Low Risk
4174,282.0,1,46.0,282.0,1,1.0,High Risk
4175,127.0,1,100.0,127.0,1,1.0,High Risk
4176,95.0,2,4850.0,227.0,1,0.655,Medium Risk
4177,97.0,2,4703.0,237.0,1,0.97,High Risk
4178,64.0,1,7.0,64.0,0,0.0,Low Risk
4179,107.0,2,4445.0,468.0,1,0.995,High Risk
4180,100.0,2,4445.0,479.0,1,0.995,High Risk
4181,98.0,2,4466.0,478.0,1,1.0,High Risk
4182,114.0,2,4448.0,476.0,1,0.985,High Risk
4183,93.0,2,4391.0,463.0,1,0.995,High Risk
4184,102.0,2,4368.0,477.0,1,0.995,High Risk
4185,119.0,2,4441.0,468.0,1,1.0,High Risk
4186,106.0,2,4393.0,486.0,1,0.965,High Risk
4187,23.0,2,86.0,303.0,0,0.055,Low Risk
4188,94.0,2,4725.0,222.0,1,0.995,High Risk
4189,105.0,2,1631.0,747.0,1,0.91,High Risk
4190,105.0,2,1552.0,735.0,1,0.905,High Risk
4191,54.0,1,99.0,54.0,0,0.0,Low Risk
4192,118.0,2,1552.0,751.0,1,0.955,High Risk
4193,112.0,2,4384.0,486.0,1,1.0,High Risk
4194,154.0,2,3210.0,744.0,1,0.97,High Risk
4195,163.0,2,3174.0,741.0,1,0.995,High Risk
4196,156.0,2,3155.0,749.0,1,0.865,High Risk
4197,177.0,2,3159.0,732.0,1,0.895,High Risk
4198,11.0,3,192.0,206.0,0,0.095,Low Risk
4199,355.0,1,7.0,355.0,1,1.0,High Risk
4200,162.0,2,3080.0,758.0,1,0.915,High Risk
4201,173.0,2,3143.0,717.0,1,0.745,High Risk
4202,93.0,2,4793.0,217.0,1,0.89,High Risk
4203,183.0,1,13.0,183.0,1,1.0,High Risk
4204,162.0,2,3212.0,729.0,1,0.725,High Risk
4205,105.0,2,4444.0,478.0,1,0.99,High Risk
4206,93.0,2,4433.0,475.0,1,0.96,High Risk
4207,100.0,2,99.0,242.0,1,0.4,Medium Risk
4208,93.0,2,4446.0,486.0,1,1.0,High Risk
4209,136.0,2,2951.0,480.0,1,0.79,High Risk
4210,122.0,2,2916.0,464.0,1,0.825,High Risk
4211,118.0,2,2926.0,483.0,1,0.885,High Risk
4212,70.0,2,2910.0,480.0,0,0.19,Low Risk
4213,38.0,2,69.0,290.0,0,0.115,Low Risk
4214,66.0,2,2818.0,481.0,0,0.12,Low Risk
4215,116.0,2,4490.0,442.0,1,0.97,High Risk
4216,108.0,2,4468.0,439.0,1,0.955,High Risk
4217,296.0,2,101.0,351.0,1,0.865,High Risk
4218,63.0,2,41.0,347.0,0,0.07,Low Risk
4219,120.0,2,4399.0,428.0,1,0.795,High Risk
4220,119.0,2,4399.0,447.0,1,0.59,Medium Risk
4221,96.0,2,4384.0,430.0,1,0.82,High Risk
4222,98.0,2,4447.0,445.0,1,0.77,High Risk
4223,94.0,2,123.0,224.0,1,0.885,High Risk
4224,111.0,2,4366.0,450.0,1,0.535,Medium Risk
4225,64.0,2,72.0,268.0,0,0.03,Low Risk
4226,96.0,2,4401.0,456.0,1,0.99,High Risk
4227,103.0,2,4391.0,443.0,1,0.625,Medium Risk
4228,92.0,2,4470.0,446.0,1,0.9,High Risk
4229,107.0,2,4375.0,435.0,1,0.875,High Risk
4230,80.0,2,2833.0,451.0,0,0.145,Low Risk
4231,14.0,2,243.0,162.0,0,0.005,Low Risk
4232,13.0,2,90.0,119.0,0,0.01,Low Risk
4233,162.0,2,40.0,220.0,1,0.66,Medium Risk
4234,131.0,2,60.0,206.0,1,0.71,High Risk
4235,183.0,2,60.0,309.0,1,0.775,High Risk
4236,154.0,2,191.0,218.0,1,0.445,Medium Risk
4237,240.0,2,127.0,305.0,1,0.96,High Risk
4238,100.0,2,66.0,238.0,1,0.65,Medium Risk
4239,107.0,2,99.0,231.0,1,0.725,High Risk
4240,176.0,2,123.0,193.0,1,0.74,High Risk
4241,48.0,2,74.0,197.0,0,0.075,Low Risk
4242,175.0,2,52.0,187.0,1,0.45,Medium Risk
4243,158.0,2,37.0,169.0,1,0.58,Medium Risk
4244,92.0,1,37.0,92.0,1,1.0,High Risk
4245,93.0,4,179.0,322.0,1,0.625,Medium Risk
4246,182.0,1,31.0,182.0,1,1.0,High Risk
4247,246.0,1,22.0,246.0,1,1.0,High Risk
4248,264.0,1,7.0,264.0,1,1.0,High Risk
4249,80.0,1,64.0,80.0,0,0.0,Low Risk
4250,146.0,1,46.0,146.0,1,1.0,High Risk
4251,268.0,1,57.0,268.0,1,1.0,High Risk
4252,0.0,4,200.0,267.0,0,0.06,Low Risk
4253,93.0,2,1552.0,704.0,1,0.26,Low Risk
4254,72.0,2,79.0,177.0,0,0.115,Low Risk
4255,108.0,2,1624.0,729.0,1,0.655,Medium Risk
4256,83.0,2,1587.0,725.0,0,0.025,Low Risk
4257,72.0,2,1631.0,714.0,0,0.5,Medium Risk
4258,359.0,1,40.0,359.0,1,1.0,High Risk
4259,125.0,1,5.0,125.0,1,1.0,High Risk
4260,24.0,1,22.0,24.0,0,0.0,Low Risk
4261,299.0,1,46.0,299.0,1,1.0,High Risk
4262,184.0,2,70.0,295.0,1,0.65,Medium Risk
4263,137.0,2,3772.0,444.0,1,0.7,High Risk
4264,2.0,2,79.0,116.0,0,0.0,Low Risk
4265,147.0,2,39.0,314.0,1,0.815,High Risk
4266,91.0,2,2897.0,454.0,1,0.185,Low Risk
4267,74.0,2,2934.0,432.0,0,0.085,Low Risk
4268,34.0,2,2853.0,434.0,0,0.455,Medium Risk
4269,47.0,2,2840.0,455.0,0,0.06,Low Risk
4270,276.0,1,7.0,276.0,1,1.0,High Risk
4271,175.0,1,40.0,175.0,1,1.0,High Risk
4272,147.0,1,40.0,147.0,1,1.0,High Risk
4273,65.0,1,64.0,65.0,0,0.0,Low Risk
4274,297.0,1,104.0,297.0,1,1.0,High Risk
4275,255.0,1,114.0,255.0,1,1.0,High Risk
4276,335.0,1,14.0,335.0,1,1.0,High Risk
4277,373.0,2,1346.0,709.0,1,0.325,Low Risk
4278,220.0,1,96.0,220.0,1,1.0,High Risk
4279,359.0,1,57.0,359.0,1,1.0,High Risk
4280,118.0,1,57.0,118.0,1,1.0,High Risk
4281,162.0,2,3115.0,704.0,1,0.785,High Risk
4282,314.0,1,40.0,314.0,1,1.0,High Risk
4283,114.0,1,7.0,114.0,1,1.0,High Risk
4284,110.0,1,865.0,110.0,1,0.995,High Risk
4285,73.0,2,1683.0,728.0,0,0.615,Medium Risk
4286,318.0,1,40.0,318.0,1,1.0,High Risk
4287,78.0,1,69.0,78.0,0,0.0,Low Risk
4288,82.0,2,1681.0,703.0,0,0.06,Low Risk
4289,62.0,2,1574.0,729.0,0,0.045,Low Risk
4290,90.0,2,1574.0,707.0,0,0.015,Low Risk
4291,84.0,2,1676.0,686.0,0,0.05,Low Risk
4292,74.0,1,889.0,74.0,0,0.0,Low Risk
4293,116.0,1,55.0,116.0,1,1.0,High Risk
4294,16.0,1,40.0,16.0,0,0.0,Low Risk
4295,281.0,1,60.0,281.0,1,1.0,High Risk
4296,230.0,1,7.0,230.0,1,1.0,High Risk
4297,115.0,1,7.0,115.0,1,1.0,High Risk
4298,205.0,1,40.0,205.0,1,1.0,High Risk
4299,69.0,1,7.0,69.0,0,0.0,Low Risk
4300,64.0,1,7.0,64.0,0,0.0,Low Risk
4301,2.0,1,5.0,2.0,0,0.0,Low Risk
4302,341.0,1,15.0,341.0,1,0.995,High Risk
4303,172.0,2,3135.0,676.0,1,0.775,High Risk
4304,153.0,2,3078.0,698.0,1,0.295,Low Risk
4305,101.0,2,4843.0,239.0,1,0.91,High Risk
4306,282.0,1,15.0,282.0,1,1.0,High Risk
4307,26.0,1,90.0,26.0,0,0.0,Low Risk
4308,304.0,1,40.0,304.0,1,1.0,High Risk
4309,89.0,2,1622.0,690.0,0,0.01,Low Risk
4310,89.0,2,1622.0,677.0,0,0.025,Low Risk
4311,136.0,3,94.0,234.0,1,0.495,Medium Risk
4312,85.0,2,1622.0,691.0,0,0.09,Low Risk
4313,89.0,2,1631.0,688.0,0,0.005,Low Risk
4314,164.0,1,7.0,164.0,1,1.0,High Risk
4315,74.0,2,1576.0,687.0,0,0.0,Low Risk
4316,295.0,1,5.0,295.0,1,1.0,High Risk
4317,90.0,1,7.0,90.0,0,0.0,Low Risk
4318,264.0,1,55.0,264.0,1,1.0,High Risk
4319,58.0,1,40.0,58.0,0,0.0,Low Risk
4320,364.0,1,7.0,364.0,1,1.0,High Risk
4321,165.0,2,3153.0,681.0,1,0.735,High Risk
4322,175.0,2,3113.0,673.0,1,0.705,High Risk
4323,162.0,2,3153.0,681.0,1,0.735,High Risk
4324,69.0,1,804.0,69.0,0,0.0,Low Risk
4325,42.0,1,51.0,42.0,0,0.0,Low Risk
4326,76.0,2,1584.0,688.0,0,0.135,Low Risk
4327,168.0,1,173.0,168.0,1,0.995,High Risk
4328,64.0,1,40.0,64.0,0,0.0,Low Risk
4329,162.0,2,3199.0,684.0,1,0.58,Medium Risk
4330,167.0,2,3135.0,676.0,1,0.775,High Risk
4331,353.0,1,40.0,353.0,1,1.0,High Risk
4332,280.0,1,7.0,280.0,1,1.0,High Risk
4333,62.0,1,40.0,62.0,0,0.0,Low Risk
4334,89.0,2,1631.0,669.0,0,0.005,Low Risk
4335,32.0,1,848.0,32.0,0,0.0,Low Risk
4336,81.0,1,40.0,81.0,0,0.0,Low Risk
4337,8.0,1,7.0,8.0,0,0.0,Low Risk
4338,65.0,2,1622.0,668.0,0,0.0,Low Risk
4339,80.0,2,1597.0,654.0,0,0.12,Low Risk
4340,76.0,2,1622.0,654.0,0,0.005,Low Risk
4341,56.0,3,156.0,318.0,0,0.05,Low Risk
4342,62.0,2,1622.0,652.0,0,0.0,Low Risk
4343,86.0,2,1646.0,653.0,0,0.025,Low Risk
4344,64.0,2,1552.0,668.0,0,0.035,Low Risk
4345,286.0,1,5.0,286.0,1,1.0,High Risk
4346,179.0,2,3102.0,663.0,1,0.66,Medium Risk
4347,170.0,2,3247.0,663.0,1,0.77,High Risk
4348,77.0,2,1631.0,648.0,0,0.005,Low Risk
4349,169.0,2,3199.0,658.0,1,0.635,Medium Risk
4350,177.0,2,3140.0,639.0,1,0.86,High Risk
4351,158.0,2,3145.0,653.0,1,0.665,Medium Risk
4352,167.0,2,3115.0,651.0,1,0.71,High Risk
4353,311.0,1,70.0,311.0,1,1.0,High Risk
4354,56.0,2,326.0,308.0,0,0.87,High Risk
4355,174.0,3,8297.0,878.0,1,0.97,High Risk
4356,86.0,1,35.0,86.0,0,0.0,Low Risk
4357,327.0,1,120.0,327.0,1,1.0,High Risk
4358,197.0,3,7232.0,750.0,1,1.0,High Risk
4359,52.0,1,40.0,52.0,0,0.0,Low Risk
4360,138.0,1,51.0,138.0,1,1.0,High Risk
4361,49.0,1,5.0,49.0,0,0.0,Low Risk
4362,4.0,1,40.0,4.0,0,0.0,Low Risk
4363,118.0,2,4745.0,225.0,1,0.98,High Risk
4364,102.0,2,4719.0,215.0,1,0.9,High Risk
4365,175.0,2,3184.0,657.0,1,0.625,Medium Risk
4366,166.0,2,3142.0,617.0,1,0.98,High Risk
4367,340.0,1,60.0,340.0,1,0.995,High Risk
4368,175.0,2,3178.0,615.0,1,0.765,High Risk
4369,297.0,1,7.0,297.0,1,1.0,High Risk
4370,171.0,2,3128.0,619.0,1,0.98,High Risk
4371,112.0,1,7.0,112.0,1,1.0,High Risk
4372,180.0,2,3179.0,622.0,1,0.96,High Risk
4373,164.0,2,3105.0,609.0,1,0.91,High Risk
4374,46.0,1,40.0,46.0,0,0.0,Low Risk
4375,160.0,2,3178.0,630.0,1,0.745,High Risk
4376,203.0,1,68.0,203.0,1,1.0,High Risk
4377,88.0,3,136.0,273.0,0,0.465,Medium Risk
4378,7.0,3,168.0,338.0,0,0.04,Low Risk
4379,96.0,3,171.0,340.0,1,0.295,Low Risk
4380,168.0,2,3184.0,624.0,1,0.95,High Risk
4381,165.0,2,3145.0,618.0,1,0.995,High Risk
4382,20.0,1,5.0,20.0,0,0.0,Low Risk
4383,177.0,1,104.0,177.0,1,1.0,High Risk
4384,9.0,1,114.0,9.0,0,0.0,Low Risk
4385,299.0,1,7.0,299.0,1,1.0,High Risk
4386,289.0,1,7.0,289.0,1,1.0,High Risk
4387,154.0,1,5.0,154.0,1,1.0,High Risk
4388,64.0,1,5.0,64.0,0,0.0,Low Risk
4389,181.0,2,3128.0,633.0,1,0.745,High Risk
4390,159.0,2,3153.0,609.0,1,0.895,High Risk
4391,145.0,1,40.0,145.0,1,1.0,High Risk
4392,87.0,2,4828.0,216.0,0,0.86,High Risk
4393,231.0,1,40.0,231.0,1,1.0,High Risk
4394,34.0,1,7.0,34.0,0,0.0,Low Risk
4395,154.0,2,3135.0,613.0,1,0.98,High Risk
4396,76.0,2,4780.0,216.0,0,0.905,High Risk
4397,155.0,2,3148.0,615.0,1,0.915,High Risk
4398,344.0,1,40.0,344.0,1,1.0,High Risk
4399,168.0,2,3133.0,638.0,1,0.875,High Risk
4400,155.0,2,3148.0,595.0,1,0.78,High Risk
4401,272.0,1,5.0,272.0,1,1.0,High Risk
4402,101.0,1,40.0,101.0,1,1.0,High Risk
4403,119.0,3,132.0,218.0,1,0.63,Medium Risk
4404,220.0,1,40.0,220.0,1,1.0,High Risk
4405,170.0,2,3115.0,602.0,1,0.495,Medium Risk
4406,274.0,1,15.0,274.0,1,1.0,High Risk
4407,316.0,1,7.0,316.0,1,1.0,High Risk
4408,88.0,1,40.0,88.0,0,0.0,Low Risk
4409,150.0,1,40.0,150.0,1,1.0,High Risk
4410,69.0,2,1567.0,602.0,0,0.0,Low Risk
4411,62.0,2,1619.0,580.0,0,0.035,Low Risk
4412,158.0,2,3128.0,604.0,1,0.84,High Risk
4413,51.0,1,5.0,51.0,0,0.0,Low Risk
4414,148.0,3,319.0,362.0,1,0.675,Medium Risk
4415,353.0,1,5.0,353.0,1,1.0,High Risk
4416,155.0,1,90.0,155.0,1,1.0,High Risk
4417,106.0,1,5.0,106.0,1,1.0,High Risk
4418,172.0,2,3120.0,598.0,1,0.535,Medium Risk
4419,216.0,3,232.0,286.0,1,0.56,Medium Risk
4420,181.0,2,3103.0,593.0,1,0.73,High Risk
4421,332.0,1,5.0,332.0,1,1.0,High Risk
4422,92.0,1,5.0,92.0,1,1.0,High Risk
4423,52.0,2,1633.0,593.0,0,0.0,Low Risk
4424,324.0,1,5.0,324.0,1,1.0,High Risk
4425,40.0,1,31.0,40.0,0,0.0,Low Risk
4426,135.0,2,3772.0,442.0,1,0.78,High Risk
4427,78.0,2,116.0,308.0,0,0.1183,Low Risk
4428,47.0,2,1574.0,598.0,0,0.0,Low Risk
4429,50.0,2,1631.0,592.0,0,0.0,Low Risk
4430,180.0,2,3170.0,587.0,1,0.615,Medium Risk
4431,359.0,1,40.0,359.0,1,1.0,High Risk
4432,277.0,1,7.0,277.0,1,1.0,High Risk
4433,55.0,2,1587.0,586.0,0,0.0,Low Risk
4434,58.0,2,1622.0,602.0,0,0.01,Low Risk
4435,115.0,2,32.0,272.0,1,0.7,High Risk
4436,138.0,2,3801.0,447.0,1,0.64,Medium Risk
4437,127.0,2,3772.0,453.0,1,0.88,High Risk
4438,12.0,2,37.0,76.0,0,0.0,Low Risk
4439,101.0,2,3788.0,446.0,1,0.56,Medium Risk
4440,104.0,2,3804.0,452.0,1,0.59,Medium Risk
4441,34.0,3,6736.0,850.0,0,0.025,Low Risk
4442,240.0,2,77.0,300.0,1,0.5818,Medium Risk
4443,209.0,1,94.0,209.0,1,0.995,High Risk
4444,357.0,1,7.0,357.0,1,1.0,High Risk
4445,28.0,2,139.0,277.0,0,0.045,Low Risk
4446,215.0,1,65.0,215.0,1,1.0,High Risk
4447,258.0,1,32.0,258.0,1,1.0,High Risk
4448,246.0,1,25.0,246.0,1,1.0,High Risk
4449,26.0,2,53.0,143.0,0,0.02,Low Risk
4450,32.0,2,49.0,238.0,0,0.54,Medium Risk
4451,333.0,1,32.0,333.0,1,1.0,High Risk
4452,134.0,2,2757.0,568.0,1,0.965,High Risk
4453,314.0,1,25.0,314.0,1,1.0,High Risk
4454,45.0,3,6650.0,846.0,0,0.17,Low Risk
4455,145.0,2,2747.0,731.0,1,0.86,High Risk
4456,107.0,2,3099.0,569.0,1,0.985,High Risk
4457,126.0,2,2816.0,739.0,1,0.995,High Risk
4458,133.0,2,2782.0,759.0,1,0.93,High Risk
4459,166.0,1,5.0,166.0,1,1.0,High Risk
4460,213.0,1,35.0,213.0,1,1.0,High Risk
4461,96.0,2,2747.0,761.0,1,1.0,High Risk
4462,126.0,2,89.0,349.0,1,0.69,Medium Risk
4463,103.0,2,3086.0,560.0,1,0.975,High Risk
4464,102.0,2,2803.0,552.0,1,0.97,High Risk
4465,45.0,2,37.0,144.0,0,0.04,Low Risk
4466,122.0,2,40.0,332.0,1,0.68,Medium Risk
4467,53.0,2,1587.0,605.0,0,0.015,Low Risk
4468,32.0,2,1631.0,585.0,0,0.005,Low Risk
4469,110.0,3,437.0,340.0,1,0.695,Medium Risk
4470,353.0,1,40.0,353.0,1,1.0,High Risk
4471,166.0,1,77.0,166.0,1,1.0,High Risk
4472,57.0,2,1622.0,604.0,0,0.01,Low Risk
4473,43.0,2,1560.0,607.0,0,0.18,Low Risk
4474,59.0,2,1552.0,608.0,0,0.055,Low Risk
4475,47.0,2,1676.0,587.0,0,0.005,Low Risk
4476,32.0,2,1587.0,587.0,0,0.0,Low Risk
4477,362.0,1,7.0,362.0,1,1.0,High Risk
4478,45.0,1,7.0,45.0,0,0.0,Low Risk
4479,158.0,3,183.0,363.0,1,0.565,Medium Risk
4480,69.0,1,86.0,69.0,0,0.0,Low Risk
4481,161.0,2,3078.0,562.0,1,0.995,High Risk
4482,164.0,2,3153.0,563.0,1,0.995,High Risk
4483,178.0,2,3124.0,566.0,1,0.995,High Risk
4484,174.0,2,3120.0,568.0,1,0.995,High Risk
4485,155.0,2,3180.0,555.0,1,0.96,High Risk
4486,322.0,1,40.0,322.0,1,1.0,High Risk
4487,221.0,1,40.0,221.0,1,1.0,High Risk
4488,327.0,1,90.0,327.0,1,1.0,High Risk
4489,103.0,3,166.0,232.0,1,0.04,Low Risk
4490,56.0,2,1685.0,571.0,0,0.03,Low Risk
4491,75.0,2,4813.0,208.0,0,0.03,Low Risk
4492,181.0,2,3182.0,577.0,1,0.905,High Risk
4493,162.0,2,3117.0,571.0,1,0.97,High Risk
4494,168.0,2,3100.0,577.0,1,0.975,High Risk
4495,67.0,3,276.0,336.0,0,0.03,Low Risk
4496,30.0,1,40.0,30.0,0,0.0,Low Risk
4497,329.0,1,40.0,329.0,1,1.0,High Risk
4498,35.0,2,1622.0,575.0,0,0.065,Low Risk
4499,126.0,3,256.0,342.0,1,0.52,Medium Risk
4500,154.0,2,3223.0,568.0,1,0.695,Medium Risk
4501,156.0,2,3154.0,555.0,1,0.995,High Risk
4502,164.0,2,3198.0,548.0,1,0.83,High Risk
4503,32.0,2,1587.0,562.0,0,0.01,Low Risk
4504,51.0,2,1622.0,570.0,0,0.02,Low Risk
4505,254.0,1,40.0,254.0,1,1.0,High Risk
4506,219.0,1,7.0,219.0,1,1.0,High Risk
4507,54.0,2,1552.0,554.0,0,0.09,Low Risk
4508,183.0,3,268.0,365.0,1,0.515,Medium Risk
4509,189.0,1,40.0,189.0,1,0.995,High Risk
4510,319.0,1,40.0,319.0,1,1.0,High Risk
4511,159.0,1,40.0,159.0,1,1.0,High Risk
4512,8.0,3,144.0,288.0,0,0.01,Low Risk
4513,97.0,1,62.0,97.0,1,1.0,High Risk
4514,165.0,1,40.0,165.0,1,1.0,High Risk
4515,246.0,1,125.0,246.0,1,1.0,High Risk
4516,59.0,1,7.0,59.0,0,0.0,Low Risk
4517,209.0,1,7.0,209.0,1,1.0,High Risk
4518,155.0,2,3113.0,576.0,1,0.95,High Risk
4519,142.0,2,3115.0,561.0,1,1.0,High Risk
4520,276.0,1,22.0,276.0,1,1.0,High Risk
4521,43.0,2,1611.0,570.0,0,0.315,Low Risk
4522,140.0,2,3173.0,543.0,1,0.895,High Risk
4523,164.0,1,27.0,164.0,1,1.0,High Risk
4524,33.0,2,1631.0,539.0,0,0.02,Low Risk
4525,252.0,1,7.0,252.0,1,1.0,High Risk
4526,50.0,2,1560.0,545.0,0,0.055,Low Risk
4527,86.0,3,188.0,342.0,0,0.135,Low Risk
4528,42.0,2,1622.0,533.0,0,0.04,Low Risk
4529,59.0,2,1676.0,527.0,0,0.025,Low Risk
4530,59.0,2,1587.0,541.0,0,0.03,Low Risk
4531,43.0,1,846.0,43.0,0,0.0,Low Risk
4532,40.0,2,1622.0,541.0,0,0.005,Low Risk
4533,42.0,2,1589.0,519.0,0,0.08,Low Risk
4534,162.0,1,5.0,162.0,1,1.0,High Risk
4535,145.0,2,3199.0,541.0,1,0.855,High Risk
4536,148.0,2,3100.0,523.0,1,0.91,High Risk
4537,30.0,3,250.0,187.0,0,0.22,Low Risk
4538,38.0,2,1631.0,541.0,0,0.0,Low Risk
4539,40.0,2,1595.0,521.0,0,0.025,Low Risk
4540,107.0,1,64.0,107.0,1,1.0,High Risk
4541,122.0,2,3125.0,523.0,1,0.97,High Risk
4542,159.0,1,62.0,159.0,1,1.0,High Risk
4543,141.0,2,3118.0,526.0,1,0.71,High Risk
4544,117.0,3,181.0,288.0,1,0.185,Low Risk
4545,275.0,1,112.0,275.0,1,1.0,High Risk
4546,196.0,1,40.0,196.0,1,1.0,High Risk
4547,41.0,1,40.0,41.0,0,0.0,Low Risk
4548,34.0,2,1587.0,529.0,0,0.235,Low Risk
4549,366.0,2,1338.0,521.0,1,0.86,High Risk
4550,382.0,1,575.0,382.0,1,1.0,High Risk
4551,60.0,1,5.0,60.0,0,0.0,Low Risk
4552,392.0,2,1375.0,524.0,1,1.0,High Risk
4553,368.0,2,1427.0,527.0,1,0.97,High Risk
4554,388.0,2,1373.0,526.0,1,0.99,High Risk
4555,369.0,2,1358.0,512.0,1,0.995,High Risk
4556,377.0,2,1372.0,499.0,1,0.985,High Risk
4557,331.0,1,589.0,331.0,1,1.0,High Risk
4558,385.0,2,1338.0,510.0,1,0.85,High Risk
4559,358.0,2,1363.0,514.0,1,1.0,High Risk
4560,248.0,3,173.0,350.0,1,0.565,Medium Risk
4561,262.0,1,5.0,262.0,1,1.0,High Risk
4562,342.0,2,1375.0,514.0,1,1.0,High Risk
4563,363.0,2,1348.0,490.0,1,0.805,High Risk
4564,115.0,1,40.0,115.0,1,1.0,High Risk
4565,144.0,3,189.0,245.0,1,0.555,Medium Risk
4566,123.0,2,3100.0,517.0,1,0.97,High Risk
4567,52.0,2,4912.0,205.0,0,0.015,Low Risk
4568,52.0,2,4720.0,190.0,0,0.135,Low Risk
4569,122.0,2,3113.0,490.0,1,0.99,High Risk
4570,125.0,2,3078.0,499.0,1,0.99,High Risk
4571,335.0,2,1345.0,493.0,1,0.83,High Risk
4572,116.0,3,102.0,365.0,1,0.875,High Risk
4573,106.0,3,105.0,209.0,1,0.2,Low Risk
4574,115.0,1,5.0,115.0,1,1.0,High Risk
4575,21.0,1,127.0,21.0,0,0.0,Low Risk
4576,51.0,2,2910.0,456.0,0,0.02,Low Risk
4577,99.0,2,4344.0,431.0,1,0.79,High Risk
4578,169.0,2,143.0,299.0,1,0.755,High Risk
4579,95.0,2,4510.0,444.0,1,0.86,High Risk
4580,324.0,2,35.0,353.0,1,0.74,High Risk
4581,46.0,2,2910.0,457.0,0,0.025,Low Risk
4582,155.0,2,114.0,172.0,1,0.81,High Risk
4583,50.0,2,2907.0,427.0,0,0.01,Low Risk
4584,102.0,2,66.0,240.0,1,0.51,Medium Risk
4585,33.0,2,62.0,308.0,0,0.13,Low Risk
4586,106.0,2,4367.0,433.0,1,0.745,High Risk
4587,121.0,2,4469.0,428.0,1,0.955,High Risk
4588,101.0,2,4423.0,436.0,1,0.115,Low Risk
4589,95.0,2,4486.0,452.0,1,0.96,High Risk
4590,118.0,2,4416.0,428.0,1,0.445,Medium Risk
4591,92.0,2,4440.0,430.0,1,0.695,Medium Risk
4592,104.0,2,4346.0,453.0,1,0.715,High Risk
4593,133.0,2,60.0,360.0,1,0.8917,High Risk
4594,196.0,2,116.0,330.0,1,0.5075,Medium Risk
4595,11.0,2,66.0,35.0,0,0.0,Low Risk
4596,115.0,2,4369.0,457.0,1,0.975,High Risk
4597,96.0,2,4460.0,430.0,1,0.915,High Risk
4598,99.0,2,4391.0,436.0,1,0.75,High Risk
4599,59.0,2,168.0,131.0,0,0.035,Low Risk
4600,30.0,2,81.0,284.0,0,0.725,High Risk
4601,95.0,2,4590.0,455.0,1,0.995,High Risk
4602,104.0,2,4430.0,432.0,1,0.63,Medium Risk
4603,44.0,2,64.0,220.0,0,0.065,Low Risk
4604,165.0,2,40.0,303.0,1,0.71,High Risk
4605,137.0,2,66.0,222.0,1,0.69,Medium Risk
4606,66.0,2,40.0,123.0,0,0.01,Low Risk
4607,163.0,2,116.0,335.0,1,0.3973,Low Risk
4608,20.0,2,88.0,73.0,0,0.005,Low Risk
4609,153.0,1,40.0,153.0,1,1.0,High Risk
4610,166.0,1,27.0,166.0,1,1.0,High Risk
4611,92.0,2,115.0,132.0,1,0.53,Medium Risk
4612,228.0,1,54.0,228.0,1,1.0,High Risk
4613,214.0,2,80.0,265.0,1,0.615,Medium Risk
4614,250.0,1,27.0,250.0,1,1.0,High Risk
4615,50.0,2,6059.0,838.0,0,0.145,Low Risk
4616,31.0,2,70.0,308.0,0,0.075,Low Risk
4617,129.0,1,27.0,129.0,1,1.0,High Risk
4618,361.0,1,60.0,361.0,1,1.0,High Risk
4619,302.0,1,25.0,302.0,1,1.0,High Risk
4620,41.0,2,5908.0,838.0,0,0.14,Low Risk
4621,52.0,2,5959.0,846.0,0,0.43,Medium Risk
4622,35.0,2,5977.0,844.0,0,0.105,Low Risk
4623,120.0,2,3027.0,745.0,1,0.98,High Risk
4624,127.0,3,7247.0,521.0,1,0.76,High Risk
4625,127.0,3,6990.0,529.0,1,0.625,Medium Risk
4626,186.0,3,7169.0,720.0,1,0.965,High Risk
4627,205.0,3,7029.0,700.0,1,0.97,High Risk
4628,154.0,3,6944.0,711.0,1,0.955,High Risk
4629,103.0,1,64.0,103.0,1,1.0,High Risk
4630,28.0,1,40.0,28.0,0,0.0,Low Risk
4631,137.0,3,5135.0,827.0,1,0.84,High Risk
4632,120.0,3,5121.0,827.0,1,0.81,High Risk
4633,109.0,3,5244.0,811.0,1,0.055,Low Risk
4634,252.0,1,69.0,252.0,1,1.0,High Risk
4635,57.0,2,62.0,224.0,0,0.08,Low Risk
4636,77.0,2,117.0,260.0,0,0.06,Low Risk
4637,231.0,1,79.0,231.0,1,1.0,High Risk
4638,112.0,3,7000.0,542.0,1,0.865,High Risk
4639,109.0,3,5161.0,801.0,1,0.495,Medium Risk
4640,260.0,2,34.0,297.0,1,0.79,High Risk
4641,272.0,2,34.0,365.0,1,0.855,High Risk
4642,279.0,2,96.0,281.0,1,0.45,Medium Risk
4643,99.0,2,3772.0,454.0,1,0.965,High Risk
4644,95.0,2,3807.0,455.0,1,0.955,High Risk
4645,85.0,2,3803.0,443.0,0,0.1,Low Risk
4646,88.0,2,3785.0,452.0,0,0.115,Low Risk
4647,81.0,2,3804.0,439.0,0,0.075,Low Risk
4648,91.0,2,3764.0,448.0,1,0.95,High Risk
4649,66.0,2,3807.0,457.0,0,0.965,High Risk
4650,105.0,2,3048.0,718.0,1,0.965,High Risk
4651,45.0,1,115.0,45.0,0,0.0,Low Risk
4652,64.0,2,2747.0,533.0,0,0.065,Low Risk
4653,96.0,3,5159.0,803.0,1,0.49,Medium Risk
4654,71.0,3,5203.0,811.0,0,0.025,Low Risk
4655,232.0,1,25.0,232.0,1,1.0,High Risk
4656,100.0,2,2754.0,706.0,1,0.895,High Risk
4657,107.0,2,2992.0,718.0,1,0.975,High Risk
4658,62.0,3,5250.0,815.0,0,0.025,Low Risk
4659,149.0,1,65.0,149.0,1,1.0,High Risk
4660,102.0,2,3047.0,712.0,1,0.95,High Risk
4661,34.0,3,5168.0,773.0,0,0.06,Low Risk
4662,56.0,3,5207.0,784.0,0,0.0,Low Risk
4663,48.0,3,5253.0,784.0,0,0.0,Low Risk
4664,64.0,2,2772.0,528.0,0,0.09,Low Risk
4665,67.0,2,2771.0,727.0,0,0.12,Low Risk
4666,91.0,2,2804.0,533.0,1,0.53,Medium Risk
4667,78.0,2,3089.0,526.0,0,0.16,Low Risk
4668,75.0,2,3125.0,730.0,0,0.115,Low Risk
4669,37.0,2,5913.0,766.0,0,0.185,Low Risk
4670,44.0,2,5898.0,782.0,0,0.175,Low Risk
4671,42.0,1,115.0,42.0,0,0.0,Low Risk
4672,158.0,2,31.0,334.0,1,0.875,High Risk
4673,35.0,1,90.0,35.0,0,0.0,Low Risk
4674,293.0,1,65.0,293.0,1,1.0,High Risk
4675,86.0,2,3053.0,686.0,0,0.12,Low Risk
4676,167.0,3,7206.0,690.0,1,0.94,High Risk
4677,116.0,3,7224.0,522.0,1,0.785,High Risk
4678,104.0,3,7200.0,488.0,1,0.585,Medium Risk
4679,113.0,3,7223.0,507.0,1,0.95,High Risk
4680,262.0,1,65.0,262.0,1,1.0,High Risk
4681,207.0,1,5.0,207.0,1,1.0,High Risk
4682,219.0,2,106.0,361.0,1,0.835,High Risk
4683,17.0,1,70.0,17.0,0,0.0,Low Risk
4684,321.0,1,90.0,321.0,1,1.0,High Risk
4685,211.0,3,6963.0,690.0,1,0.665,Medium Risk
4686,190.0,3,7188.0,674.0,1,0.765,High Risk
4687,74.0,2,73.0,336.0,0,0.3374,Low Risk
4688,33.0,3,6974.0,501.0,0,0.055,Low Risk
4689,222.0,3,6222.0,507.0,1,0.98,High Risk
4690,269.0,1,35.0,269.0,1,1.0,High Risk
4691,16.0,2,77.0,99.0,0,0.005,Low Risk
4692,179.0,3,8341.0,763.0,1,1.0,High Risk
4693,181.0,3,8392.0,790.0,1,0.99,High Risk
4694,188.0,3,6905.0,671.0,1,0.625,Medium Risk
4695,7.0,2,108.0,135.0,0,0.245,Low Risk
4696,156.0,3,8324.0,791.0,1,0.995,High Risk
4697,215.0,1,199.0,215.0,1,0.995,High Risk
4698,210.0,3,6975.0,683.0,1,0.895,High Risk
4699,78.0,1,42.0,78.0,0,0.0,Low Risk
4700,170.0,3,6970.0,754.0,1,0.985,High Risk
4701,209.0,3,6248.0,488.0,1,0.965,High Risk
4702,115.0,2,79.0,305.0,1,0.5867,Medium Risk
4703,149.0,3,6918.0,750.0,1,0.99,High Risk
4704,365.0,1,75.0,365.0,1,1.0,High Risk
4705,162.0,1,35.0,162.0,1,1.0,High Risk
4706,253.0,1,70.0,253.0,1,1.0,High Risk
4707,322.0,1,35.0,322.0,1,1.0,High Risk
4708,138.0,1,35.0,138.0,1,1.0,High Risk
4709,339.0,1,75.0,339.0,1,1.0,High Risk
4710,310.0,1,95.0,310.0,1,0.995,High Risk
4711,190.0,3,6317.0,513.0,1,0.89,High Risk
4712,207.0,2,127.0,252.0,1,0.865,High Risk
4713,114.0,2,52.0,201.0,1,0.835,High Risk
4714,61.0,2,38.0,81.0,0,0.0,Low Risk
4715,111.0,1,84.0,111.0,1,1.0,High Risk
4716,88.0,2,40.0,183.0,0,0.045,Low Risk
4717,114.0,2,4467.0,435.0,1,0.825,High Risk
4718,81.0,2,4411.0,443.0,0,0.095,Low Risk
4719,40.0,2,64.0,134.0,0,0.0,Low Risk
4720,90.0,2,4430.0,431.0,0,0.19,Low Risk
4721,64.0,2,70.0,352.0,0,0.09,Low Risk
4722,114.0,2,119.0,225.0,1,0.925,High Risk
4723,84.0,2,4448.0,436.0,0,0.13,Low Risk
4724,63.0,2,4444.0,446.0,0,0.11,Low Risk
4725,67.0,2,4359.0,450.0,0,0.095,Low Risk
4726,85.0,2,4416.0,433.0,0,0.08,Low Risk
4727,71.0,2,4393.0,447.0,0,0.085,Low Risk
4728,54.0,2,134.0,264.0,0,0.025,Low Risk
4729,86.0,2,64.0,326.0,0,0.125,Low Risk
4730,65.0,2,4393.0,397.0,0,0.32,Low Risk
4731,92.0,2,123.0,162.0,1,0.715,High Risk
4732,122.0,2,60.0,308.0,1,0.615,Medium Risk
4733,74.0,2,4376.0,412.0,0,0.0,Low Risk
4734,78.0,2,4443.0,416.0,0,0.065,Low Risk
4735,61.0,2,4426.0,399.0,0,0.02,Low Risk
4736,143.0,2,116.0,221.0,1,0.92,High Risk
4737,82.0,1,77.0,82.0,0,0.0,Low Risk
4738,152.0,2,3117.0,513.0,1,0.995,High Risk
4739,43.0,1,166.0,43.0,0,0.0,Low Risk
4740,151.0,2,3140.0,518.0,1,0.98,High Risk
4741,132.0,1,40.0,132.0,1,1.0,High Risk
4742,100.0,1,90.0,100.0,1,1.0,High Risk
4743,346.0,1,40.0,346.0,1,1.0,High Risk
4744,65.0,1,40.0,65.0,0,0.0,Low Risk
4745,165.0,1,13.0,165.0,1,1.0,High Risk
4746,151.0,1,90.0,151.0,1,1.0,High Risk
4747,56.0,1,5.0,56.0,0,0.0,Low Risk
4748,145.0,1,40.0,145.0,1,1.0,High Risk
4749,64.0,3,297.0,244.0,0,0.01,Low Risk
4750,11.0,1,7.0,11.0,0,0.0,Low Risk
4751,126.0,2,3088.0,507.0,1,0.91,High Risk
4752,65.0,2,4446.0,403.0,0,0.005,Low Risk
4753,65.0,2,4408.0,416.0,0,0.005,Low Risk
4754,72.0,2,4399.0,415.0,0,0.04,Low Risk
4755,71.0,2,4416.0,420.0,0,0.005,Low Risk
4756,81.0,2,4404.0,400.0,0,0.005,Low Risk
4757,83.0,2,4441.0,399.0,0,0.03,Low Risk
4758,61.0,2,4366.0,400.0,0,0.0,Low Risk
4759,4.0,2,99.0,23.0,0,0.0,Low Risk
4760,313.0,1,90.0,313.0,1,1.0,High Risk
4761,10.0,4,146.0,311.0,0,0.055,Low Risk
4762,2.0,4,196.0,117.0,0,0.0,Low Risk
4763,217.0,1,564.0,217.0,1,1.0,High Risk
4764,311.0,2,1388.0,507.0,1,0.95,High Risk
4765,80.0,2,4413.0,417.0,0,0.025,Low Risk
4766,75.0,2,4369.0,402.0,0,0.0,Low Risk
4767,222.0,2,62.0,364.0,1,0.885,High Risk
4768,86.0,2,4379.0,403.0,0,0.015,Low Risk
4769,126.0,2,3125.0,480.0,1,0.99,High Risk
4770,144.0,2,3160.0,480.0,1,0.985,High Risk
4771,142.0,2,3180.0,473.0,1,1.0,High Risk
4772,125.0,2,3175.0,462.0,1,0.865,High Risk
4773,193.0,1,40.0,193.0,1,1.0,High Risk
4774,185.0,1,64.0,185.0,1,1.0,High Risk
4775,295.0,1,125.0,295.0,1,1.0,High Risk
4776,164.0,1,15.0,164.0,1,1.0,High Risk
4777,247.0,1,5.0,247.0,1,1.0,High Risk
4778,283.0,1,40.0,283.0,1,1.0,High Risk
4779,129.0,2,3178.0,464.0,1,0.98,High Risk
4780,252.0,1,91.0,252.0,1,1.0,High Risk
4781,135.0,2,3245.0,475.0,1,0.915,High Risk
4782,141.0,2,3210.0,468.0,1,0.93,High Risk
4783,44.0,1,7.0,44.0,0,0.0,Low Risk
4784,97.0,2,99.0,202.0,1,0.53,Medium Risk
4785,77.0,2,4379.0,410.0,0,0.025,Low Risk
4786,90.0,2,4454.0,425.0,0,0.38,Low Risk
4787,77.0,2,4366.0,397.0,0,0.06,Low Risk
4788,47.0,2,168.0,277.0,0,0.085,Low Risk
4789,87.0,2,4443.0,407.0,0,0.015,Low Risk
4790,68.0,2,4486.0,423.0,0,0.1,Low Risk
4791,335.0,2,2668.0,412.0,1,0.975,High Risk
4792,57.0,2,42.0,323.0,0,0.115,Low Risk
4793,308.0,2,2645.0,421.0,1,0.995,High Risk
4794,61.0,2,4369.0,407.0,0,0.005,Low Risk
4795,32.0,2,114.0,311.0,0,0.09,Low Risk
4796,274.0,2,132.0,290.0,1,0.37,Low Risk
4797,25.0,2,60.0,35.0,0,0.0,Low Risk
4798,86.0,2,4415.0,425.0,0,0.125,Low Risk
4799,232.0,2,99.0,291.0,1,0.915,High Risk
4800,76.0,2,4423.0,412.0,0,0.0,Low Risk
4801,62.0,2,4399.0,425.0,0,0.65,Medium Risk
4802,62.0,2,4381.0,398.0,0,0.0,Low Risk
4803,70.0,2,4444.0,400.0,0,0.005,Low Risk
4804,70.0,2,66.0,184.0,0,0.28,Low Risk
4805,45.0,2,99.0,47.0,0,0.0,Low Risk
4806,42.0,2,128.0,50.0,0,0.0,Low Risk
4807,267.0,2,103.0,336.0,1,0.5427,Medium Risk
4808,46.0,2,71.0,303.0,0,0.0875,Low Risk
4809,71.0,2,4424.0,421.0,0,0.04,Low Risk
4810,192.0,2,63.0,340.0,1,0.765,High Risk
4811,108.0,2,67.0,296.0,1,0.805,High Risk
4812,195.0,2,71.0,297.0,1,0.645,Medium Risk
4813,86.0,2,81.0,253.0,0,0.125,Low Risk
4814,138.0,1,31.0,138.0,1,1.0,High Risk
4815,110.0,1,94.0,110.0,1,1.0,High Risk
4816,34.0,3,142.0,284.0,0,0.01,Low Risk
4817,240.0,3,188.0,341.0,1,0.48,Medium Risk
4818,260.0,1,64.0,260.0,1,1.0,High Risk
4819,44.0,1,5.0,44.0,0,0.0,Low Risk
4820,140.0,1,31.0,140.0,1,1.0,High Risk
4821,360.0,1,72.0,360.0,1,1.0,High Risk
4822,359.0,1,31.0,359.0,1,1.0,High Risk
4823,109.0,2,43.0,220.0,1,0.885,High Risk
4824,75.0,2,68.0,258.0,0,0.675,Medium Risk
4825,318.0,1,76.0,318.0,1,1.0,High Risk
4826,14.0,1,40.0,14.0,0,0.0,Low Risk
4827,7.0,4,185.0,346.0,0,0.075,Low Risk
4828,307.0,2,1419.0,466.0,1,0.705,High Risk
4829,76.0,2,172.0,271.0,0,0.565,Medium Risk
4830,231.0,2,188.0,270.0,1,0.625,Medium Risk
4831,305.0,2,2680.0,404.0,1,0.915,High Risk
4832,329.0,2,2646.0,419.0,1,0.955,High Risk
4833,297.0,2,2611.0,400.0,1,0.875,High Risk
4834,270.0,2,2611.0,414.0,1,0.955,High Risk
4835,326.0,2,1323.0,471.0,1,0.3088,Low Risk
4836,53.0,1,94.0,53.0,0,0.0,Low Risk
4837,106.0,1,7.0,106.0,1,1.0,High Risk
4838,197.0,1,40.0,197.0,1,1.0,High Risk
4839,274.0,1,57.0,274.0,1,1.0,High Risk
4840,267.0,1,24.0,267.0,1,1.0,High Risk
4841,137.0,2,3080.0,481.0,1,0.955,High Risk
4842,148.0,2,3105.0,473.0,1,1.0,High Risk
4843,136.0,2,3153.0,471.0,1,0.99,High Risk
4844,135.0,2,3143.0,467.0,1,0.99,High Risk
4845,126.0,2,3135.0,464.0,1,0.995,High Risk
4846,135.0,2,3245.0,463.0,1,0.975,High Risk
4847,44.0,2,4943.0,201.0,0,0.01,Low Risk
4848,8.0,3,241.0,259.0,0,0.06,Low Risk
4849,32.0,1,40.0,32.0,0,0.0,Low Risk
4850,229.0,1,7.0,229.0,1,1.0,High Risk
4851,48.0,2,4813.0,207.0,0,0.03,Low Risk
4852,145.0,2,3199.0,487.0,1,0.96,High Risk
4853,140.0,2,3223.0,467.0,1,0.94,High Risk
4854,215.0,1,60.0,215.0,1,1.0,High Risk
4855,229.0,1,42.0,229.0,1,1.0,High Risk
4856,120.0,1,29.0,120.0,1,1.0,High Risk
4857,21.0,3,153.0,365.0,0,0.04,Low Risk
4858,97.0,1,5.0,97.0,1,1.0,High Risk
4859,190.0,1,7.0,190.0,1,1.0,High Risk
4860,114.0,3,74.0,281.0,1,0.52,Medium Risk
4861,317.0,2,1323.0,484.0,1,0.0948,Low Risk
4862,361.0,1,7.0,361.0,1,1.0,High Risk
4863,330.0,2,1380.0,470.0,1,0.8496,High Risk
4864,198.0,3,243.0,297.0,1,0.535,Medium Risk
4865,112.0,3,104.0,265.0,1,0.69,Medium Risk
4866,289.0,2,1417.0,463.0,1,0.72,High Risk
4867,70.0,3,146.0,320.0,0,0.055,Low Risk
4868,46.0,1,7.0,46.0,0,0.0,Low Risk
4869,0.0,3,166.0,254.0,0,0.015,Low Risk
4870,329.0,1,14.0,329.0,1,1.0,High Risk
4871,255.0,1,7.0,255.0,1,1.0,High Risk
4872,305.0,1,40.0,305.0,1,1.0,High Risk
4873,44.0,3,237.0,87.0,0,0.0,Low Risk
4874,134.0,2,3124.0,461.0,1,0.915,High Risk
4875,86.0,3,226.0,335.0,0,0.03,Low Risk
4876,295.0,1,15.0,295.0,1,1.0,High Risk
4877,58.0,2,4789.0,202.0,0,0.015,Low Risk
4878,33.0,1,40.0,33.0,0,0.0,Low Risk
4879,73.0,3,226.0,323.0,0,0.05,Low Risk
4880,166.0,3,197.0,297.0,1,0.56,Medium Risk
4881,318.0,1,133.0,318.0,1,1.0,High Risk
4882,326.0,1,565.0,326.0,1,1.0,High Risk
4883,288.0,2,1372.0,487.0,1,0.945,High Risk
4884,299.0,1,90.0,299.0,1,1.0,High Risk
4885,266.0,1,40.0,266.0,1,1.0,High Risk
4886,276.0,2,1398.0,455.0,1,0.895,High Risk
4887,292.0,2,1422.0,430.0,1,0.865,High Risk
4888,34.0,1,40.0,34.0,0,0.0,Low Risk
4889,135.0,2,3179.0,427.0,1,0.685,Medium Risk
4890,51.0,2,4848.0,193.0,0,0.02,Low Risk
4891,250.0,2,1375.0,434.0,1,0.945,High Risk
4892,33.0,1,40.0,33.0,0,0.0,Low Risk
4893,215.0,2,1402.0,457.0,1,0.67,Medium Risk
4894,219.0,2,1429.0,444.0,1,0.95,High Risk
4895,298.0,1,90.0,298.0,1,1.0,High Risk
4896,218.0,1,62.0,218.0,1,1.0,High Risk
4897,146.0,1,7.0,146.0,1,1.0,High Risk
4898,148.0,2,3115.0,450.0,1,0.94,High Risk
4899,84.0,1,7.0,84.0,0,0.0,Low Risk
4900,152.0,2,3134.0,434.0,1,0.94,High Risk
4901,326.0,1,700.0,326.0,1,1.0,High Risk
4902,240.0,2,1377.0,452.0,1,1.0,High Risk
4903,237.0,2,1398.0,452.0,1,0.93,High Risk
4904,237.0,2,1373.0,427.0,1,0.47,Medium Risk
4905,242.0,2,1395.0,439.0,1,0.95,High Risk
4906,55.0,2,4899.0,200.0,0,0.005,Low Risk
4907,33.0,2,4761.0,201.0,0,0.015,Low Risk
4908,119.0,1,5.0,119.0,1,1.0,High Risk
4909,200.0,2,1414.0,428.0,1,0.835,High Risk
4910,193.0,2,1380.0,433.0,1,0.895,High Risk
4911,312.0,1,40.0,312.0,1,1.0,High Risk
4912,113.0,1,27.0,113.0,1,1.0,High Risk
4913,236.0,1,94.0,236.0,1,1.0,High Risk
4914,307.0,1,712.0,307.0,1,1.0,High Risk
4915,143.0,2,3080.0,438.0,1,0.87,High Risk
4916,122.0,2,3103.0,457.0,1,0.93,High Risk
4917,54.0,2,4793.0,177.0,0,0.1,Low Risk
4918,35.0,2,4679.0,163.0,0,0.035,Low Risk
4919,125.0,2,3150.0,452.0,1,0.975,High Risk
4920,35.0,2,84.0,178.0,0,0.015,Low Risk
4921,192.0,3,6248.0,489.0,1,0.955,High Risk
4922,123.0,3,6549.0,513.0,1,0.725,High Risk
4923,121.0,2,148.0,346.0,1,0.935,High Risk
4924,47.0,3,6592.0,515.0,0,0.16,Low Risk
4925,181.0,3,5744.0,501.0,1,0.995,High Risk
4926,162.0,3,5905.0,501.0,1,1.0,High Risk
4927,203.0,3,6979.0,698.0,1,0.955,High Risk
4928,210.0,3,6933.0,692.0,1,0.61,Medium Risk
4929,189.0,3,6960.0,677.0,1,0.615,Medium Risk
4930,140.0,3,6945.0,749.0,1,0.965,High Risk
4931,144.0,1,84.0,144.0,1,1.0,High Risk
4932,171.0,3,5362.0,489.0,1,0.685,Medium Risk
4933,160.0,3,7186.0,693.0,1,0.96,High Risk
4934,140.0,3,6932.0,736.0,1,0.99,High Risk
4935,142.0,2,3148.0,434.0,1,0.905,High Risk
4936,285.0,1,7.0,285.0,1,1.0,High Risk
4937,88.0,1,40.0,88.0,0,0.0,Low Risk
4938,122.0,2,3145.0,456.0,1,0.94,High Risk
4939,95.0,1,7.0,95.0,1,1.0,High Risk
4940,210.0,1,40.0,210.0,1,1.0,High Risk
4941,335.0,1,7.0,335.0,1,1.0,High Risk
4942,141.0,2,3105.0,430.0,1,0.845,High Risk
4943,129.0,3,192.0,204.0,1,0.59,Medium Risk
4944,155.0,3,365.0,314.0,1,0.685,Medium Risk
4945,151.0,2,3235.0,449.0,1,0.955,High Risk
4946,181.0,1,7.0,181.0,1,1.0,High Risk
4947,281.0,1,104.0,281.0,1,1.0,High Risk
4948,151.0,1,7.0,151.0,1,1.0,High Risk
4949,138.0,2,3093.0,455.0,1,0.945,High Risk
4950,152.0,2,3158.0,401.0,1,0.89,High Risk
4951,111.0,1,7.0,111.0,1,1.0,High Risk
4952,282.0,1,40.0,282.0,1,1.0,High Risk
4953,141.0,2,3175.0,408.0,1,0.775,High Risk
4954,182.0,2,1358.0,419.0,1,0.445,Medium Risk
4955,136.0,2,3118.0,408.0,1,0.845,High Risk
4956,233.0,1,40.0,233.0,1,1.0,High Risk
4957,62.0,1,5.0,62.0,0,0.0,Low Risk
4958,190.0,1,164.0,190.0,1,0.995,High Risk
4959,250.0,1,69.0,250.0,1,1.0,High Risk
4960,141.0,2,3118.0,397.0,1,0.63,Medium Risk
4961,34.0,1,5.0,34.0,0,0.0,Low Risk
4962,136.0,2,3127.0,420.0,1,0.845,High Risk
4963,66.0,1,62.0,66.0,0,0.0,Low Risk
4964,300.0,1,90.0,300.0,1,1.0,High Risk
4965,129.0,2,3118.0,417.0,1,0.775,High Risk
4966,134.0,2,3109.0,408.0,1,0.79,High Risk
4967,151.0,1,5.0,151.0,1,1.0,High Risk
4968,258.0,1,5.0,258.0,1,1.0,High Risk
4969,126.0,2,3100.0,408.0,1,0.875,High Risk
4970,139.0,2,3110.0,424.0,1,0.555,Medium Risk
4971,245.0,1,40.0,245.0,1,1.0,High Risk
4972,223.0,1,40.0,223.0,1,1.0,High Risk
4973,122.0,2,3149.0,424.0,1,0.585,Medium Risk
4974,56.0,1,40.0,56.0,0,0.0,Low Risk
4975,69.0,3,208.0,341.0,0,0.09,Low Risk
4976,132.0,1,166.0,132.0,1,1.0,High Risk
4977,136.0,2,3158.0,415.0,1,0.68,Medium Risk
4978,92.0,1,40.0,92.0,1,1.0,High Risk
4979,66.0,1,7.0,66.0,0,0.0,Low Risk
4980,216.0,1,5.0,216.0,1,1.0,High Risk
4981,137.0,2,3078.0,411.0,1,0.835,High Risk
4982,269.0,1,125.0,269.0,1,1.0,High Risk
4983,119.0,1,5.0,119.0,1,1.0,High Risk
4984,151.0,2,3135.0,414.0,1,0.71,High Risk
4985,124.0,2,3125.0,412.0,1,0.78,High Risk
4986,148.0,2,3180.0,399.0,1,0.77,High Risk
4987,198.0,2,1423.0,419.0,1,0.84,High Risk
4988,157.0,2,1405.0,403.0,1,0.715,High Risk
4989,94.0,1,90.0,94.0,1,1.0,High Risk
4990,143.0,2,3141.0,423.0,1,0.555,Medium Risk
4991,130.0,2,3100.0,404.0,1,0.775,High Risk
4992,146.0,2,3127.0,417.0,1,0.945,High Risk
4993,150.0,2,3195.0,398.0,1,0.8,High Risk
4994,250.0,1,597.0,250.0,1,1.0,High Risk
4995,181.0,2,1392.0,409.0,1,0.795,High Risk
4996,167.0,1,609.0,167.0,1,1.0,High Risk
4997,258.0,1,565.0,258.0,1,1.0,High Risk
4998,40.0,2,4746.0,172.0,0,0.165,Low Risk
4999,142.0,1,2372.0,142.0,1,0.995,High Risk
5000,144.0,1,2355.0,144.0,1,1.0,High Risk
5001,54.0,2,4814.0,172.0,0,0.13,Low Risk
5002,326.0,1,7.0,326.0,1,1.0,High Risk
5003,331.0,1,62.0,331.0,1,1.0,High Risk
5004,300.0,1,5.0,300.0,1,1.0,High Risk
5005,139.0,1,2518.0,139.0,1,1.0,High Risk
5006,177.0,3,198.0,353.0,1,0.72,High Risk
5007,246.0,1,40.0,246.0,1,1.0,High Risk
5008,152.0,1,2330.0,152.0,1,1.0,High Risk
5009,17.0,1,5.0,17.0,0,0.0,Low Risk
5010,118.0,2,170.0,180.0,1,0.71,High Risk
5011,183.0,1,7.0,183.0,1,1.0,High Risk
5012,105.0,2,3657.0,153.0,1,0.605,Medium Risk
5013,220.0,2,94.0,276.0,1,0.645,Medium Risk
5014,345.0,1,90.0,345.0,1,0.995,High Risk
5015,179.0,1,7.0,179.0,1,1.0,High Risk
5016,372.0,1,575.0,372.0,1,1.0,High Risk
5017,106.0,2,118.0,209.0,1,0.525,Medium Risk
5018,181.0,1,60.0,181.0,1,1.0,High Risk
5019,358.0,1,90.0,358.0,1,1.0,High Risk
5020,171.0,1,574.0,171.0,1,1.0,High Risk
5021,267.0,1,596.0,267.0,1,1.0,High Risk
5022,215.0,1,540.0,215.0,1,1.0,High Risk
5023,175.0,1,590.0,175.0,1,1.0,High Risk
5024,172.0,2,167.0,291.0,1,0.54,Medium Risk
5025,19.0,1,5.0,19.0,0,0.0,Low Risk
5026,53.0,2,3831.0,421.0,0,0.05,Low Risk
5027,40.0,2,3804.0,419.0,0,0.005,Low Risk
5028,54.0,2,3826.0,417.0,0,0.015,Low Risk
5029,44.0,2,3807.0,415.0,0,0.0,Low Risk
5030,53.0,2,3807.0,404.0,0,0.01,Low Risk
5031,8.0,2,73.0,91.0,0,0.03,Low Risk
5032,55.0,2,3750.0,421.0,0,0.05,Low Risk
5033,280.0,2,91.0,339.0,1,0.765,High Risk
5034,32.0,3,3743.0,751.0,0,0.005,Low Risk
5035,64.0,1,7.0,64.0,0,0.0,Low Risk
5036,4.0,2,51.0,14.0,0,0.0,Low Risk
5037,216.0,2,62.0,285.0,1,0.84,High Risk
5038,229.0,1,40.0,229.0,1,1.0,High Risk
5039,49.0,2,84.0,159.0,0,0.095,Low Risk
5040,344.0,1,5.0,344.0,1,1.0,High Risk
5041,331.0,1,65.0,331.0,1,1.0,High Risk
5042,364.0,1,65.0,364.0,1,1.0,High Risk
5043,213.0,1,25.0,213.0,1,1.0,High Risk
5044,53.0,2,62.0,260.0,0,0.43,Medium Risk
5045,317.0,1,69.0,317.0,1,1.0,High Risk
5046,41.0,3,3802.0,739.0,0,0.02,Low Risk
5047,59.0,3,3962.0,756.0,0,0.025,Low Risk
5048,61.0,1,5.0,61.0,0,0.0,Low Risk
5049,287.0,1,40.0,287.0,1,0.995,High Risk
5050,207.0,1,40.0,207.0,1,1.0,High Risk
5051,103.0,2,77.0,327.0,1,0.8072,High Risk
5052,50.0,2,2747.0,503.0,0,0.115,Low Risk
5053,34.0,2,2732.0,511.0,0,0.2,Low Risk
5054,36.0,3,3752.0,733.0,0,0.01,Low Risk
5055,41.0,3,3759.0,752.0,0,0.005,Low Risk
5056,290.0,1,66.0,290.0,1,1.0,High Risk
5057,125.0,1,27.0,125.0,1,1.0,High Risk
5058,350.0,1,40.0,350.0,1,1.0,High Risk
5059,83.0,2,38.0,272.0,0,0.075,Low Risk
5060,316.0,1,147.0,316.0,1,1.0,High Risk
5061,5.0,1,7.0,5.0,0,0.0,Low Risk
5062,169.0,1,592.0,169.0,1,1.0,High Risk
5063,42.0,1,7.0,42.0,0,0.0,Low Risk
5064,193.0,1,5.0,193.0,1,1.0,High Risk
5065,153.0,1,7.0,153.0,1,1.0,High Risk
5066,140.0,1,572.0,140.0,1,1.0,High Risk
5067,138.0,1,612.0,138.0,1,1.0,High Risk
5068,149.0,1,665.0,149.0,1,1.0,High Risk
5069,132.0,1,564.0,132.0,1,1.0,High Risk
5070,138.0,1,580.0,138.0,1,1.0,High Risk
5071,23.0,1,40.0,23.0,0,0.0,Low Risk
5072,24.0,3,104.0,140.0,0,0.005,Low Risk
5073,108.0,1,166.0,108.0,1,1.0,High Risk
5074,47.0,1,64.0,47.0,0,0.0,Low Risk
5075,257.0,1,40.0,257.0,1,1.0,High Risk
5076,94.0,1,7.0,94.0,1,1.0,High Risk
5077,13.0,1,7.0,13.0,0,0.0,Low Risk
5078,131.0,1,2401.0,131.0,1,1.0,High Risk
5079,139.0,1,2384.0,139.0,1,0.995,High Risk
5080,141.0,1,2325.0,141.0,1,1.0,High Risk
5081,142.0,1,567.0,142.0,1,1.0,High Risk
5082,94.0,1,2320.0,94.0,1,0.995,High Risk
5083,215.0,1,40.0,215.0,1,1.0,High Risk
5084,224.0,1,562.0,224.0,1,1.0,High Risk
5085,44.0,1,5.0,44.0,0,0.0,Low Risk
5086,210.0,3,144.0,355.0,1,0.73,High Risk
5087,92.0,1,2407.0,92.0,1,0.975,High Risk
5088,106.0,1,2370.0,106.0,1,1.0,High Risk
5089,252.0,1,7.0,252.0,1,1.0,High Risk
5090,87.0,3,342.0,253.0,0,0.015,Low Risk
5091,105.0,1,605.0,105.0,1,1.0,High Risk
5092,216.0,1,40.0,216.0,1,1.0,High Risk
5093,126.0,1,7.0,126.0,1,1.0,High Risk
5094,122.0,1,555.0,122.0,1,1.0,High Risk
5095,136.0,1,567.0,136.0,1,1.0,High Risk
5096,113.0,1,2330.0,113.0,1,0.995,High Risk
5097,95.0,3,212.0,333.0,1,0.53,Medium Risk
5098,195.0,3,104.0,363.0,1,0.8,High Risk
5099,165.0,2,3101.0,370.0,1,0.69,Medium Risk
5100,60.0,1,90.0,60.0,0,0.0,Low Risk
5101,114.0,1,2370.0,114.0,1,1.0,High Risk
5102,106.0,1,2322.0,106.0,1,1.0,High Risk
5103,130.0,1,564.0,130.0,1,1.0,High Risk
5104,176.0,2,3142.0,335.0,1,0.84,High Risk
5105,92.0,1,2415.0,92.0,1,0.975,High Risk
5106,121.0,1,2362.0,121.0,1,0.995,High Risk
5107,15.0,3,158.0,238.0,0,0.02,Low Risk
5108,259.0,1,40.0,259.0,1,1.0,High Risk
5109,101.0,1,634.0,101.0,1,1.0,High Risk
5110,95.0,1,549.0,95.0,1,1.0,High Risk
5111,96.0,1,651.0,96.0,1,0.995,High Risk
5112,115.0,1,2341.0,115.0,1,1.0,High Risk
5113,119.0,1,2374.0,119.0,1,0.995,High Risk
5114,108.0,1,2392.0,108.0,1,1.0,High Risk
5115,103.0,1,2320.0,103.0,1,1.0,High Risk
5116,306.0,1,7.0,306.0,1,1.0,High Risk
5117,95.0,1,2342.0,95.0,1,0.99,High Risk
5118,68.0,1,86.0,68.0,0,0.0,Low Risk
5119,99.0,1,2564.0,99.0,1,1.0,High Risk
5120,354.0,1,14.0,354.0,1,1.0,High Risk
5121,90.0,1,7.0,90.0,0,0.0,Low Risk
5122,66.0,1,614.0,66.0,0,0.0,Low Risk
5123,114.0,1,570.0,114.0,1,1.0,High Risk
5124,84.0,1,630.0,84.0,0,0.0,Low Risk
5125,71.0,1,614.0,71.0,0,0.0,Low Risk
5126,56.0,1,589.0,56.0,0,0.0,Low Risk
5127,121.0,1,580.0,121.0,1,1.0,High Risk
5128,106.0,1,619.0,106.0,1,1.0,High Risk
5129,46.0,1,540.0,46.0,0,0.0,Low Risk
5130,77.0,1,565.0,77.0,0,0.0,Low Risk
5131,139.0,1,62.0,139.0,1,1.0,High Risk
5132,84.0,1,166.0,84.0,0,0.0,Low Risk
5133,375.0,1,2459.0,375.0,1,1.0,High Risk
5134,24.0,3,165.0,355.0,0,0.725,High Risk
5135,277.0,1,14.0,277.0,1,1.0,High Risk
5136,85.0,1,580.0,85.0,0,0.0,Low Risk
5137,62.0,1,565.0,62.0,0,0.0,Low Risk
5138,80.0,1,555.0,80.0,0,0.0,Low Risk
5139,84.0,1,565.0,84.0,0,0.0,Low Risk
5140,80.0,1,655.0,80.0,0,0.0,Low Risk
5141,309.0,1,2528.0,309.0,1,1.0,High Risk
5142,90.0,1,590.0,90.0,0,0.0,Low Risk
5143,83.0,1,564.0,83.0,0,0.0,Low Risk
5144,288.0,1,27.0,288.0,1,1.0,High Risk
5145,105.0,1,2377.0,105.0,1,0.995,High Risk
5146,116.0,1,2322.0,116.0,1,1.0,High Risk
5147,103.0,1,2330.0,103.0,1,0.995,High Risk
5148,94.0,1,2367.0,94.0,1,1.0,High Risk
5149,121.0,1,2320.0,121.0,1,1.0,High Risk
5150,127.0,3,193.0,243.0,1,0.71,High Risk
5151,78.0,1,630.0,78.0,0,0.0,Low Risk
5152,88.0,1,639.0,88.0,0,0.0,Low Risk
5153,100.0,1,64.0,100.0,1,1.0,High Risk
5154,169.0,1,40.0,169.0,1,1.0,High Risk
5155,201.0,1,5.0,201.0,1,1.0,High Risk
5156,71.0,2,4490.0,419.0,0,0.01,Low Risk
5157,75.0,2,4344.0,397.0,0,0.27,Low Risk
5158,86.0,2,4391.0,407.0,0,0.005,Low Risk
5159,84.0,2,4369.0,418.0,0,0.015,Low Risk
5160,36.0,2,4411.0,403.0,0,0.005,Low Risk
5161,224.0,2,2644.0,415.0,1,0.92,High Risk
5162,186.0,2,2700.0,409.0,1,0.95,High Risk
5163,74.0,2,185.0,192.0,0,0.53,Medium Risk
5164,146.0,2,2641.0,418.0,1,0.99,High Risk
5165,136.0,2,2639.0,406.0,1,0.855,High Risk
5166,129.0,2,82.0,203.0,1,0.78,High Risk
5167,107.0,2,109.0,350.0,1,0.67,Medium Risk
5168,41.0,2,103.0,165.0,0,0.085,Low Risk
5169,305.0,2,80.0,341.0,1,0.805,High Risk
5170,60.0,2,4404.0,410.0,0,0.01,Low Risk
5171,0.0,2,189.0,163.0,0,0.02,Low Risk
5172,263.0,2,104.0,297.0,1,0.84,High Risk
5173,97.0,2,186.0,179.0,1,0.71,High Risk
5174,240.0,2,43.0,338.0,1,0.76,High Risk
5175,224.0,2,141.0,300.0,1,0.87,High Risk
5176,2.0,2,70.0,170.0,0,0.04,Low Risk
5177,55.0,2,4404.0,426.0,0,0.07,Low Risk
5178,198.0,2,133.0,239.0,1,0.755,High Risk
5179,70.0,2,109.0,284.0,0,0.065,Low Risk
5180,68.0,2,72.0,135.0,0,0.08,Low Risk
5181,55.0,2,4386.0,398.0,0,0.0,Low Risk
5182,37.0,2,171.0,114.0,0,0.0,Low Risk
5183,40.0,2,84.0,251.0,0,0.13,Low Risk
5184,260.0,2,31.0,264.0,1,0.705,High Risk
5185,86.0,2,78.0,122.0,0,0.01,Low Risk
5186,253.0,2,29.0,276.0,1,0.67,Medium Risk
5187,213.0,1,65.0,213.0,1,1.0,High Risk
5188,66.0,2,35.0,173.0,0,0.645,Medium Risk
5189,21.0,2,97.0,61.0,0,0.0,Low Risk
5190,51.0,2,106.0,226.0,0,0.84,High Risk
5191,56.0,2,79.0,316.0,0,0.0938,Low Risk
5192,30.0,2,27.0,99.0,0,0.1,Low Risk
5193,275.0,2,101.0,365.0,1,0.635,Medium Risk
5194,277.0,2,91.0,343.0,1,0.62,Medium Risk
5195,310.0,1,49.0,310.0,1,1.0,High Risk
5196,251.0,1,93.0,251.0,1,1.0,High Risk
5197,154.0,3,7237.0,692.0,1,0.95,High Risk
5198,89.0,2,2757.0,681.0,0,0.155,Low Risk
5199,202.0,2,115.0,267.0,1,0.62,Medium Risk
5200,162.0,3,6918.0,679.0,1,0.685,Medium Risk
5201,279.0,2,97.0,311.0,1,0.9,High Risk
5202,191.0,2,3058.0,741.0,1,0.995,High Risk
5203,111.0,1,31.0,111.0,1,1.0,High Risk
5204,102.0,3,6940.0,514.0,1,0.865,High Risk
5205,86.0,3,7162.0,500.0,0,0.48,Medium Risk
5206,78.0,3,6951.0,503.0,0,0.465,Medium Risk
5207,156.0,3,7203.0,653.0,1,0.98,High Risk
5208,148.0,3,7226.0,659.0,1,0.98,High Risk
5209,330.0,1,120.0,330.0,1,1.0,High Risk
5210,359.0,1,31.0,359.0,1,1.0,High Risk
5211,43.0,1,646.0,43.0,0,0.0,Low Risk
5212,57.0,1,587.0,57.0,0,0.0,Low Risk
5213,43.0,1,40.0,43.0,0,0.0,Low Risk
5214,108.0,3,155.0,207.0,1,0.19,Low Risk
5215,303.0,1,15.0,303.0,1,1.0,High Risk
5216,37.0,1,618.0,37.0,0,0.0,Low Risk
5217,54.0,1,614.0,54.0,0,0.0,Low Risk
5218,152.0,1,125.0,152.0,1,1.0,High Risk
5219,381.0,1,575.0,381.0,1,1.0,High Risk
5220,233.0,1,554.0,233.0,1,1.0,High Risk
5221,188.0,1,563.0,188.0,1,1.0,High Risk
5222,347.0,1,589.0,347.0,1,1.0,High Risk
5223,348.0,1,561.0,348.0,1,1.0,High Risk
5224,348.0,1,563.0,348.0,1,1.0,High Risk
5225,336.0,1,556.0,336.0,1,0.995,High Risk
5226,331.0,1,554.0,331.0,1,1.0,High Risk
5227,331.0,1,554.0,331.0,1,1.0,High Risk
5228,363.0,1,81.0,363.0,1,0.995,High Risk
5229,48.0,1,570.0,48.0,0,0.0,Low Risk
5230,52.0,1,572.0,52.0,0,0.0,Low Risk
5231,41.0,1,619.0,41.0,0,0.0,Low Risk
5232,382.0,1,2526.0,382.0,1,1.0,High Risk
5233,345.0,1,2476.0,345.0,1,1.0,High Risk
5234,14.0,1,114.0,14.0,0,0.0,Low Risk
5235,240.0,1,14.0,240.0,1,1.0,High Risk
5236,344.0,1,2443.0,344.0,1,1.0,High Risk
5237,125.0,1,99.0,125.0,1,0.995,High Risk
5238,332.0,1,2515.0,332.0,1,1.0,High Risk
5239,294.0,1,13.0,294.0,1,1.0,High Risk
5240,23.0,1,40.0,23.0,0,0.0,Low Risk
5241,26.0,1,5.0,26.0,0,0.0,Low Risk
5242,137.0,2,127.0,277.0,1,0.42,Medium Risk
5243,219.0,1,7.0,219.0,1,1.0,High Risk
5244,155.0,2,92.0,335.0,1,0.7,High Risk
5245,106.0,1,2370.0,106.0,1,1.0,High Risk
5246,5.0,1,5.0,5.0,0,0.0,Low Risk
5247,235.0,1,13.0,235.0,1,1.0,High Risk
5248,190.0,3,96.0,200.0,1,0.665,Medium Risk
5249,271.0,1,40.0,271.0,1,1.0,High Risk
5250,274.0,1,14.0,274.0,1,1.0,High Risk
5251,31.0,2,4512.0,711.0,0,0.145,Low Risk
5252,41.0,2,27.0,272.0,0,0.04,Low Risk
5253,87.0,2,2782.0,657.0,0,0.365,Low Risk
5254,72.0,2,2722.0,667.0,0,0.07,Low Risk
5255,341.0,1,25.0,341.0,1,1.0,High Risk
5256,286.0,1,188.0,286.0,1,1.0,High Risk
5257,146.0,2,82.0,232.0,1,0.66,Medium Risk
5258,13.0,1,73.0,13.0,0,0.0,Low Risk
5259,40.0,1,64.0,40.0,0,0.0,Low Risk
5260,51.0,2,2757.0,505.0,0,0.16,Low Risk
5261,174.0,2,3001.0,726.0,1,0.895,High Risk
5262,77.0,3,7170.0,490.0,0,0.14,Low Risk
5263,46.0,3,6950.0,516.0,0,0.775,High Risk
5264,131.0,3,7243.0,648.0,1,1.0,High Risk
5265,65.0,2,62.0,71.0,0,0.0,Low Risk
5266,118.0,1,27.0,118.0,1,1.0,High Risk
5267,207.0,1,64.0,207.0,1,1.0,High Risk
5268,67.0,2,3037.0,656.0,0,0.07,Low Risk
5269,44.0,2,2779.0,465.0,0,0.175,Low Risk
5270,48.0,2,2779.0,662.0,0,0.125,Low Risk
5271,57.0,2,2772.0,642.0,0,0.11,Low Risk
5272,44.0,2,3014.0,639.0,0,0.93,High Risk
5273,167.0,2,3021.0,704.0,1,0.98,High Risk
5274,59.0,2,2804.0,459.0,0,0.1,Low Risk
5275,26.0,1,5.0,26.0,0,0.0,Low Risk
5276,171.0,2,3282.0,724.0,1,0.77,High Risk
5277,47.0,1,7.0,47.0,0,0.0,Low Risk
5278,175.0,2,3010.0,700.0,1,0.85,High Risk
5279,53.0,2,2992.0,653.0,0,0.795,High Risk
5280,123.0,1,49.0,123.0,1,1.0,High Risk
5281,85.0,1,13.0,85.0,0,0.0,Low Risk
5282,215.0,1,64.0,215.0,1,1.0,High Risk
5283,213.0,2,64.0,260.0,1,0.395,Low Risk
5284,117.0,1,64.0,117.0,1,1.0,High Risk
5285,230.0,1,7.0,230.0,1,1.0,High Risk
5286,12.0,1,77.0,12.0,0,0.0,Low Risk
5287,57.0,3,6921.0,487.0,0,0.03,Low Risk
5288,59.0,2,4539.0,713.0,0,0.575,Medium Risk
5289,49.0,2,2769.0,459.0,0,0.1,Low Risk
5290,33.0,2,2779.0,473.0,0,0.09,Low Risk
5291,59.0,2,2823.0,648.0,0,0.155,Low Risk
5292,372.0,2,4921.0,479.0,1,0.935,High Risk
5293,309.0,1,32.0,309.0,1,1.0,High Risk
5294,211.0,1,5.0,211.0,1,1.0,High Risk
5295,207.0,1,14.0,207.0,1,1.0,High Risk
5296,317.0,1,138.0,317.0,1,1.0,High Risk
5297,57.0,1,123.0,57.0,0,0.0,Low Risk
5298,96.0,3,6890.0,622.0,1,0.655,Medium Risk
5299,119.0,3,7001.0,628.0,1,0.89,High Risk
5300,279.0,1,5.0,279.0,1,1.0,High Risk
5301,39.0,2,112.0,211.0,0,0.075,Low Risk
5302,318.0,1,73.0,318.0,1,1.0,High Risk
5303,280.0,1,25.0,280.0,1,1.0,High Risk
5304,2.0,1,150.0,2.0,0,0.0,Low Risk
5305,273.0,1,49.0,273.0,1,1.0,High Risk
5306,45.0,2,2983.0,609.0,0,0.805,High Risk
5307,97.0,2,29.0,305.0,1,0.7569,High Risk
5308,99.0,3,6918.0,634.0,1,0.635,Medium Risk
5309,36.0,2,4552.0,722.0,0,0.035,Low Risk
5310,120.0,3,6911.0,633.0,1,0.35,Low Risk
5311,99.0,3,6010.0,466.0,1,0.84,High Risk
5312,389.0,2,2988.0,728.0,1,0.795,High Risk
5313,67.0,1,64.0,67.0,0,0.0,Low Risk
5314,396.0,2,4985.0,625.0,1,0.65,Medium Risk
5315,210.0,2,112.0,324.0,1,0.585,Medium Risk
5316,98.0,1,29.0,98.0,1,1.0,High Risk
5317,377.0,2,4660.0,623.0,1,0.52,Medium Risk
5318,135.0,2,3001.0,711.0,1,0.99,High Risk
5319,148.0,2,3021.0,705.0,1,0.985,High Risk
5320,310.0,1,27.0,310.0,1,1.0,High Risk
5321,333.0,1,49.0,333.0,1,1.0,High Risk
5322,28.0,2,97.0,185.0,0,0.02,Low Risk
5324,162.0,1,25.0,162.0,1,1.0,High Risk
5325,353.0,2,3282.0,701.0,1,0.23,Low Risk
5326,67.0,2,171.0,110.0,0,0.0,Low Risk
5327,294.0,1,25.0,294.0,1,1.0,High Risk
5328,367.0,2,4648.0,626.0,1,0.075,Low Risk
5329,132.0,2,3001.0,716.0,1,0.97,High Risk
5330,131.0,2,3271.0,729.0,1,0.75,High Risk
5331,253.0,1,31.0,253.0,1,1.0,High Risk
5332,7.0,3,119.0,325.0,0,0.085,Low Risk
5333,36.0,2,147.0,127.0,0,0.005,Low Risk
5334,238.0,1,57.0,238.0,1,1.0,High Risk
5335,363.0,1,85.0,363.0,1,0.995,High Risk
5336,127.0,1,37.0,127.0,1,1.0,High Risk
5337,119.0,1,64.0,119.0,1,1.0,High Risk
5338,63.0,1,7.0,63.0,0,0.0,Low Risk
5339,273.0,2,169.0,365.0,1,0.87,High Risk
5340,386.0,2,3169.0,401.0,1,0.835,High Risk
5341,306.0,1,609.0,306.0,1,1.0,High Risk
5342,112.0,2,88.0,133.0,1,0.575,Medium Risk
5343,29.0,2,143.0,63.0,0,0.0,Low Risk
5344,89.0,2,58.0,235.0,0,0.15,Low Risk
5345,99.0,1,2295.0,99.0,1,0.995,High Risk
5346,103.0,2,4173.0,1104.0,1,0.475,Medium Risk
5347,36.0,2,37.0,287.0,0,0.045,Low Risk
5348,37.0,2,5918.0,1098.0,0,0.01,Low Risk
5349,36.0,2,5918.0,1108.0,0,0.025,Low Risk
5350,41.0,2,5898.0,1099.0,0,0.0,Low Risk
5351,36.0,2,5903.0,1101.0,0,0.02,Low Risk
5352,56.0,2,5873.0,1124.0,0,0.06,Low Risk
5353,58.0,2,5948.0,1111.0,0,0.03,Low Risk
5354,233.0,1,107.0,233.0,1,1.0,High Risk
5355,325.0,1,575.0,325.0,1,1.0,High Risk
5356,314.0,1,90.0,314.0,1,1.0,High Risk
5357,197.0,1,7.0,197.0,1,1.0,High Risk
5358,155.0,1,5.0,155.0,1,1.0,High Risk
5359,125.0,4,88.0,326.0,1,0.78,High Risk
5360,168.0,1,7.0,168.0,1,1.0,High Risk
5361,333.0,1,554.0,333.0,1,1.0,High Risk
5362,323.0,1,2515.0,323.0,1,1.0,High Risk
5363,285.0,1,2482.0,285.0,1,1.0,High Risk
5364,315.0,1,2481.0,315.0,1,0.995,High Risk
5365,280.0,1,2482.0,280.0,1,1.0,High Risk
5366,73.0,1,2490.0,73.0,0,0.02,Low Risk
5367,78.0,1,2563.0,78.0,0,0.08,Low Risk
5368,92.0,1,40.0,92.0,1,1.0,High Risk
5369,27.0,1,99.0,27.0,0,0.0,Low Risk
5370,148.0,1,27.0,148.0,1,1.0,High Risk
5371,1.0,3,133.0,50.0,0,0.0,Low Risk
5372,227.0,1,55.0,227.0,1,1.0,High Risk
5373,299.0,1,2482.0,299.0,1,1.0,High Risk
5374,287.0,1,2579.0,287.0,1,1.0,High Risk
5375,39.0,1,15.0,39.0,0,0.0,Low Risk
5376,258.0,1,2478.0,258.0,1,1.0,High Risk
5377,87.0,1,7.0,87.0,0,0.0,Low Risk
5378,339.0,1,14.0,339.0,1,1.0,High Risk
5379,45.0,1,14.0,45.0,0,0.0,Low Risk
5380,56.0,1,59.0,56.0,0,0.0,Low Risk
5381,57.0,2,196.0,187.0,0,0.075,Low Risk
5382,334.0,1,5.0,334.0,1,1.0,High Risk
5383,296.0,1,60.0,296.0,1,1.0,High Risk
5384,331.0,1,59.0,331.0,1,1.0,High Risk
5385,362.0,1,7.0,362.0,1,1.0,High Risk
5386,237.0,1,64.0,237.0,1,1.0,High Risk
5387,156.0,2,130.0,168.0,1,0.835,High Risk
5388,40.0,2,95.0,137.0,0,0.02,Low Risk
5389,383.0,2,4674.0,487.0,1,0.975,High Risk
5390,288.0,2,4639.0,636.0,1,0.13,Low Risk
5391,293.0,2,4658.0,613.0,1,0.505,Medium Risk
5392,375.0,2,4625.0,484.0,1,0.99,High Risk
5393,119.0,3,5787.0,487.0,1,0.935,High Risk
5394,105.0,3,5842.0,468.0,1,0.78,High Risk
5395,383.0,2,4660.0,480.0,1,0.98,High Risk
5396,335.0,1,64.0,335.0,1,1.0,High Risk
5397,299.0,1,32.0,299.0,1,1.0,High Risk
5398,181.0,1,65.0,181.0,1,1.0,High Risk
5399,323.0,1,53.0,323.0,1,1.0,High Risk
5400,318.0,1,32.0,318.0,1,1.0,High Risk
5401,366.0,2,4958.0,484.0,1,0.92,High Risk
5402,81.0,2,102.0,96.0,0,0.035,Low Risk
5403,0.0,2,10.0,53.0,0,0.015,Low Risk
5404,49.0,1,38.0,49.0,0,0.0,Low Risk
5405,93.0,3,6002.0,472.0,1,0.805,High Risk
5406,349.0,2,3262.0,711.0,1,0.96,High Risk
5407,362.0,2,3110.0,723.0,1,0.755,High Risk
5408,104.0,2,3249.0,707.0,1,0.84,High Risk
5409,315.0,2,4693.0,472.0,1,0.975,High Risk
5410,262.0,2,4924.0,618.0,1,0.405,Medium Risk
5411,110.0,2,3242.0,708.0,1,0.905,High Risk
5412,271.0,2,4660.0,597.0,1,0.115,Low Risk
5413,284.0,2,4921.0,471.0,1,0.935,High Risk
5414,329.0,1,38.0,329.0,1,1.0,High Risk
5415,245.0,2,4919.0,595.0,1,0.32,Low Risk
5416,279.0,2,4930.0,440.0,1,0.975,High Risk
5417,284.0,2,4971.0,446.0,1,0.955,High Risk
5418,109.0,2,3001.0,709.0,1,0.955,High Risk
5419,349.0,1,27.0,349.0,1,1.0,High Risk
5420,91.0,1,27.0,91.0,1,1.0,High Risk
5421,108.0,2,2959.0,710.0,1,0.995,High Risk
5422,90.0,1,31.0,90.0,0,0.0,Low Risk
5423,211.0,2,4633.0,597.0,1,0.085,Low Risk
5424,119.0,1,84.0,119.0,1,1.0,High Risk
5425,115.0,3,5739.0,456.0,1,0.855,High Risk
5426,118.0,3,5719.0,441.0,1,0.68,Medium Risk
5427,87.0,3,5769.0,428.0,0,0.11,Low Risk
5428,362.0,2,2975.0,694.0,1,0.865,High Risk
5429,115.0,2,3021.0,680.0,1,0.925,High Risk
5430,191.0,2,4958.0,580.0,1,0.68,Medium Risk
5431,264.0,2,4639.0,435.0,1,0.83,High Risk
5432,266.0,2,4769.0,453.0,1,0.995,High Risk
5433,224.0,2,4634.0,442.0,1,0.96,High Risk
5434,240.0,2,4697.0,449.0,1,0.925,High Risk
5435,240.0,1,70.0,240.0,1,1.0,High Risk
5436,42.0,1,6.0,42.0,0,0.0,Low Risk
5437,210.0,2,4697.0,419.0,1,0.835,High Risk
5438,230.0,2,47.0,314.0,1,0.835,High Risk
5439,277.0,1,25.0,277.0,1,1.0,High Risk
5440,152.0,1,25.0,152.0,1,1.0,High Risk
5441,336.0,1,29.0,336.0,1,1.0,High Risk
5442,347.0,1,25.0,347.0,1,1.0,High Risk
5443,186.0,2,4923.0,597.0,1,0.585,Medium Risk
5444,5.0,2,67.0,25.0,0,0.03,Low Risk
5445,323.0,2,3271.0,674.0,1,0.85,High Risk
5446,82.0,2,3242.0,689.0,0,0.215,Low Risk
5447,86.0,2,3093.0,690.0,0,0.06,Low Risk
5448,244.0,2,3001.0,670.0,1,0.79,High Risk
5449,104.0,3,6907.0,596.0,1,0.545,Medium Risk
5450,248.0,2,47.0,309.0,1,0.865,High Risk
5451,108.0,1,38.0,108.0,1,0.995,High Risk
5452,156.0,2,4633.0,608.0,1,0.115,Low Risk
5453,81.0,2,3071.0,695.0,0,0.24,Low Risk
5454,95.0,2,14.0,293.0,1,0.705,High Risk
5455,280.0,2,47.0,350.0,1,0.72,High Risk
5456,307.0,1,29.0,307.0,1,1.0,High Risk
5457,144.0,1,65.0,144.0,1,1.0,High Risk
5458,168.0,1,150.0,168.0,1,1.0,High Risk
5459,307.0,1,25.0,307.0,1,1.0,High Risk
5460,299.0,2,47.0,348.0,1,0.54,Medium Risk
5461,66.0,2,47.0,227.0,0,0.44,Medium Risk
5462,66.0,2,3286.0,698.0,0,0.055,Low Risk
5463,18.0,1,49.0,18.0,0,0.0,Low Risk
5464,231.0,1,60.0,231.0,1,1.0,High Risk
5465,143.0,2,45.0,272.0,1,0.85,High Risk
5466,88.0,2,3271.0,676.0,0,0.845,High Risk
5467,123.0,2,4625.0,580.0,1,0.655,Medium Risk
5468,13.0,2,12.0,106.0,0,0.38,Low Risk
5469,142.0,1,64.0,142.0,1,1.0,High Risk
5470,287.0,1,64.0,287.0,1,1.0,High Risk
5471,262.0,2,3021.0,692.0,1,0.875,High Risk
5472,56.0,1,53.0,56.0,0,0.0,Low Risk
5473,88.0,1,27.0,88.0,0,0.0,Low Risk
5474,115.0,1,25.0,115.0,1,1.0,High Risk
5475,306.0,1,25.0,306.0,1,1.0,High Risk
5476,141.0,2,4674.0,606.0,1,0.47,Medium Risk
5477,166.0,2,4716.0,420.0,1,0.775,High Risk
5478,347.0,1,40.0,347.0,1,1.0,High Risk
5479,108.0,1,2386.0,108.0,1,0.995,High Risk
5480,67.0,3,159.0,247.0,0,0.025,Low Risk
5481,16.0,2,145.0,214.0,0,0.035,Low Risk
5482,38.0,2,195.0,120.0,0,0.015,Low Risk
5483,342.0,2,4783.0,1113.0,1,0.915,High Risk
5484,68.0,2,4118.0,1122.0,0,0.75,High Risk
5485,87.0,2,4175.0,1105.0,0,0.08,Low Risk
5486,108.0,1,40.0,108.0,1,1.0,High Risk
5487,27.0,2,113.0,333.0,0,0.0375,Low Risk
5488,195.0,2,73.0,234.0,1,0.66,Medium Risk
5489,21.0,2,233.0,315.0,0,0.515,Medium Risk
5490,264.0,2,112.0,318.0,1,0.59,Medium Risk
5491,254.0,1,2478.0,254.0,1,1.0,High Risk
5492,165.0,2,3106.0,364.0,1,0.68,Medium Risk
5493,6.0,2,131.0,90.0,0,0.0,Low Risk
5494,39.0,2,4197.0,1111.0,0,0.02,Low Risk
5495,43.0,2,5961.0,1100.0,0,0.07,Low Risk
5496,54.0,2,6002.0,1106.0,0,0.1,Low Risk
5497,34.0,2,5960.0,1100.0,0,0.125,Low Risk
5498,49.0,4,132.0,242.0,0,0.05,Low Risk
5499,143.0,1,40.0,143.0,1,1.0,High Risk
5500,36.0,1,5.0,36.0,0,0.0,Low Risk
5501,283.0,1,589.0,283.0,1,1.0,High Risk
5502,148.0,1,5.0,148.0,1,1.0,High Risk
5503,16.0,1,40.0,16.0,0,0.0,Low Risk
5504,256.0,1,5.0,256.0,1,1.0,High Risk
5505,298.0,1,589.0,298.0,1,1.0,High Risk
5506,48.0,1,40.0,48.0,0,0.0,Low Risk
5507,5.0,3,102.0,297.0,0,0.06,Low Risk
5508,198.0,1,35.0,198.0,1,1.0,High Risk
5509,158.0,1,84.0,158.0,1,1.0,High Risk
5510,82.0,2,3258.0,674.0,0,0.77,High Risk
5511,295.0,1,27.0,295.0,1,1.0,High Risk
5512,197.0,2,47.0,360.0,1,0.9617,High Risk
5513,259.0,2,3262.0,670.0,1,0.76,High Risk
5514,174.0,2,4670.0,426.0,1,0.915,High Risk
5515,352.0,2,4761.0,1114.0,1,0.93,High Risk
5516,316.0,2,4733.0,1107.0,1,0.97,High Risk
5517,321.0,2,4733.0,1106.0,1,0.97,High Risk
5518,312.0,2,4698.0,1124.0,1,0.895,High Risk
5519,308.0,2,4698.0,1109.0,1,0.945,High Risk
5520,294.0,2,4752.0,1100.0,1,0.985,High Risk
5521,297.0,2,4727.0,1120.0,1,0.95,High Risk
5522,302.0,2,4698.0,1104.0,1,0.965,High Risk
5523,295.0,2,4698.0,1117.0,1,0.99,High Risk
5524,297.0,2,4698.0,1102.0,1,0.995,High Risk
5525,275.0,2,4733.0,1108.0,1,0.945,High Risk
5526,267.0,2,4752.0,1110.0,1,0.91,High Risk
5527,231.0,2,4757.0,1108.0,1,0.945,High Risk
5528,217.0,2,4752.0,1116.0,1,0.985,High Risk
5529,221.0,2,4698.0,1100.0,1,0.985,High Risk
5530,224.0,2,4752.0,1122.0,1,0.955,High Risk
5531,58.0,2,3001.0,666.0,0,0.145,Low Risk
5532,49.0,2,3291.0,642.0,0,0.085,Low Risk
5533,129.0,2,4921.0,402.0,1,0.595,Medium Risk
5534,126.0,2,4703.0,412.0,1,0.65,Medium Risk
5535,98.0,2,4821.0,582.0,1,0.35,Low Risk
5536,239.0,1,38.0,239.0,1,1.0,High Risk
5537,242.0,1,27.0,242.0,1,1.0,High Risk
5538,247.0,1,25.0,247.0,1,1.0,High Risk
5539,113.0,2,4660.0,577.0,1,0.64,Medium Risk
5540,356.0,1,84.0,356.0,1,1.0,High Risk
5541,67.0,2,4697.0,565.0,0,0.11,Low Risk
5542,49.0,2,3028.0,648.0,0,0.055,Low Risk
5543,33.0,2,45.0,203.0,0,0.09,Low Risk
5544,142.0,2,54.0,195.0,1,0.225,Low Risk
5545,180.0,1,29.0,180.0,1,1.0,High Risk
5546,108.0,1,31.0,108.0,1,1.0,High Risk
5547,46.0,2,3037.0,660.0,0,0.035,Low Risk
5548,119.0,2,4900.0,412.0,1,0.6,Medium Risk
5549,69.0,2,4625.0,408.0,0,0.005,Low Risk
5550,87.0,2,4930.0,548.0,0,0.4,Medium Risk
5551,45.0,2,3001.0,666.0,0,0.145,Low Risk
5552,64.0,2,5032.0,403.0,0,0.105,Low Risk
5553,73.0,2,4987.0,576.0,0,0.08,Low Risk
5554,243.0,2,3001.0,649.0,1,0.56,Medium Risk
5555,44.0,2,2990.0,639.0,0,0.865,High Risk
5556,131.0,1,31.0,131.0,1,1.0,High Risk
5557,221.0,1,87.0,221.0,1,1.0,High Risk
5558,308.0,1,31.0,308.0,1,1.0,High Risk
5559,310.0,1,25.0,310.0,1,1.0,High Risk
5560,36.0,2,4706.0,400.0,0,0.095,Low Risk
5561,35.0,2,4634.0,408.0,0,0.0,Low Risk
5562,38.0,2,3030.0,642.0,0,0.235,Low Risk
5563,218.0,2,3001.0,646.0,1,0.46,Medium Risk
5564,204.0,2,63.0,351.0,1,0.89,High Risk
5565,156.0,2,132.0,252.0,1,0.765,High Risk
5566,84.0,3,7203.0,554.0,0,0.115,Low Risk
5567,61.0,3,5807.0,400.0,0,0.455,Medium Risk
5568,85.0,3,7159.0,571.0,0,0.08,Low Risk
5569,351.0,1,70.0,351.0,1,0.995,High Risk
5570,388.0,2,3937.0,411.0,1,0.825,High Risk
5571,375.0,2,4219.0,416.0,1,0.535,Medium Risk
5572,45.0,2,53.0,233.0,0,0.05,Low Risk
5573,43.0,2,4886.0,550.0,0,0.08,Low Risk
5574,42.0,2,3001.0,647.0,0,0.08,Low Risk
5575,63.0,2,45.0,329.0,0,0.055,Low Risk
5576,148.0,3,6995.0,658.0,1,1.0,High Risk
5577,22.0,1,149.0,22.0,0,0.0,Low Risk
5578,179.0,1,75.0,179.0,1,1.0,High Risk
5579,84.0,1,75.0,84.0,0,0.0,Low Risk
5580,85.0,2,98.0,202.0,0,0.06,Low Risk
5581,177.0,3,5429.0,408.0,1,0.59,Medium Risk
5582,95.0,1,50.0,95.0,1,0.995,High Risk
5583,340.0,1,35.0,340.0,1,1.0,High Risk
5584,20.0,1,42.0,20.0,0,0.0,Low Risk
5585,199.0,2,173.0,355.0,1,0.805,High Risk
5586,129.0,3,7192.0,661.0,1,0.995,High Risk
5587,187.0,1,70.0,187.0,1,1.0,High Risk
5588,154.0,3,7064.0,563.0,1,0.715,High Risk
5589,145.0,3,6995.0,638.0,1,0.96,High Risk
5590,133.0,3,7343.0,610.0,1,0.595,Medium Risk
5591,164.0,2,169.0,242.0,1,0.73,High Risk
5592,84.0,2,138.0,219.0,0,0.44,Medium Risk
5593,320.0,1,75.0,320.0,1,1.0,High Risk
5594,254.0,2,101.0,347.0,1,0.73,High Risk
5595,148.0,3,7231.0,617.0,1,0.95,High Risk
5596,143.0,3,6901.0,620.0,1,0.635,Medium Risk
5597,161.0,2,4487.0,415.0,1,0.585,Medium Risk
5598,332.0,1,104.0,332.0,1,1.0,High Risk
5599,124.0,3,7131.0,615.0,1,0.765,High Risk
5600,40.0,2,149.0,224.0,0,0.095,Low Risk
5601,257.0,1,125.0,257.0,1,1.0,High Risk
5602,73.0,2,86.0,261.0,0,0.045,Low Risk
5603,147.0,2,77.0,159.0,1,0.54,Medium Risk
5604,169.0,3,7001.0,569.0,1,0.635,Medium Risk
5605,95.0,1,57.0,95.0,1,1.0,High Risk
5606,36.0,2,66.0,323.0,0,0.12,Low Risk
5607,165.0,2,67.0,174.0,1,0.43,Medium Risk
5608,52.0,2,5897.0,1119.0,0,0.015,Low Risk
5609,67.0,2,102.0,354.0,0,0.09,Low Risk
5610,300.0,2,345.0,363.0,1,0.77,High Risk
5611,297.0,2,68.0,322.0,1,0.755,High Risk
5612,61.0,2,76.0,345.0,0,0.03,Low Risk
5613,32.0,2,5898.0,1110.0,0,0.005,Low Risk
5614,161.0,2,129.0,313.0,1,0.8233,High Risk
5615,72.0,2,71.0,155.0,0,0.05,Low Risk
5616,213.0,2,96.0,295.0,1,0.85,High Risk
5617,54.0,2,5915.0,1114.0,0,0.01,Low Risk
5618,136.0,2,161.0,359.0,1,0.815,High Risk
5619,58.0,2,76.0,160.0,0,0.055,Low Risk
5620,191.0,2,98.0,325.0,1,0.8908,High Risk
5621,56.0,2,5895.0,1106.0,0,0.03,Low Risk
5622,138.0,2,74.0,150.0,1,0.185,Low Risk
5623,4.0,2,107.0,168.0,0,0.085,Low Risk
5624,51.0,2,5973.0,1105.0,0,0.015,Low Risk
5625,36.0,2,5938.0,1125.0,0,0.02,Low Risk
5626,209.0,2,82.0,282.0,1,0.65,Medium Risk
5627,253.0,2,72.0,334.0,1,0.8621,High Risk
5628,213.0,2,65.0,347.0,1,0.805,High Risk
5629,37.0,2,188.0,140.0,0,0.005,Low Risk
5630,49.0,2,5933.0,1118.0,0,0.075,Low Risk
5631,54.0,2,5973.0,1096.0,0,0.035,Low Risk
5632,37.0,2,5900.0,1115.0,0,0.005,Low Risk
5633,106.0,2,69.0,187.0,1,0.65,Medium Risk
5634,23.0,2,102.0,192.0,0,0.185,Low Risk
5635,98.0,2,107.0,148.0,1,0.545,Medium Risk
5636,7.0,2,161.0,285.0,0,0.03,Low Risk
5637,49.0,2,5932.0,1104.0,0,0.1,Low Risk
5638,50.0,2,5900.0,1068.0,0,0.03,Low Risk
5639,45.0,2,5974.0,1081.0,0,0.01,Low Risk
5640,40.0,2,5908.0,1089.0,0,0.0,Low Risk
5641,1.0,2,103.0,285.0,0,0.395,Low Risk
5642,94.0,1,2391.0,94.0,1,0.95,High Risk
5643,63.0,1,40.0,63.0,0,0.0,Low Risk
5644,260.0,2,127.0,297.0,1,0.875,High Risk
5645,185.0,1,5.0,185.0,1,1.0,High Risk
5646,110.0,1,2357.0,110.0,1,1.0,High Risk
5647,36.0,2,251.0,87.0,0,0.0,Low Risk
5648,132.0,1,55.0,132.0,1,1.0,High Risk
5649,49.0,1,7.0,49.0,0,0.0,Low Risk
5650,36.0,2,116.0,118.0,0,0.005,Low Risk
5651,83.0,1,5.0,83.0,0,0.0,Low Risk
5652,66.0,1,14.0,66.0,0,0.0,Low Risk
5653,188.0,1,49.0,188.0,1,1.0,High Risk
5654,111.0,1,2412.0,111.0,1,0.995,High Risk
5655,174.0,2,3056.0,333.0,1,0.9,High Risk
5656,137.0,1,40.0,137.0,1,1.0,High Risk
5657,41.0,2,5930.0,1065.0,0,0.085,Low Risk
5658,53.0,2,5900.0,1085.0,0,0.005,Low Risk
5659,45.0,2,5873.0,1087.0,0,0.06,Low Risk
5660,50.0,2,5873.0,1091.0,0,0.065,Low Risk
5661,47.0,2,5898.0,1081.0,0,0.035,Low Risk
5662,50.0,2,5908.0,1094.0,0,0.01,Low Risk
5663,376.0,2,4355.0,1093.0,1,0.82,High Risk
5664,350.0,2,4471.0,1074.0,1,0.93,High Risk
5665,363.0,2,4377.0,1083.0,1,0.84,High Risk
5666,90.0,2,82.0,131.0,0,0.35,Low Risk
5667,186.0,2,205.0,355.0,1,0.41,Medium Risk
5668,7.0,4,65.0,223.0,0,0.045,Low Risk
5669,282.0,1,608.0,282.0,1,1.0,High Risk
5670,87.0,1,5.0,87.0,0,0.0,Low Risk
5671,250.0,1,2478.0,250.0,1,1.0,High Risk
5672,46.0,1,5.0,46.0,0,0.0,Low Risk
5673,224.0,1,7.0,224.0,1,1.0,High Risk
5674,213.0,1,2466.0,213.0,1,0.995,High Risk
5675,152.0,2,76.0,277.0,1,0.645,Medium Risk
5676,346.0,2,4384.0,1090.0,1,0.865,High Risk
5677,131.0,1,14.0,131.0,1,1.0,High Risk
5678,181.0,1,14.0,181.0,1,1.0,High Risk
5679,155.0,2,3162.0,327.0,1,0.83,High Risk
5680,303.0,2,107.0,351.0,1,0.785,High Risk
5681,103.0,2,105.0,172.0,1,0.74,High Risk
5682,203.0,2,69.0,213.0,1,0.29,Low Risk
5683,80.0,2,67.0,224.0,0,0.05,Low Risk
5684,178.0,2,70.0,244.0,1,0.74,High Risk
5685,58.0,2,4158.0,1085.0,0,0.02,Low Risk
5686,49.0,2,4183.0,1086.0,0,0.02,Low Risk
5687,35.0,2,4157.0,1091.0,0,0.04,Low Risk
5688,377.0,2,6070.0,1090.0,1,0.94,High Risk
5689,395.0,2,6080.0,1067.0,1,0.915,High Risk
5690,161.0,2,291.0,163.0,1,0.155,Low Risk
5691,119.0,2,166.0,138.0,1,0.485,Medium Risk
5692,321.0,2,4471.0,1065.0,1,0.875,High Risk
5693,165.0,2,31.0,293.0,1,0.945,High Risk
5694,390.0,2,6060.0,1072.0,1,0.94,High Risk
5695,123.0,2,78.0,341.0,1,0.48,Medium Risk
5696,90.0,2,76.0,147.0,0,0.055,Low Risk
5697,327.0,2,4506.0,1089.0,1,0.92,High Risk
5698,115.0,2,87.0,337.0,1,0.6475,Medium Risk
5699,18.0,2,230.0,256.0,0,0.625,Medium Risk
5700,123.0,2,68.0,264.0,1,0.815,High Risk
5701,217.0,2,93.0,224.0,1,0.32,Low Risk
5702,314.0,2,4426.0,1075.0,1,0.9,High Risk
5703,388.0,2,6021.0,1072.0,1,0.79,High Risk
5704,359.0,2,6090.0,1084.0,1,0.95,High Risk
5705,200.0,2,91.0,217.0,1,0.51,Medium Risk
5706,79.0,2,98.0,171.0,0,0.01,Low Risk
5707,120.0,2,93.0,128.0,1,0.555,Medium Risk
5708,297.0,2,4377.0,1072.0,1,0.885,High Risk
5709,278.0,2,4406.0,1074.0,1,0.885,High Risk
5710,187.0,2,144.0,191.0,1,0.565,Medium Risk
5711,32.0,2,91.0,209.0,0,0.015,Low Risk
5712,200.0,2,133.0,327.0,1,0.6661,Medium Risk
5713,288.0,2,4417.0,1090.0,1,0.925,High Risk
5714,354.0,2,6090.0,1070.0,1,0.96,High Risk
5715,177.0,1,64.0,177.0,1,1.0,High Risk
5716,157.0,1,7.0,157.0,1,1.0,High Risk
5717,295.0,1,28.0,295.0,1,1.0,High Risk
5718,133.0,3,234.0,292.0,1,0.255,Low Risk
5719,71.0,1,14.0,71.0,0,0.0,Low Risk
5720,101.0,1,40.0,101.0,1,1.0,High Risk
5721,211.0,1,40.0,211.0,1,1.0,High Risk
5722,6.0,3,180.0,295.0,0,0.225,Low Risk
5723,61.0,1,5.0,61.0,0,0.0,Low Risk
5724,7.0,1,7.0,7.0,0,0.0,Low Risk
5725,87.0,1,40.0,87.0,0,0.0,Low Risk
5726,50.0,1,14.0,50.0,0,0.0,Low Risk
5727,33.0,1,7.0,33.0,0,0.0,Low Risk
5728,242.0,1,2451.0,242.0,1,1.0,High Risk
5729,233.0,1,2443.0,233.0,1,1.0,High Risk
5730,105.0,2,39.0,165.0,1,0.59,Medium Risk
5731,7.0,2,141.0,57.0,0,0.0,Low Risk
5732,75.0,3,155.0,331.0,0,0.05,Low Risk
5733,193.0,1,2451.0,193.0,1,1.0,High Risk
5734,175.0,2,35.0,177.0,1,0.675,Medium Risk
5735,231.0,2,129.0,274.0,1,0.77,High Risk
5736,160.0,1,59.0,160.0,1,1.0,High Risk
5737,227.0,1,60.0,227.0,1,1.0,High Risk
5738,133.0,1,5.0,133.0,1,1.0,High Risk
5739,253.0,2,45.0,321.0,1,0.6,Medium Risk
5740,94.0,2,81.0,327.0,1,0.8838,High Risk
5741,348.0,2,6099.0,1093.0,1,0.975,High Risk
5742,314.0,2,6056.0,1092.0,1,0.95,High Risk
5743,320.0,2,6044.0,1071.0,1,0.98,High Risk
5744,305.0,2,6070.0,1095.0,1,0.94,High Risk
5745,326.0,2,6070.0,1077.0,1,0.935,High Risk
5746,313.0,2,6021.0,1086.0,1,0.67,Medium Risk
5747,334.0,1,64.0,334.0,1,1.0,High Risk
5748,212.0,1,2480.0,212.0,1,1.0,High Risk
5749,51.0,1,59.0,51.0,0,0.0,Low Risk
5750,54.0,1,62.0,54.0,0,0.0,Low Risk
5751,313.0,1,7.0,313.0,1,1.0,High Risk
5752,192.0,1,2492.0,192.0,1,1.0,High Risk
5753,164.0,1,2512.0,164.0,1,1.0,High Risk
5754,101.0,1,2320.0,101.0,1,1.0,High Risk
5755,179.0,2,3118.0,317.0,1,0.91,High Risk
5756,101.0,1,2317.0,101.0,1,1.0,High Risk
5757,104.0,1,2396.0,104.0,1,0.995,High Risk
5758,28.0,1,5.0,28.0,0,0.0,Low Risk
5759,159.0,2,3062.0,238.0,1,0.86,High Risk
5760,97.0,1,7.0,97.0,1,1.0,High Risk
5761,324.0,1,68.0,324.0,1,1.0,High Risk
5762,129.0,1,2476.0,129.0,1,1.0,High Risk
5763,128.0,1,2480.0,128.0,1,1.0,High Risk
5764,292.0,1,1701.0,292.0,1,1.0,High Risk
5765,252.0,1,1760.0,252.0,1,1.0,High Risk
5766,184.0,1,5.0,184.0,1,1.0,High Risk
5767,85.0,1,5.0,85.0,0,0.0,Low Risk
5768,320.0,1,60.0,320.0,1,0.995,High Risk
5769,8.0,1,5.0,8.0,0,0.0,Low Risk
5770,103.0,1,5.0,103.0,1,1.0,High Risk
5771,143.0,1,2478.0,143.0,1,0.995,High Risk
5772,129.0,3,105.0,339.0,1,0.73,High Risk
5773,19.0,3,159.0,319.0,0,0.03,Low Risk
5774,204.0,1,14.0,204.0,1,1.0,High Risk
5775,227.0,1,55.0,227.0,1,1.0,High Risk
5776,131.0,1,5.0,131.0,1,1.0,High Risk
5777,122.0,1,2443.0,122.0,1,1.0,High Risk
5778,338.0,1,125.0,338.0,1,1.0,High Risk
5779,93.0,1,2541.0,93.0,1,0.975,High Risk
5780,96.0,1,2297.0,96.0,1,0.99,High Risk
5781,145.0,1,55.0,145.0,1,1.0,High Risk
5782,364.0,1,64.0,364.0,1,0.995,High Risk
5783,112.0,1,2482.0,112.0,1,0.995,High Risk
5784,67.0,1,2457.0,67.0,0,0.0,Low Risk
5785,271.0,1,1736.0,271.0,1,1.0,High Risk
5786,120.0,1,2343.0,120.0,1,0.995,High Risk
5787,94.0,1,2295.0,94.0,1,0.995,High Risk
5788,64.0,1,40.0,64.0,0,0.0,Low Risk
5789,288.0,1,40.0,288.0,1,0.995,High Risk
5790,40.0,1,2443.0,40.0,0,0.0,Low Risk
5791,34.0,1,2565.0,34.0,0,0.08,Low Risk
5792,250.0,1,1730.0,250.0,1,1.0,High Risk
5793,376.0,1,1736.0,376.0,1,1.0,High Risk
5794,386.0,1,1789.0,386.0,1,0.99,High Risk
5795,378.0,1,1786.0,378.0,1,1.0,High Risk
5796,65.0,1,68.0,65.0,0,0.0,Low Risk
5797,256.0,1,55.0,256.0,1,1.0,High Risk
5798,385.0,1,1732.0,385.0,1,1.0,High Risk
5799,377.0,1,1765.0,377.0,1,1.0,High Risk
5800,370.0,1,1701.0,370.0,1,1.0,High Risk
5801,23.0,3,76.0,225.0,0,0.035,Low Risk
5802,140.0,1,55.0,140.0,1,1.0,High Risk
5803,345.0,1,14.0,345.0,1,0.995,High Risk
5804,379.0,1,1760.0,379.0,1,1.0,High Risk
5805,378.0,1,1728.0,378.0,1,1.0,High Risk
5806,378.0,1,1769.0,378.0,1,1.0,High Risk
5807,52.0,1,55.0,52.0,0,0.0,Low Risk
5808,379.0,1,1728.0,379.0,1,1.0,High Risk
5809,134.0,1,14.0,134.0,1,1.0,High Risk
5810,104.0,1,14.0,104.0,1,1.0,High Risk
5811,91.0,2,3064.0,172.0,1,0.66,Medium Risk
5812,335.0,1,1701.0,335.0,1,1.0,High Risk
5813,346.0,1,1736.0,346.0,1,1.0,High Risk
5814,65.0,1,14.0,65.0,0,0.0,Low Risk
5815,359.0,1,40.0,359.0,1,1.0,High Risk
5816,18.0,1,5.0,18.0,0,0.0,Low Risk
5817,24.0,1,5.0,24.0,0,0.0,Low Risk
5818,107.0,1,5.0,107.0,1,1.0,High Risk
5819,113.0,1,2392.0,113.0,1,1.0,High Risk
5820,107.0,1,2317.0,107.0,1,1.0,High Risk
5821,50.0,2,3217.0,160.0,0,0.02,Low Risk
5822,162.0,3,7221.0,574.0,1,0.585,Medium Risk
5823,134.0,3,7176.0,628.0,1,0.9,High Risk
5824,126.0,3,7242.0,629.0,1,0.95,High Risk
5825,181.0,3,6939.0,556.0,1,0.63,Medium Risk
5826,72.0,1,61.0,72.0,0,0.0,Low Risk
5827,158.0,3,6954.0,522.0,1,0.6,Medium Risk
5828,98.0,3,7205.0,624.0,1,0.95,High Risk
5829,104.0,3,7182.0,623.0,1,0.93,High Risk
5830,116.0,3,7185.0,631.0,1,0.895,High Risk
5831,158.0,3,7138.0,545.0,1,0.765,High Risk
5832,103.0,3,7206.0,614.0,1,0.875,High Risk
5833,98.0,1,2370.0,98.0,1,1.0,High Risk
5834,92.0,1,2344.0,92.0,1,0.99,High Risk
5835,247.0,1,1751.0,247.0,1,1.0,High Risk
5836,108.0,1,2295.0,108.0,1,0.995,High Risk
5837,41.0,2,3193.0,165.0,0,0.025,Low Risk
5838,42.0,2,156.0,177.0,0,0.13,Low Risk
5839,120.0,1,14.0,120.0,1,1.0,High Risk
5840,110.0,1,2295.0,110.0,1,0.995,High Risk
5841,215.0,2,177.0,249.0,1,0.63,Medium Risk
5842,244.0,2,127.0,337.0,1,0.61,Medium Risk
5843,95.0,1,5.0,95.0,1,1.0,High Risk
5844,93.0,1,90.0,93.0,1,1.0,High Risk
5845,98.0,1,2370.0,98.0,1,1.0,High Risk
5846,115.0,1,2381.0,115.0,1,0.97,High Risk
5847,284.0,2,181.0,341.0,1,0.81,High Risk
5848,67.0,2,190.0,228.0,0,0.075,Low Risk
5849,9.0,2,125.0,362.0,0,0.17,Low Risk
5850,23.0,2,177.0,55.0,0,0.0,Low Risk
5851,116.0,1,2355.0,116.0,1,1.0,High Risk
5852,97.0,1,2370.0,97.0,1,1.0,High Risk
5853,105.0,1,2406.0,105.0,1,1.0,High Risk
5854,39.0,1,5.0,39.0,0,0.0,Low Risk
5855,116.0,1,2343.0,116.0,1,0.995,High Risk
5856,42.0,2,151.0,104.0,0,0.0,Low Risk
5857,153.0,1,14.0,153.0,1,1.0,High Risk
5858,269.0,1,55.0,269.0,1,1.0,High Risk
5859,52.0,1,5.0,52.0,0,0.0,Low Risk
5860,103.0,1,2381.0,103.0,1,0.97,High Risk
5861,322.0,1,5.0,322.0,1,1.0,High Risk
5862,15.0,1,14.0,15.0,0,0.0,Low Risk
5863,15.0,1,40.0,15.0,0,0.0,Low Risk
5864,329.0,1,64.0,329.0,1,1.0,High Risk
5865,94.0,1,2370.0,94.0,1,1.0,High Risk
5866,98.0,1,2370.0,98.0,1,1.0,High Risk
5867,107.0,1,2444.0,107.0,1,1.0,High Risk
5868,116.0,1,2382.0,116.0,1,0.985,High Risk
5869,104.0,1,2322.0,104.0,1,1.0,High Risk
5870,116.0,1,2377.0,116.0,1,0.995,High Risk
5871,220.0,3,149.0,359.0,1,0.78,High Risk
5872,113.0,1,2317.0,113.0,1,1.0,High Risk
5873,104.0,1,2359.0,104.0,1,1.0,High Risk
5874,189.0,1,578.0,189.0,1,1.0,High Risk
5875,257.0,1,5.0,257.0,1,1.0,High Risk
5876,218.0,1,40.0,218.0,1,1.0,High Risk
5877,54.0,3,152.0,279.0,0,0.03,Low Risk
5878,347.0,1,40.0,347.0,1,1.0,High Risk
5879,339.0,1,1736.0,339.0,1,1.0,High Risk
5880,336.0,1,1728.0,336.0,1,1.0,High Risk
5881,96.0,1,2344.0,96.0,1,1.0,High Risk
5882,92.0,1,2320.0,92.0,1,0.985,High Risk
5883,95.0,1,2295.0,95.0,1,0.995,High Risk
5884,23.0,1,49.0,23.0,0,0.0,Low Risk
5885,297.0,1,40.0,297.0,1,1.0,High Risk
5886,318.0,1,40.0,318.0,1,1.0,High Risk
5887,358.0,1,1730.0,358.0,1,1.0,High Risk
5888,342.0,1,1770.0,342.0,1,1.0,High Risk
5889,354.0,1,1755.0,354.0,1,1.0,High Risk
5890,324.0,1,1730.0,324.0,1,1.0,High Risk
5891,320.0,1,1808.0,320.0,1,0.99,High Risk
5892,62.0,1,60.0,62.0,0,0.0,Low Risk
5893,95.0,1,2342.0,95.0,1,0.99,High Risk
5894,103.0,1,2326.0,103.0,1,1.0,High Risk
5895,327.0,1,1764.0,327.0,1,1.0,High Risk
5896,315.0,1,1760.0,315.0,1,1.0,High Risk
5897,318.0,1,1715.0,318.0,1,1.0,High Risk
5898,333.0,1,1764.0,333.0,1,1.0,High Risk
5899,308.0,1,1751.0,308.0,1,1.0,High Risk
5900,226.0,1,5.0,226.0,1,1.0,High Risk
5901,164.0,1,7.0,164.0,1,1.0,High Risk
5902,125.0,1,40.0,125.0,1,1.0,High Risk
5903,19.0,2,212.0,250.0,0,0.67,Medium Risk
5904,77.0,1,5.0,77.0,0,0.0,Low Risk
5905,110.0,1,5.0,110.0,1,1.0,High Risk
5906,178.0,1,5.0,178.0,1,1.0,High Risk
5907,171.0,1,2360.0,171.0,1,0.995,High Risk
5908,95.0,1,2342.0,95.0,1,0.99,High Risk
5909,114.0,1,2367.0,114.0,1,1.0,High Risk
5910,93.0,1,2377.0,93.0,1,0.99,High Risk
5911,199.0,2,142.0,349.0,1,0.955,High Risk
5912,139.0,1,59.0,139.0,1,1.0,High Risk
5913,63.0,1,2381.0,63.0,0,0.0,Low Risk
5914,158.0,1,14.0,158.0,1,1.0,High Risk
5915,61.0,1,2362.0,61.0,0,0.0,Low Risk
5916,61.0,1,2375.0,61.0,0,0.0,Low Risk
5917,76.0,1,2435.0,76.0,0,0.0,Low Risk
5918,50.0,1,5.0,50.0,0,0.0,Low Risk
5919,12.0,1,64.0,12.0,0,0.0,Low Risk
5920,37.0,2,71.0,285.0,0,0.105,Low Risk
5921,310.0,1,1701.0,310.0,1,1.0,High Risk
5922,260.0,1,1755.0,260.0,1,1.0,High Risk
5923,6.0,1,99.0,6.0,0,0.0,Low Risk
5924,53.0,1,60.0,53.0,0,0.0,Low Risk
5925,282.0,1,1775.0,282.0,1,1.0,High Risk
5926,294.0,1,1765.0,294.0,1,1.0,High Risk
5927,39.0,2,45.0,260.0,0,0.08,Low Risk
5928,0.0,2,39.0,345.0,0,0.04,Low Risk
5929,224.0,2,4698.0,1076.0,1,0.985,High Risk
5930,218.0,2,4733.0,1079.0,1,0.97,High Risk
5931,26.0,2,54.0,301.0,0,0.155,Low Risk
5932,232.0,2,4767.0,1075.0,1,0.945,High Risk
5933,148.0,2,14.0,213.0,1,0.86,High Risk
5934,44.0,2,95.0,130.0,0,0.16,Low Risk
5935,99.0,2,87.0,125.0,1,0.585,Medium Risk
5936,126.0,2,95.0,203.0,1,0.235,Low Risk
5937,344.0,1,64.0,344.0,1,1.0,High Risk
5938,377.0,2,3927.0,408.0,1,0.775,High Risk
5939,35.0,2,3110.0,627.0,0,0.11,Low Risk
5940,159.0,1,30.0,159.0,1,1.0,High Risk
5941,33.0,2,5006.0,534.0,0,0.125,Low Risk
5942,52.0,1,65.0,52.0,0,0.0,Low Risk
5943,345.0,2,2751.0,758.0,1,0.975,High Risk
5944,210.0,1,38.0,210.0,1,1.0,High Risk
5945,390.0,2,4253.0,545.0,1,0.925,High Risk
5946,40.0,2,3262.0,611.0,0,0.115,Low Risk
5947,35.0,2,3071.0,606.0,0,0.905,High Risk
5948,287.0,1,1736.0,287.0,1,1.0,High Risk
5949,23.0,3,248.0,299.0,0,0.065,Low Risk
5950,283.0,1,1790.0,283.0,1,0.99,High Risk
5951,189.0,3,212.0,273.0,1,0.73,High Risk
5952,300.0,1,1736.0,300.0,1,1.0,High Risk
5953,244.0,1,1736.0,244.0,1,1.0,High Risk
5954,360.0,1,14.0,360.0,1,1.0,High Risk
5955,16.0,1,68.0,16.0,0,0.0,Low Risk
5956,214.0,1,1760.0,214.0,1,1.0,High Risk
5957,292.0,1,1701.0,292.0,1,1.0,High Risk
5958,38.0,1,40.0,38.0,0,0.0,Low Risk
5959,300.0,3,168.0,351.0,1,0.66,Medium Risk
5960,159.0,3,136.0,327.0,1,0.545,Medium Risk
5961,119.0,1,5.0,119.0,1,1.0,High Risk
5962,90.0,1,2319.0,90.0,0,0.0,Low Risk
5963,9.0,1,14.0,9.0,0,0.0,Low Risk
5964,301.0,1,40.0,301.0,1,1.0,High Risk
5965,219.0,3,109.0,361.0,1,0.865,High Risk
5966,316.0,1,40.0,316.0,1,1.0,High Risk
5967,42.0,1,5.0,42.0,0,0.0,Low Risk
5968,79.0,1,2317.0,79.0,0,0.0,Low Risk
5969,71.0,1,2326.0,71.0,0,0.0,Low Risk
5970,72.0,1,2440.0,72.0,0,0.0,Low Risk
5971,291.0,1,1755.0,291.0,1,1.0,High Risk
5972,217.0,1,64.0,217.0,1,1.0,High Risk
5973,291.0,1,1755.0,291.0,1,1.0,High Risk
5974,287.0,1,1858.0,287.0,1,0.995,High Risk
5975,294.0,1,1730.0,294.0,1,1.0,High Risk
5976,144.0,1,68.0,144.0,1,1.0,High Risk
5977,303.0,1,1786.0,303.0,1,1.0,High Risk
5978,265.0,1,1710.0,265.0,1,1.0,High Risk
5979,322.0,1,5.0,322.0,1,1.0,High Risk
5980,76.0,1,2322.0,76.0,0,0.0,Low Risk
5981,292.0,1,40.0,292.0,1,1.0,High Risk
5982,72.0,1,2318.0,72.0,0,0.0,Low Risk
5983,365.0,1,90.0,365.0,1,1.0,High Risk
5984,66.0,1,2357.0,66.0,0,0.0,Low Risk
5985,258.0,1,1760.0,258.0,1,1.0,High Risk
5986,156.0,1,14.0,156.0,1,1.0,High Risk
5987,209.0,1,69.0,209.0,1,1.0,High Risk
5988,168.0,1,2415.0,168.0,1,0.995,High Risk
5989,58.0,1,5.0,58.0,0,0.0,Low Risk
5990,63.0,1,2320.0,63.0,0,0.0,Low Risk
5991,215.0,1,60.0,215.0,1,1.0,High Risk
5992,313.0,1,40.0,313.0,1,1.0,High Risk
5993,303.0,1,5.0,303.0,1,1.0,High Risk
5994,217.0,1,125.0,217.0,1,1.0,High Risk
5995,150.0,1,40.0,150.0,1,1.0,High Risk
5996,231.0,1,1736.0,231.0,1,1.0,High Risk
5997,227.0,1,1755.0,227.0,1,1.0,High Risk
5998,254.0,1,1764.0,254.0,1,1.0,High Risk
5999,255.0,1,1736.0,255.0,1,1.0,High Risk
6000,261.0,1,1736.0,261.0,1,1.0,High Risk
6001,77.0,1,2295.0,77.0,0,0.0,Low Risk
6002,82.0,1,2342.0,82.0,0,0.0,Low Risk
6003,71.0,1,2332.0,71.0,0,0.0,Low Risk
6004,91.0,1,2416.0,91.0,1,0.96,High Risk
6005,88.0,1,2419.0,88.0,0,0.0,Low Risk
6006,68.0,1,2376.0,68.0,0,0.0,Low Risk
6007,67.0,1,2404.0,67.0,0,0.0,Low Risk
6008,78.0,1,2330.0,78.0,0,0.0,Low Risk
6009,74.0,1,2317.0,74.0,0,0.0,Low Risk
6010,81.0,1,2352.0,81.0,0,0.0,Low Risk
6011,74.0,1,2385.0,74.0,0,0.0,Low Risk
6012,265.0,1,1751.0,265.0,1,1.0,High Risk
6013,248.0,1,1751.0,248.0,1,1.0,High Risk
6014,71.0,1,2401.0,71.0,0,0.0,Low Risk
6015,351.0,1,5.0,351.0,1,1.0,High Risk
6016,270.0,1,5.0,270.0,1,1.0,High Risk
6017,346.0,1,99.0,346.0,1,1.0,High Risk
6018,61.0,1,2332.0,61.0,0,0.0,Low Risk
6019,264.0,1,94.0,264.0,1,1.0,High Risk
6020,59.0,1,55.0,59.0,0,0.0,Low Risk
6021,271.0,1,1715.0,271.0,1,1.0,High Risk
6022,252.0,1,1701.0,252.0,1,1.0,High Risk
6023,244.0,1,1764.0,244.0,1,1.0,High Risk
6024,230.0,1,1736.0,230.0,1,1.0,High Risk
6025,264.0,1,1776.0,264.0,1,1.0,High Risk
6026,197.0,1,1710.0,197.0,1,1.0,High Risk
6027,314.0,3,261.0,334.0,1,0.57,Medium Risk
6028,238.0,3,231.0,360.0,1,0.395,Low Risk
6029,253.0,1,1764.0,253.0,1,1.0,High Risk
6030,246.0,1,1760.0,246.0,1,1.0,High Risk
6031,267.0,1,1701.0,267.0,1,1.0,High Risk
6032,294.0,1,14.0,294.0,1,1.0,High Risk
6033,107.0,1,13.0,107.0,1,1.0,High Risk
6034,290.0,1,29.0,290.0,1,1.0,High Risk
6035,184.0,1,1751.0,184.0,1,1.0,High Risk
6036,347.0,1,59.0,347.0,1,1.0,High Risk
6037,242.0,2,177.0,342.0,1,0.73,High Risk
6038,146.0,1,2335.0,146.0,1,1.0,High Risk
6039,87.0,1,2442.0,87.0,0,0.0,Low Risk
6040,267.0,1,1800.0,267.0,1,0.99,High Risk
6041,247.0,1,1760.0,247.0,1,1.0,High Risk
6042,252.0,1,1701.0,252.0,1,1.0,High Risk
6043,246.0,1,1736.0,246.0,1,1.0,High Risk
6044,271.0,1,1760.0,271.0,1,1.0,High Risk
6045,136.0,1,40.0,136.0,1,1.0,High Risk
6046,283.0,2,4480.0,1074.0,1,0.95,High Risk
6047,275.0,2,4467.0,1072.0,1,0.955,High Risk
6048,301.0,2,4347.0,1091.0,1,0.74,High Risk
6049,253.0,2,4382.0,1073.0,1,0.685,Medium Risk
6050,256.0,2,4347.0,1066.0,1,0.815,High Risk
6051,259.0,2,4495.0,1069.0,1,0.93,High Risk
6052,276.0,2,6060.0,1090.0,1,0.915,High Risk
6053,223.0,2,97.0,283.0,1,0.81,High Risk
6054,137.0,2,124.0,250.0,1,0.68,Medium Risk
6055,97.0,2,84.0,245.0,1,0.78,High Risk
6056,253.0,2,4347.0,1061.0,1,0.54,Medium Risk
6057,251.0,2,4417.0,1043.0,1,0.975,High Risk
6058,19.0,2,86.0,286.0,0,0.075,Low Risk
6059,49.0,2,84.0,169.0,0,0.085,Low Risk
6060,51.0,2,124.0,231.0,0,0.115,Low Risk
6061,136.0,2,124.0,198.0,1,0.725,High Risk
6062,197.0,2,86.0,199.0,1,0.09,Low Risk
6063,324.0,2,91.0,364.0,1,0.57,Medium Risk
6064,303.0,2,100.0,341.0,1,0.93,High Risk
6065,262.0,2,4506.0,1051.0,1,0.825,High Risk
6066,219.0,2,4417.0,1059.0,1,0.9,High Risk
6067,119.0,2,105.0,176.0,1,0.675,Medium Risk
6068,38.0,2,114.0,155.0,0,0.005,Low Risk
6069,20.0,2,93.0,213.0,0,0.07,Low Risk
6070,214.0,2,4426.0,1053.0,1,0.95,High Risk
6071,342.0,2,124.0,350.0,1,0.905,High Risk
6072,224.0,2,4417.0,1063.0,1,0.74,High Risk
6073,64.0,2,123.0,99.0,0,0.0,Low Risk
6074,113.0,2,79.0,178.0,1,0.455,Medium Risk
6075,217.0,2,90.0,363.0,1,0.34,Low Risk
6076,159.0,2,77.0,163.0,1,0.16,Low Risk
6077,33.0,2,103.0,171.0,0,0.07,Low Risk
6078,203.0,2,138.0,332.0,1,0.8275,High Risk
6079,315.0,2,187.0,358.0,1,0.89,High Risk
6080,232.0,2,4417.0,1043.0,1,0.975,High Risk
6081,336.0,2,2732.0,733.0,1,0.955,High Risk
6082,205.0,1,75.0,205.0,1,1.0,High Risk
6083,346.0,2,3892.0,528.0,1,0.995,High Risk
6084,307.0,1,52.0,307.0,1,1.0,High Risk
6085,112.0,1,69.0,112.0,1,1.0,High Risk
6086,227.0,2,2986.0,594.0,1,0.83,High Risk
6087,349.0,2,4194.0,532.0,1,0.84,High Risk
6088,185.0,2,75.0,192.0,1,0.02,Low Risk
6089,192.0,1,25.0,192.0,1,1.0,High Risk
6090,234.0,1,65.0,234.0,1,1.0,High Risk
6091,105.0,1,65.0,105.0,1,1.0,High Risk
6092,40.0,1,32.0,40.0,0,0.0,Low Risk
6093,353.0,1,37.0,353.0,1,1.0,High Risk
6094,61.0,3,6918.0,525.0,0,0.015,Low Risk
6095,219.0,2,3001.0,585.0,1,0.85,High Risk
6096,319.0,2,2760.0,756.0,1,0.915,High Risk
6097,357.0,2,4144.0,522.0,1,1.0,High Risk
6098,54.0,2,3021.0,602.0,0,0.125,Low Risk
6099,377.0,2,2769.0,602.0,1,0.96,High Risk
6100,321.0,2,2701.0,706.0,1,0.74,High Risk
6101,127.0,1,96.0,127.0,1,1.0,High Risk
6102,118.0,2,164.0,315.0,1,0.61,Medium Risk
6103,322.0,1,32.0,322.0,1,1.0,High Risk
6104,64.0,3,6935.0,533.0,0,0.075,Low Risk
6105,305.0,1,5.0,305.0,1,1.0,High Risk
6106,238.0,2,83.0,353.0,1,0.9,High Risk
6107,117.0,1,73.0,117.0,1,1.0,High Risk
6108,357.0,2,4179.0,522.0,1,0.995,High Risk
6109,146.0,1,25.0,146.0,1,1.0,High Risk
6110,325.0,2,2769.0,671.0,1,0.36,Low Risk
6111,121.0,2,47.0,303.0,1,0.87,High Risk
6112,339.0,1,5.0,339.0,1,1.0,High Risk
6113,194.0,1,6.0,194.0,1,1.0,High Risk
6114,162.0,1,5.0,162.0,1,1.0,High Risk
6115,80.0,3,7275.0,525.0,0,0.065,Low Risk
6116,231.0,2,3008.0,580.0,1,0.945,High Risk
6117,202.0,1,1765.0,202.0,1,1.0,High Risk
6118,80.0,1,40.0,80.0,0,0.0,Low Risk
6119,250.0,1,563.0,250.0,1,1.0,High Risk
6120,274.0,3,215.0,338.0,1,0.585,Medium Risk
6121,251.0,1,1736.0,251.0,1,1.0,High Risk
6122,245.0,1,1736.0,245.0,1,1.0,High Risk
6123,298.0,1,59.0,298.0,1,1.0,High Risk
6124,226.0,1,563.0,226.0,1,1.0,High Risk
6125,229.0,1,563.0,229.0,1,1.0,High Risk
6126,112.0,1,540.0,112.0,1,1.0,High Risk
6127,21.0,2,127.0,167.0,0,0.18,Low Risk
6128,251.0,1,1779.0,251.0,1,1.0,High Risk
6129,251.0,1,1736.0,251.0,1,1.0,High Risk
6130,250.0,1,1736.0,250.0,1,1.0,High Risk
6131,329.0,1,99.0,329.0,1,1.0,High Risk
6132,49.0,1,5.0,49.0,0,0.0,Low Risk
6133,54.0,1,5.0,54.0,0,0.0,Low Risk
6134,87.0,1,2357.0,87.0,0,0.0,Low Risk
6135,76.0,1,2377.0,76.0,0,0.0,Low Risk
6136,69.0,1,2379.0,69.0,0,0.0,Low Risk
6137,83.0,1,2297.0,83.0,0,0.0,Low Risk
6138,341.0,1,5.0,341.0,1,1.0,High Risk
6139,311.0,1,60.0,311.0,1,1.0,High Risk
6140,82.0,1,2310.0,82.0,0,0.0,Low Risk
6141,72.0,1,2320.0,72.0,0,0.0,Low Risk
6142,61.0,1,2377.0,61.0,0,0.0,Low Risk
6143,247.0,1,1728.0,247.0,1,1.0,High Risk
6144,206.0,1,1764.0,206.0,1,1.0,High Risk
6145,246.0,1,1891.0,246.0,1,0.995,High Risk
6146,76.0,1,14.0,76.0,0,0.0,Low Risk
6147,84.0,1,40.0,84.0,0,0.0,Low Risk
6148,177.0,1,1701.0,177.0,1,1.0,High Risk
6149,155.0,1,1775.0,155.0,1,1.0,High Risk
6150,232.0,1,1736.0,232.0,1,1.0,High Risk
6151,224.0,1,1765.0,224.0,1,1.0,High Risk
6152,0.0,1,13.0,0.0,0,0.0,Low Risk
6153,180.0,1,13.0,180.0,1,1.0,High Risk
6154,225.0,1,1745.0,225.0,1,1.0,High Risk
6155,227.0,1,1765.0,227.0,1,1.0,High Risk
6156,179.0,1,14.0,179.0,1,1.0,High Risk
6157,83.0,1,2502.0,83.0,0,0.005,Low Risk
6158,91.0,1,2335.0,91.0,1,0.965,High Risk
6159,312.0,1,40.0,312.0,1,1.0,High Risk
6160,237.0,1,1736.0,237.0,1,1.0,High Risk
6161,77.0,1,5.0,77.0,0,0.0,Low Risk
6162,307.0,1,60.0,307.0,1,1.0,High Risk
6163,272.0,1,40.0,272.0,1,1.0,High Risk
6164,215.0,1,1732.0,215.0,1,1.0,High Risk
6165,74.0,1,13.0,74.0,0,0.0,Low Risk
6166,349.0,1,5.0,349.0,1,1.0,High Risk
6167,94.0,1,5.0,94.0,1,1.0,High Risk
6168,226.0,1,1736.0,226.0,1,1.0,High Risk
6169,233.0,1,5.0,233.0,1,1.0,High Risk
6170,315.0,1,5.0,315.0,1,1.0,High Risk
6171,289.0,1,14.0,289.0,1,1.0,High Risk
6172,86.0,1,2440.0,86.0,0,0.0,Low Risk
6173,174.0,1,69.0,174.0,1,1.0,High Risk
6174,77.0,1,5.0,77.0,0,0.0,Low Risk
6175,224.0,1,5.0,224.0,1,1.0,High Risk
6176,141.0,1,2335.0,141.0,1,1.0,High Risk
6177,84.0,1,2370.0,84.0,0,0.0,Low Risk
6178,218.0,1,14.0,218.0,1,1.0,High Risk
6179,43.0,1,14.0,43.0,0,0.0,Low Risk
6180,196.0,1,29.0,196.0,1,1.0,High Risk
6181,79.0,1,69.0,79.0,0,0.0,Low Risk
6182,159.0,3,6945.0,519.0,1,0.795,High Risk
6183,106.0,3,6951.0,607.0,1,0.275,Low Risk
6184,165.0,3,7175.0,529.0,1,0.76,High Risk
6185,164.0,3,7253.0,522.0,1,0.42,Medium Risk
6186,94.0,3,6955.0,587.0,1,0.55,Medium Risk
6187,208.0,2,77.0,223.0,1,0.91,High Risk
6188,181.0,2,3310.0,677.0,1,0.84,High Risk
6189,180.0,2,3350.0,678.0,1,0.89,High Risk
6190,325.0,1,46.0,325.0,1,1.0,High Risk
6191,14.0,1,24.0,14.0,0,0.0,Low Risk
6192,168.0,3,6896.0,541.0,1,0.64,Medium Risk
6193,98.0,3,6978.0,587.0,1,0.23,Low Risk
6194,33.0,2,135.0,321.0,0,0.0904,Low Risk
6195,189.0,1,111.0,189.0,1,1.0,High Risk
6196,179.0,2,3330.0,666.0,1,0.79,High Risk
6197,163.0,2,3318.0,640.0,1,0.425,Medium Risk
6198,34.0,1,57.0,34.0,0,0.0,Low Risk
6199,160.0,3,7233.0,491.0,1,0.89,High Risk
6200,174.0,3,6998.0,505.0,1,0.785,High Risk
6201,279.0,1,22.0,279.0,1,1.0,High Risk
6202,35.0,1,22.0,35.0,0,0.0,Low Risk
6203,75.0,3,6974.0,578.0,0,0.02,Low Risk
6204,73.0,3,6953.0,597.0,0,0.06,Low Risk
6205,80.0,2,115.0,263.0,0,0.055,Low Risk
6206,80.0,2,75.0,134.0,0,0.015,Low Risk
6207,172.0,2,3295.0,647.0,1,0.655,Medium Risk
6208,67.0,3,6980.0,592.0,0,0.05,Low Risk
6209,193.0,1,46.0,193.0,1,1.0,High Risk
6210,175.0,3,7182.0,491.0,1,0.74,High Risk
6211,16.0,1,72.0,16.0,0,0.0,Low Risk
6212,348.0,1,48.0,348.0,1,1.0,High Risk
6213,62.0,1,62.0,62.0,0,0.0,Low Risk
6214,199.0,2,180.0,223.0,1,0.72,High Risk
6215,89.0,3,7211.0,601.0,0,0.63,Medium Risk
6216,142.0,1,32.0,142.0,1,1.0,High Risk
6217,123.0,2,3370.0,644.0,1,0.815,High Risk
6218,276.0,1,81.0,276.0,1,1.0,High Risk
6219,67.0,3,6908.0,594.0,0,0.08,Low Risk
6220,154.0,1,35.0,154.0,1,1.0,High Risk
6221,155.0,3,6915.0,514.0,1,0.765,High Risk
6222,162.0,3,7292.0,512.0,1,0.71,High Risk
6223,198.0,1,37.0,198.0,1,1.0,High Risk
6224,150.0,1,22.0,150.0,1,1.0,High Risk
6225,255.0,1,67.0,255.0,1,1.0,High Risk
6226,89.0,3,6987.0,602.0,0,0.09,Low Risk
6227,237.0,2,110.0,283.0,1,0.6688,Medium Risk
6228,233.0,2,84.0,274.0,1,0.25,Low Risk
6229,84.0,2,77.0,184.0,0,0.44,Medium Risk
6230,198.0,2,4471.0,1057.0,1,0.69,Medium Risk
6231,160.0,2,84.0,309.0,1,0.705,High Risk
6232,149.0,2,84.0,231.0,1,0.605,Medium Risk
6233,207.0,2,4347.0,1039.0,1,0.51,Medium Risk
6234,209.0,2,4347.0,1041.0,1,0.43,Medium Risk
6235,52.0,2,91.0,249.0,0,0.065,Low Risk
6236,193.0,2,84.0,236.0,1,0.235,Low Risk
6237,185.0,2,86.0,198.0,1,0.71,High Risk
6238,25.0,2,174.0,327.0,0,0.065,Low Risk
6239,305.0,2,148.0,350.0,1,0.965,High Risk
6240,7.0,2,86.0,137.0,0,0.025,Low Risk
6241,172.0,2,4384.0,1041.0,1,0.925,High Risk
6242,160.0,2,4382.0,1044.0,1,0.745,High Risk
6243,161.0,2,4386.0,1062.0,1,0.545,Medium Risk
6244,236.0,2,84.0,343.0,1,0.895,High Risk
6245,215.0,2,86.0,282.0,1,0.145,Low Risk
6246,72.0,2,93.0,240.0,0,0.005,Low Risk
6247,159.0,2,4379.0,1057.0,1,0.565,Medium Risk
6248,179.0,2,4432.0,1055.0,1,0.74,High Risk
6249,149.0,2,4382.0,1052.0,1,0.46,Medium Risk
6250,124.0,2,4426.0,1051.0,1,0.945,High Risk
6251,27.0,2,98.0,209.0,0,0.035,Low Risk
6252,231.0,2,124.0,355.0,1,0.925,High Risk
6253,122.0,2,93.0,212.0,1,0.485,Medium Risk
6254,7.0,2,84.0,298.0,0,0.1,Low Risk
6255,293.0,2,148.0,342.0,1,0.92,High Risk
6256,145.0,2,4441.0,1046.0,1,0.805,High Risk
6257,127.0,2,4362.0,1035.0,1,0.585,Medium Risk
6258,127.0,2,4480.0,1048.0,1,0.51,Medium Risk
6259,119.0,2,4347.0,1046.0,1,0.54,Medium Risk
6260,101.0,2,4404.0,1050.0,1,0.87,High Risk
6261,314.0,1,40.0,314.0,1,1.0,High Risk
6262,223.0,1,1765.0,223.0,1,1.0,High Risk
6263,243.0,1,1736.0,243.0,1,1.0,High Risk
6264,164.0,1,1701.0,164.0,1,1.0,High Risk
6265,68.0,1,2326.0,68.0,0,0.0,Low Risk
6266,148.0,1,5.0,148.0,1,1.0,High Risk
6267,132.0,1,60.0,132.0,1,1.0,High Risk
6268,80.0,1,2355.0,80.0,0,0.0,Low Risk
6269,71.0,1,2320.0,71.0,0,0.0,Low Risk
6270,240.0,1,1728.0,240.0,1,1.0,High Risk
6271,218.0,1,1736.0,218.0,1,1.0,High Risk
6272,232.0,1,1726.0,232.0,1,1.0,High Risk
6273,226.0,1,1715.0,226.0,1,1.0,High Risk
6274,49.0,1,68.0,49.0,0,0.0,Low Risk
6275,266.0,1,14.0,266.0,1,1.0,High Risk
6276,324.0,1,5.0,324.0,1,1.0,High Risk
6277,362.0,1,68.0,362.0,1,1.0,High Risk
6278,110.0,2,4426.0,1035.0,1,0.9,High Risk
6279,120.0,2,4382.0,1042.0,1,0.885,High Risk
6280,293.0,2,6021.0,1038.0,1,0.54,Medium Risk
6281,300.0,2,6089.0,1055.0,1,0.955,High Risk
6282,115.0,2,84.0,148.0,1,0.65,Medium Risk
6283,10.0,2,100.0,141.0,0,0.005,Low Risk
6284,1.0,2,147.0,197.0,0,0.12,Low Risk
6285,179.0,2,90.0,357.0,1,0.7358,High Risk
6286,231.0,2,6093.0,1049.0,1,0.95,High Risk
6287,239.0,2,6029.0,1038.0,1,0.895,High Risk
6288,138.0,2,95.0,229.0,1,0.53,Medium Risk
6289,119.0,2,4426.0,1035.0,1,0.9,High Risk
6290,87.0,2,107.0,288.0,0,0.035,Low Risk
6291,168.0,2,93.0,270.0,1,0.59,Medium Risk
6292,284.0,2,86.0,358.0,1,0.851,High Risk
6293,41.0,2,94.0,224.0,0,0.315,Low Risk
6294,98.0,2,4417.0,1035.0,1,0.91,High Risk
6295,84.0,2,4355.0,1056.0,0,0.07,Low Risk
6296,91.0,2,4392.0,1051.0,1,0.77,High Risk
6297,24.0,2,114.0,154.0,0,0.04,Low Risk
6298,250.0,2,100.0,327.0,1,0.9413,High Risk
6299,172.0,2,175.0,213.0,1,0.78,High Risk
6300,75.0,2,4382.0,1056.0,0,0.12,Low Risk
6301,238.0,2,94.0,247.0,1,0.62,Medium Risk
6302,61.0,2,75.0,126.0,0,0.005,Low Risk
6303,120.0,2,147.0,343.0,1,0.79,High Risk
6304,141.0,2,123.0,163.0,1,0.78,High Risk
6305,30.0,2,62.0,132.0,0,0.07,Low Risk
6306,3.0,2,232.0,363.0,0,0.075,Low Risk
6307,249.0,2,118.0,314.0,1,0.76,High Risk
6308,339.0,2,133.0,340.0,1,0.81,High Risk
6309,213.0,2,6021.0,1059.0,1,0.565,Medium Risk
6310,235.0,2,6030.0,1063.0,1,0.95,High Risk
6311,237.0,2,6029.0,1063.0,1,0.95,High Risk
6312,10.0,2,79.0,66.0,0,0.0,Low Risk
6313,77.0,2,4471.0,1050.0,0,0.13,Low Risk
6314,217.0,2,52.0,225.0,1,0.775,High Risk
6315,46.0,2,79.0,76.0,0,0.0,Low Risk
6316,221.0,2,6030.0,1062.0,1,0.955,High Risk
6317,61.0,2,97.0,85.0,0,0.0,Low Risk
6318,121.0,2,129.0,169.0,1,0.85,High Risk
6319,277.0,2,44.0,302.0,1,0.395,Low Risk
6320,42.0,2,39.0,133.0,0,0.0,Low Risk
6321,64.0,2,4391.0,1063.0,0,0.095,Low Risk
6322,17.0,2,143.0,107.0,0,0.005,Low Risk
6323,16.0,2,95.0,262.0,0,0.04,Low Risk
6324,44.0,2,85.0,312.0,0,0.095,Low Risk
6325,93.0,2,81.0,157.0,1,0.595,Medium Risk
6326,94.0,2,55.0,305.0,1,0.8719,High Risk
6327,90.0,2,4467.0,1035.0,0,0.08,Low Risk
6328,68.0,2,100.0,199.0,0,0.05,Low Risk
6329,53.0,2,4387.0,1064.0,0,0.09,Low Risk
6330,239.0,2,6021.0,1042.0,1,0.4,Medium Risk
6331,131.0,2,31.0,224.0,1,0.785,High Risk
6332,146.0,2,41.0,235.0,1,0.75,High Risk
6333,47.0,2,4480.0,1047.0,0,0.125,Low Risk
6334,145.0,2,81.0,183.0,1,0.155,Low Risk
6335,52.0,2,4347.0,1044.0,0,0.12,Low Risk
6336,280.0,1,5.0,280.0,1,1.0,High Risk
6337,337.0,1,27.0,337.0,1,1.0,High Risk
6338,89.0,3,124.0,327.0,0,0.335,Low Risk
6339,21.0,3,92.0,159.0,0,0.01,Low Risk
6340,293.0,1,5.0,293.0,1,1.0,High Risk
6341,79.0,1,29.0,79.0,0,0.0,Low Risk
6342,146.0,1,36.0,146.0,1,1.0,High Risk
6343,299.0,1,40.0,299.0,1,0.995,High Risk
6344,253.0,1,40.0,253.0,1,1.0,High Risk
6345,108.0,1,5.0,108.0,1,1.0,High Risk
6346,148.0,1,1765.0,148.0,1,1.0,High Risk
6347,217.0,2,81.0,255.0,1,0.615,Medium Risk
6348,81.0,3,119.0,239.0,0,0.065,Low Risk
6349,144.0,3,205.0,259.0,1,0.705,High Risk
6350,103.0,1,64.0,103.0,1,1.0,High Risk
6351,116.0,2,128.0,335.0,1,0.7554,High Risk
6352,198.0,2,6117.0,1047.0,1,0.655,Medium Risk
6353,189.0,2,6021.0,1017.0,1,0.665,Medium Risk
6354,202.0,2,6035.0,1023.0,1,0.74,High Risk
6355,198.0,2,6029.0,1030.0,1,0.7,High Risk
6356,211.0,2,46.0,258.0,1,0.655,Medium Risk
6357,17.0,1,14.0,17.0,0,0.0,Low Risk
6358,276.0,1,5.0,276.0,1,1.0,High Risk
6359,228.0,1,1728.0,228.0,1,1.0,High Risk
6360,329.0,1,40.0,329.0,1,1.0,High Risk
6361,44.0,3,122.0,246.0,0,0.025,Low Risk
6362,236.0,1,1760.0,236.0,1,1.0,High Risk
6363,65.0,1,2310.0,65.0,0,0.0,Low Risk
6364,74.0,1,2342.0,74.0,0,0.0,Low Risk
6365,71.0,1,2352.0,71.0,0,0.0,Low Risk
6366,77.0,1,2370.0,77.0,0,0.0,Low Risk
6367,319.0,1,40.0,319.0,1,1.0,High Risk
6368,295.0,1,69.0,295.0,1,1.0,High Risk
6369,354.0,1,5.0,354.0,1,1.0,High Risk
6370,351.0,1,7.0,351.0,1,1.0,High Risk
6371,231.0,2,4742.0,1012.0,1,0.92,High Risk
6372,49.0,3,152.0,207.0,0,0.1,Low Risk
6373,138.0,1,1730.0,138.0,1,1.0,High Risk
6374,132.0,1,1736.0,132.0,1,1.0,High Risk
6375,201.0,3,206.0,364.0,1,0.775,High Risk
6376,25.0,2,46.0,268.0,0,0.135,Low Risk
6377,234.0,1,5.0,234.0,1,1.0,High Risk
6378,123.0,1,5.0,123.0,1,1.0,High Risk
6379,11.0,1,40.0,11.0,0,0.0,Low Risk
6380,327.0,1,125.0,327.0,1,1.0,High Risk
6381,322.0,1,40.0,322.0,1,1.0,High Risk
6382,8.0,2,348.0,350.0,0,0.795,High Risk
6383,101.0,1,29.0,101.0,1,1.0,High Risk
6384,133.0,1,7.0,133.0,1,1.0,High Risk
6385,229.0,1,1760.0,229.0,1,1.0,High Risk
6386,106.0,3,208.0,343.0,1,0.66,Medium Risk
6387,229.0,1,1736.0,229.0,1,1.0,High Risk
6388,300.0,3,148.0,341.0,1,0.77,High Risk
6389,147.0,1,1764.0,147.0,1,1.0,High Risk
6390,237.0,1,1779.0,237.0,1,1.0,High Risk
6391,265.0,1,40.0,265.0,1,1.0,High Risk
6392,3.0,1,5.0,3.0,0,0.0,Low Risk
6393,300.0,1,14.0,300.0,1,1.0,High Risk
6394,74.0,1,2405.0,74.0,0,0.0,Low Risk
6395,99.0,1,69.0,99.0,1,1.0,High Risk
6396,156.0,1,5.0,156.0,1,1.0,High Risk
6397,212.0,1,13.0,212.0,1,1.0,High Risk
6398,246.0,1,40.0,246.0,1,1.0,High Risk
6399,87.0,1,2355.0,87.0,0,0.0,Low Risk
6400,89.0,1,2367.0,89.0,0,0.01,Low Risk
6401,139.0,1,2332.0,139.0,1,1.0,High Risk
6402,63.0,1,2330.0,63.0,0,0.0,Low Risk
6403,131.0,1,2305.0,131.0,1,0.99,High Risk
6404,152.0,1,2322.0,152.0,1,1.0,High Risk
6405,126.0,1,1710.0,126.0,1,1.0,High Risk
6406,222.0,1,1725.0,222.0,1,1.0,High Risk
6407,116.0,1,7.0,116.0,1,1.0,High Risk
6408,265.0,1,55.0,265.0,1,1.0,High Risk
6409,157.0,1,5.0,157.0,1,1.0,High Risk
6410,121.0,2,220.0,181.0,1,0.675,Medium Risk
6411,144.0,2,168.0,201.0,1,0.745,High Risk
6412,95.0,2,156.0,161.0,1,0.555,Medium Risk
6413,76.0,1,2415.0,76.0,0,0.0,Low Risk
6414,76.0,1,2366.0,76.0,0,0.01,Low Risk
6415,80.0,1,2295.0,80.0,0,0.005,Low Risk
6416,91.0,1,2297.0,91.0,1,0.945,High Risk
6417,91.0,1,2371.0,91.0,1,0.95,High Risk
6418,66.0,1,2355.0,66.0,0,0.0,Low Risk
6419,270.0,1,40.0,270.0,1,1.0,High Risk
6420,327.0,1,40.0,327.0,1,1.0,High Risk
6421,67.0,1,2370.0,67.0,0,0.0,Low Risk
6422,67.0,1,2377.0,67.0,0,0.0,Low Risk
6423,180.0,2,175.0,197.0,1,0.875,High Risk
6424,76.0,1,2297.0,76.0,0,0.0,Low Risk
6425,72.0,1,2424.0,72.0,0,0.01,Low Risk
6426,76.0,1,2395.0,76.0,0,0.0,Low Risk
6427,218.0,1,5.0,218.0,1,1.0,High Risk
6428,65.0,1,2372.0,65.0,0,0.0,Low Risk
6429,242.0,1,40.0,242.0,1,1.0,High Risk
6430,59.0,1,5.0,59.0,0,0.0,Low Risk
6431,251.0,1,5.0,251.0,1,1.0,High Risk
6432,317.0,1,5.0,317.0,1,1.0,High Risk
6433,201.0,1,5.0,201.0,1,1.0,High Risk
6434,77.0,1,2341.0,77.0,0,0.0,Low Risk
6435,221.0,1,5.0,221.0,1,1.0,High Risk
6436,113.0,1,68.0,113.0,1,1.0,High Risk
6437,204.0,1,5.0,204.0,1,1.0,High Risk
6438,331.0,1,59.0,331.0,1,1.0,High Risk
6439,122.0,1,60.0,122.0,1,1.0,High Risk
6440,91.0,1,2342.0,91.0,1,0.96,High Risk
6441,172.0,1,5.0,172.0,1,1.0,High Risk
6442,73.0,1,2405.0,73.0,0,0.0,Low Risk
6443,38.0,3,320.0,338.0,0,0.045,Low Risk
6444,242.0,1,1755.0,242.0,1,1.0,High Risk
6445,229.0,1,125.0,229.0,1,1.0,High Risk
6446,234.0,1,1730.0,234.0,1,1.0,High Risk
6447,61.0,1,2385.0,61.0,0,0.0,Low Risk
6448,358.0,1,14.0,358.0,1,1.0,High Risk
6449,125.0,1,64.0,125.0,1,1.0,High Risk
6450,322.0,1,5.0,322.0,1,1.0,High Risk
6451,9.0,2,154.0,64.0,0,0.0,Low Risk
6452,95.0,1,40.0,95.0,1,1.0,High Risk
6453,66.0,1,5.0,66.0,0,0.0,Low Risk
6454,64.0,1,2377.0,64.0,0,0.0,Low Risk
6455,147.0,1,5.0,147.0,1,1.0,High Risk
6456,271.0,1,7.0,271.0,1,1.0,High Risk
6457,230.0,1,5.0,230.0,1,1.0,High Risk
6458,59.0,1,55.0,59.0,0,0.0,Low Risk
6459,80.0,1,2370.0,80.0,0,0.0,Low Risk
6460,216.0,1,60.0,216.0,1,1.0,High Risk
6461,83.0,1,2340.0,83.0,0,0.005,Low Risk
6462,80.0,1,2407.0,80.0,0,0.0,Low Risk
6463,76.0,1,2335.0,76.0,0,0.0,Low Risk
6464,234.0,1,1774.0,234.0,1,1.0,High Risk
6465,220.0,1,1785.0,220.0,1,1.0,High Risk
6466,214.0,1,1765.0,214.0,1,1.0,High Risk
6467,104.0,1,69.0,104.0,1,1.0,High Risk
6468,238.0,1,5.0,238.0,1,1.0,High Risk
6469,79.0,2,129.0,313.0,0,0.8233,High Risk
6470,84.0,1,7.0,84.0,0,0.0,Low Risk
6471,74.0,1,2330.0,74.0,0,0.0,Low Risk
6472,177.0,1,40.0,177.0,1,1.0,High Risk
6473,36.0,1,5.0,36.0,0,0.0,Low Risk
6474,127.0,1,5.0,127.0,1,1.0,High Risk
6475,83.0,1,2355.0,83.0,0,0.0,Low Risk
6476,66.0,1,2371.0,66.0,0,0.0,Low Risk
6477,120.0,1,1701.0,120.0,1,1.0,High Risk
6478,227.0,1,1701.0,227.0,1,1.0,High Risk
6479,236.0,2,4757.0,1009.0,1,0.96,High Risk
6480,237.0,2,163.0,272.0,1,0.645,Medium Risk
6481,225.0,1,1726.0,225.0,1,1.0,High Risk
6482,270.0,2,127.0,292.0,1,0.75,High Risk
6483,179.0,2,147.0,328.0,1,0.7686,High Risk
6484,220.0,2,64.0,313.0,1,0.735,High Risk
6485,282.0,2,127.0,340.0,1,0.815,High Risk
6486,314.0,1,77.0,314.0,1,1.0,High Risk
6487,274.0,1,90.0,274.0,1,1.0,High Risk
6488,157.0,1,7.0,157.0,1,1.0,High Risk
6489,317.0,1,5.0,317.0,1,1.0,High Risk
6490,244.0,1,59.0,244.0,1,1.0,High Risk
6491,84.0,1,13.0,84.0,0,0.0,Low Risk
6492,27.0,2,127.0,90.0,0,0.0,Low Risk
6493,222.0,1,84.0,222.0,1,1.0,High Risk
6494,47.0,2,131.0,137.0,0,0.01,Low Risk
6495,246.0,2,112.0,249.0,1,0.73,High Risk
6496,112.0,2,120.0,281.0,1,0.89,High Risk
6497,15.0,2,230.0,123.0,0,0.0,Low Risk
6498,184.0,1,1717.0,184.0,1,1.0,High Risk
6499,226.0,1,565.0,226.0,1,1.0,High Risk
6500,83.0,1,2295.0,83.0,0,0.01,Low Risk
6501,30.0,2,157.0,100.0,0,0.01,Low Risk
6502,92.0,2,142.0,203.0,1,0.65,Medium Risk
6503,165.0,2,6070.0,1026.0,1,0.31,Low Risk
6504,33.0,2,99.0,107.0,0,0.025,Low Risk
6505,55.0,2,4362.0,1016.0,0,0.1,Low Risk
6506,267.0,1,7.0,267.0,1,1.0,High Risk
6507,359.0,1,13.0,359.0,1,1.0,High Risk
6508,180.0,1,69.0,180.0,1,1.0,High Risk
6509,67.0,1,2325.0,67.0,0,0.0,Low Risk
6510,49.0,2,98.0,265.0,0,0.03,Low Risk
6511,41.0,2,4369.0,1031.0,0,0.135,Low Risk
6512,373.0,2,4150.0,1027.0,1,0.95,High Risk
6513,389.0,2,4170.0,1017.0,1,0.595,Medium Risk
6514,382.0,2,4260.0,1008.0,1,0.855,High Risk
6515,359.0,2,4142.0,1025.0,1,0.905,High Risk
6516,275.0,2,4143.0,1021.0,1,0.845,High Risk
6517,34.0,1,40.0,34.0,0,0.0,Low Risk
6518,66.0,1,40.0,66.0,0,0.0,Low Risk
6519,217.0,1,540.0,217.0,1,1.0,High Risk
6520,312.0,1,59.0,312.0,1,1.0,High Risk
6521,111.0,1,5.0,111.0,1,1.0,High Risk
6522,208.0,1,1751.0,208.0,1,1.0,High Risk
6523,79.0,2,75.0,192.0,0,0.02,Low Risk
6524,33.0,1,5.0,33.0,0,0.0,Low Risk
6525,68.0,1,2317.0,68.0,0,0.0,Low Risk
6526,163.0,1,5.0,163.0,1,1.0,High Risk
6527,301.0,1,5.0,301.0,1,1.0,High Risk
6528,91.0,1,13.0,91.0,1,1.0,High Risk
6529,82.0,1,55.0,82.0,0,0.0,Low Risk
6530,124.0,1,14.0,124.0,1,1.0,High Risk
6531,189.0,1,79.0,189.0,1,1.0,High Risk
6532,229.0,1,14.0,229.0,1,1.0,High Risk
6533,203.0,1,5.0,203.0,1,1.0,High Risk
6534,185.0,1,1736.0,185.0,1,1.0,High Risk
6535,143.0,1,5.0,143.0,1,1.0,High Risk
6536,83.0,1,2406.0,83.0,0,0.0,Low Risk
6537,65.0,1,2377.0,65.0,0,0.0,Low Risk
6538,72.0,1,2320.0,72.0,0,0.0,Low Risk
6539,226.0,1,5.0,226.0,1,1.0,High Risk
6540,82.0,2,205.0,161.0,0,0.03,Low Risk
6541,356.0,1,14.0,356.0,1,1.0,High Risk
6542,243.0,1,5.0,243.0,1,1.0,High Risk
6543,75.0,1,2342.0,75.0,0,0.0,Low Risk
6544,84.0,1,2415.0,84.0,0,0.0,Low Risk
6545,84.0,1,2360.0,84.0,0,0.0,Low Risk
6546,72.0,1,2342.0,72.0,0,0.0,Low Risk
6547,87.0,1,2319.0,87.0,0,0.0,Low Risk
6548,199.0,1,5.0,199.0,1,1.0,High Risk
6549,191.0,1,1701.0,191.0,1,1.0,High Risk
6550,23.0,1,40.0,23.0,0,0.0,Low Risk
6551,40.0,1,5.0,40.0,0,0.0,Low Risk
6552,159.0,2,161.0,222.0,1,0.79,High Risk
6553,75.0,1,2357.0,75.0,0,0.0,Low Risk
6554,67.0,1,2343.0,67.0,0,0.0,Low Risk
6555,347.0,1,40.0,347.0,1,1.0,High Risk
6556,91.0,1,2424.0,91.0,1,0.96,High Risk
6557,298.0,1,5.0,298.0,1,1.0,High Risk
6558,218.0,1,540.0,218.0,1,1.0,High Risk
6559,96.0,1,1750.0,96.0,1,1.0,High Risk
6560,203.0,1,1750.0,203.0,1,1.0,High Risk
6561,166.0,1,40.0,166.0,1,1.0,High Risk
6562,189.0,1,1736.0,189.0,1,1.0,High Risk
6563,221.0,1,14.0,221.0,1,1.0,High Risk
6564,70.0,1,2398.0,70.0,0,0.0,Low Risk
6565,205.0,1,1736.0,205.0,1,1.0,High Risk
6566,183.0,1,1751.0,183.0,1,1.0,High Risk
6567,196.0,1,1736.0,196.0,1,1.0,High Risk
6568,209.0,1,1710.0,209.0,1,1.0,High Risk
6569,174.0,1,1715.0,174.0,1,1.0,High Risk
6570,336.0,1,64.0,336.0,1,1.0,High Risk
6571,336.0,1,69.0,336.0,1,1.0,High Risk
6572,164.0,1,1764.0,164.0,1,1.0,High Risk
6573,168.0,1,1736.0,168.0,1,1.0,High Risk
6574,168.0,1,1736.0,168.0,1,1.0,High Risk
6575,174.0,1,1710.0,174.0,1,1.0,High Risk
6576,161.0,1,1736.0,161.0,1,1.0,High Risk
6577,165.0,1,1751.0,165.0,1,1.0,High Risk
6578,197.0,1,40.0,197.0,1,1.0,High Risk
6579,233.0,1,7.0,233.0,1,1.0,High Risk
6580,50.0,2,151.0,136.0,0,0.105,Low Risk
6581,72.0,1,2405.0,72.0,0,0.0,Low Risk
6582,85.0,1,2369.0,85.0,0,0.0,Low Risk
6583,72.0,1,2399.0,72.0,0,0.0,Low Risk
6584,348.0,1,40.0,348.0,1,1.0,High Risk
6585,2.0,1,40.0,2.0,0,0.0,Low Risk
6586,55.0,2,165.0,323.0,0,0.85,High Risk
6587,115.0,1,1751.0,115.0,1,1.0,High Risk
6588,85.0,1,5.0,85.0,0,0.0,Low Risk
6589,78.0,1,14.0,78.0,0,0.0,Low Risk
6590,6.0,1,60.0,6.0,0,0.0,Low Risk
6591,331.0,1,5.0,331.0,1,1.0,High Risk
6592,62.0,1,2337.0,62.0,0,0.0,Low Risk
6593,66.0,1,2335.0,66.0,0,0.0,Low Risk
6594,85.0,1,2381.0,85.0,0,0.0,Low Risk
6595,62.0,1,2377.0,62.0,0,0.0,Low Risk
6596,74.0,1,1786.0,74.0,0,0.0,Low Risk
6597,168.0,1,1751.0,168.0,1,1.0,High Risk
6598,161.0,1,1724.0,161.0,1,1.0,High Risk
6599,176.0,1,40.0,176.0,1,1.0,High Risk
6600,176.0,1,14.0,176.0,1,1.0,High Risk
6601,171.0,1,1775.0,171.0,1,1.0,High Risk
6602,217.0,2,226.0,353.0,1,0.26,Low Risk
6603,173.0,1,5.0,173.0,1,1.0,High Risk
6604,128.0,1,5.0,128.0,1,1.0,High Risk
6605,90.0,1,2370.0,90.0,0,0.005,Low Risk
6606,285.0,1,40.0,285.0,1,1.0,High Risk
6607,134.0,1,5.0,134.0,1,1.0,High Risk
6608,151.0,1,55.0,151.0,1,1.0,High Risk
6609,175.0,1,1701.0,175.0,1,1.0,High Risk
6610,180.0,1,1726.0,180.0,1,1.0,High Risk
6611,232.0,1,40.0,232.0,1,1.0,High Risk
6612,255.0,1,40.0,255.0,1,1.0,High Risk
6613,65.0,1,2352.0,65.0,0,0.0,Low Risk
6614,125.0,1,2402.0,125.0,1,1.0,High Risk
6615,172.0,1,1701.0,172.0,1,1.0,High Risk
6616,175.0,1,1764.0,175.0,1,1.0,High Risk
6617,278.0,1,5.0,278.0,1,1.0,High Risk
6618,174.0,1,1755.0,174.0,1,1.0,High Risk
6619,164.0,1,40.0,164.0,1,1.0,High Risk
6620,68.0,2,164.0,222.0,0,0.15,Low Risk
6621,178.0,1,1701.0,178.0,1,1.0,High Risk
6622,162.0,1,1732.0,162.0,1,1.0,High Risk
6623,134.0,1,2375.0,134.0,1,0.995,High Risk
6624,84.0,1,2327.0,84.0,0,0.0,Low Risk
6625,85.0,1,2357.0,85.0,0,0.0,Low Risk
6626,123.0,1,2432.0,123.0,1,1.0,High Risk
6627,226.0,2,3001.0,579.0,1,0.88,High Risk
6628,223.0,2,3021.0,608.0,1,0.54,Medium Risk
6629,262.0,2,106.0,355.0,1,0.795,High Risk
6630,358.0,2,4173.0,489.0,1,0.955,High Risk
6631,355.0,1,5.0,355.0,1,1.0,High Risk
6632,316.0,1,98.0,316.0,1,1.0,High Risk
6633,200.0,2,3001.0,565.0,1,0.995,High Risk
6634,298.0,2,2732.0,623.0,1,0.995,High Risk
6635,281.0,2,2736.0,618.0,1,1.0,High Risk
6636,316.0,2,4153.0,499.0,1,1.0,High Risk
6637,116.0,1,74.0,116.0,1,1.0,High Risk
6638,350.0,1,150.0,350.0,1,1.0,High Risk
6639,52.0,1,70.0,52.0,0,0.0,Low Risk
6640,194.0,2,3075.0,556.0,1,0.99,High Risk
6641,342.0,1,25.0,342.0,1,1.0,High Risk
6642,257.0,2,2736.0,612.0,1,0.815,High Risk
6643,46.0,2,33.0,304.0,0,0.77,High Risk
6644,82.0,1,70.0,82.0,0,0.0,Low Risk
6645,388.0,2,3017.0,559.0,1,0.99,High Risk
6646,77.0,2,132.0,119.0,0,0.005,Low Risk
6647,254.0,2,2751.0,591.0,1,0.97,High Risk
6648,88.0,3,4122.0,603.0,0,0.015,Low Risk
6649,73.0,3,4122.0,582.0,0,0.23,Low Risk
6650,348.0,1,4.0,348.0,1,1.0,High Risk
6651,80.0,1,39.0,80.0,0,0.0,Low Risk
6652,64.0,3,4179.0,604.0,0,0.005,Low Risk
6653,280.0,1,14.0,280.0,1,1.0,High Risk
6654,263.0,1,40.0,263.0,1,1.0,High Risk
6655,73.0,1,1760.0,73.0,0,0.0,Low Risk
6656,65.0,1,1751.0,65.0,0,0.0,Low Risk
6657,69.0,1,578.0,69.0,0,0.0,Low Risk
6658,25.0,2,113.0,345.0,0,0.055,Low Risk
6659,155.0,1,7.0,155.0,1,1.0,High Risk
6660,177.0,1,1710.0,177.0,1,1.0,High Risk
6661,174.0,1,1715.0,174.0,1,1.0,High Risk
6662,175.0,1,1710.0,175.0,1,1.0,High Risk
6663,177.0,1,1764.0,177.0,1,1.0,High Risk
6664,311.0,1,7.0,311.0,1,1.0,High Risk
6665,238.0,1,624.0,238.0,1,1.0,High Risk
6666,86.0,1,40.0,86.0,0,0.0,Low Risk
6667,154.0,1,1736.0,154.0,1,1.0,High Risk
6668,166.0,1,1760.0,166.0,1,1.0,High Risk
6669,218.0,1,554.0,218.0,1,1.0,High Risk
6670,220.0,1,624.0,220.0,1,1.0,High Risk
6671,237.0,1,540.0,237.0,1,1.0,High Risk
6672,229.0,1,565.0,229.0,1,1.0,High Risk
6673,229.0,1,540.0,229.0,1,1.0,High Risk
6674,16.0,1,5.0,16.0,0,0.0,Low Risk
6675,132.0,1,40.0,132.0,1,1.0,High Risk
6676,93.0,1,125.0,93.0,1,1.0,High Risk
6677,241.0,1,604.0,241.0,1,1.0,High Risk
6678,181.0,1,1736.0,181.0,1,1.0,High Risk
6679,149.0,1,1736.0,149.0,1,1.0,High Risk
6680,101.0,1,40.0,101.0,1,1.0,High Risk
6681,13.0,2,222.0,162.0,0,0.0,Low Risk
6682,134.0,1,1736.0,134.0,1,1.0,High Risk
6683,204.0,1,69.0,204.0,1,1.0,High Risk
6684,326.0,1,5.0,326.0,1,1.0,High Risk
6685,72.0,1,5.0,72.0,0,0.0,Low Risk
6686,361.0,1,5.0,361.0,1,1.0,High Risk
6687,3.0,2,104.0,265.0,0,0.085,Low Risk
6688,54.0,1,40.0,54.0,0,0.0,Low Risk
6689,157.0,1,5.0,157.0,1,1.0,High Risk
6690,198.0,1,5.0,198.0,1,1.0,High Risk
6691,148.0,1,1701.0,148.0,1,1.0,High Risk
6692,80.0,1,1779.0,80.0,0,0.0,Low Risk
6693,146.0,1,14.0,146.0,1,1.0,High Risk
6694,304.0,1,14.0,304.0,1,1.0,High Risk
6695,284.0,1,5.0,284.0,1,1.0,High Risk
6696,271.0,1,68.0,271.0,1,1.0,High Risk
6697,203.0,1,40.0,203.0,1,1.0,High Risk
6698,5.0,1,5.0,5.0,0,0.0,Low Risk
6699,269.0,1,69.0,269.0,1,1.0,High Risk
6700,210.0,1,68.0,210.0,1,1.0,High Risk
6701,375.0,2,2806.0,575.0,1,0.89,High Risk
6702,131.0,2,34.0,358.0,1,0.8817,High Risk
6703,112.0,2,56.0,300.0,1,0.67,Medium Risk
6704,242.0,1,79.0,242.0,1,1.0,High Risk
6705,299.0,1,32.0,299.0,1,1.0,High Risk
6706,94.0,2,37.0,343.0,1,0.64,Medium Risk
6707,29.0,2,78.0,240.0,0,0.115,Low Risk
6708,189.0,1,32.0,189.0,1,1.0,High Risk
6709,9.0,2,123.0,76.0,0,0.0,Low Risk
6710,90.0,2,79.0,311.0,0,0.4904,Medium Risk
6711,186.0,2,114.0,266.0,1,0.25,Low Risk
6712,207.0,1,70.0,207.0,1,1.0,High Risk
6713,199.0,1,57.0,199.0,1,1.0,High Risk
6714,284.0,1,70.0,284.0,1,1.0,High Risk
6715,268.0,2,2736.0,565.0,1,0.975,High Risk
6716,357.0,2,2832.0,567.0,1,0.985,High Risk
6717,257.0,2,2701.0,571.0,1,0.885,High Risk
6718,323.0,2,2840.0,555.0,1,0.98,High Risk
6719,193.0,1,32.0,193.0,1,1.0,High Risk
6720,9.0,1,39.0,9.0,0,0.0,Low Risk
6721,287.0,2,2791.0,560.0,1,0.98,High Risk
6722,305.0,1,70.0,305.0,1,1.0,High Risk
6723,322.0,2,3883.0,500.0,1,0.995,High Risk
6724,115.0,2,84.0,325.0,1,0.8938,High Risk
6725,170.0,1,37.0,170.0,1,1.0,High Risk
6726,229.0,2,4698.0,1015.0,1,0.535,Medium Risk
6727,239.0,2,4721.0,1005.0,1,0.785,High Risk
6728,298.0,1,22.0,298.0,1,1.0,High Risk
6729,207.0,2,4729.0,1033.0,1,0.83,High Risk
6730,301.0,1,110.0,301.0,1,1.0,High Risk
6731,209.0,2,4751.0,1023.0,1,0.99,High Risk
6732,54.0,1,23.0,54.0,0,0.0,Low Risk
6733,196.0,2,4752.0,1027.0,1,0.99,High Risk
6734,192.0,2,4757.0,1022.0,1,0.965,High Risk
6735,210.0,2,4698.0,1006.0,1,0.91,High Risk
6736,173.0,2,4752.0,1006.0,1,0.95,High Risk
6737,155.0,2,4742.0,1025.0,1,0.985,High Risk
6738,240.0,1,30.0,240.0,1,1.0,High Risk
6739,341.0,1,25.0,341.0,1,1.0,High Risk
6740,227.0,2,2736.0,555.0,1,0.975,High Risk
6741,308.0,1,39.0,308.0,1,1.0,High Risk
6742,309.0,2,4217.0,502.0,1,1.0,High Risk
6743,303.0,2,4198.0,507.0,1,0.995,High Risk
6744,303.0,2,2794.0,574.0,1,0.94,High Risk
6745,275.0,2,2766.0,549.0,1,0.85,High Risk
6746,232.0,1,32.0,232.0,1,1.0,High Risk
6747,302.0,1,30.0,302.0,1,1.0,High Risk
6748,280.0,2,2744.0,549.0,1,0.825,High Risk
6749,165.0,1,32.0,165.0,1,1.0,High Risk
6750,175.0,1,70.0,175.0,1,1.0,High Risk
6751,284.0,2,2889.0,573.0,1,0.935,High Risk
6752,256.0,1,94.0,256.0,1,1.0,High Risk
6753,214.0,2,2776.0,526.0,1,0.44,Medium Risk
6754,252.0,2,3080.0,571.0,1,0.965,High Risk
6755,227.0,2,2755.0,530.0,1,0.19,Low Risk
6756,260.0,2,2769.0,566.0,1,0.935,High Risk
6757,242.0,2,2715.0,529.0,1,0.6,Medium Risk
6758,69.0,2,80.0,119.0,0,0.0,Low Risk
6759,186.0,1,32.0,186.0,1,1.0,High Risk
6760,231.0,1,37.0,231.0,1,1.0,High Risk
6761,42.0,2,92.0,104.0,0,0.005,Low Risk
6762,252.0,2,3942.0,515.0,1,0.99,High Risk
6763,264.0,2,3937.0,515.0,1,1.0,High Risk
6764,111.0,2,38.0,258.0,1,0.525,Medium Risk
6765,259.0,2,3897.0,464.0,1,0.995,High Risk
6766,264.0,2,3927.0,460.0,1,1.0,High Risk
6767,65.0,3,4119.0,539.0,0,0.075,Low Risk
6768,44.0,3,4101.0,539.0,0,0.075,Low Risk
6769,260.0,2,3907.0,461.0,1,1.0,High Risk
6770,239.0,2,3910.0,458.0,1,0.995,High Risk
6771,240.0,2,2715.0,501.0,1,0.9,High Risk
6772,356.0,1,70.0,356.0,1,1.0,High Risk
6773,260.0,2,2846.0,565.0,1,0.99,High Risk
6774,214.0,2,2751.0,459.0,1,0.665,Medium Risk
6775,12.0,1,27.0,12.0,0,0.0,Low Risk
6776,237.0,2,2794.0,484.0,1,0.91,High Risk
6777,215.0,2,72.0,254.0,1,0.56,Medium Risk
6778,236.0,2,4179.0,458.0,1,0.905,High Risk
6779,51.0,3,4175.0,468.0,0,0.01,Low Risk
6780,40.0,3,4249.0,446.0,0,0.02,Low Risk
6781,50.0,3,4112.0,438.0,0,0.02,Low Risk
6782,89.0,3,7187.0,477.0,0,0.065,Low Risk
6783,197.0,2,3021.0,549.0,1,0.995,High Risk
6784,313.0,1,25.0,313.0,1,1.0,High Risk
6785,224.0,2,3892.0,473.0,1,1.0,High Risk
6786,314.0,2,67.0,336.0,1,0.8522,High Risk
6787,259.0,2,89.0,352.0,1,0.695,Medium Risk
6788,197.0,2,2726.0,453.0,1,0.895,High Risk
6789,302.0,1,65.0,302.0,1,1.0,High Risk
6790,220.0,2,3937.0,487.0,1,1.0,High Risk
6791,264.0,2,3039.0,530.0,1,0.915,High Risk
6792,230.0,1,65.0,230.0,1,1.0,High Risk
6793,169.0,2,3266.0,541.0,1,0.52,Medium Risk
6794,140.0,2,3249.0,539.0,1,0.825,High Risk
6795,227.0,2,2746.0,523.0,1,0.78,High Risk
6796,218.0,2,2983.0,543.0,1,0.995,High Risk
6797,229.0,2,3921.0,485.0,1,1.0,High Risk
6798,179.0,1,65.0,179.0,1,1.0,High Risk
6799,220.0,2,3058.0,522.0,1,0.95,High Risk
6800,242.0,2,3908.0,477.0,1,0.995,High Risk
6801,195.0,1,37.0,195.0,1,1.0,High Risk
6802,66.0,1,126.0,66.0,0,0.0,Low Risk
6803,226.0,1,87.0,226.0,1,0.995,High Risk
6804,241.0,2,2761.0,525.0,1,0.73,High Risk
6805,215.0,1,74.0,215.0,1,1.0,High Risk
6806,243.0,1,32.0,243.0,1,1.0,High Risk
6807,345.0,1,65.0,345.0,1,1.0,High Risk
6808,119.0,2,81.0,120.0,1,0.515,Medium Risk
6809,44.0,2,160.0,339.0,0,0.095,Low Risk
6810,207.0,1,205.0,207.0,1,0.995,High Risk
6811,246.0,2,88.0,339.0,1,0.81,High Risk
6812,56.0,3,6990.0,471.0,0,0.105,Low Risk
6813,129.0,2,2983.0,530.0,1,0.925,High Risk
6814,237.0,2,3020.0,523.0,1,0.97,High Risk
6815,66.0,2,134.0,337.0,0,0.0895,Low Risk
6816,220.0,2,3123.0,535.0,1,0.955,High Risk
6817,211.0,1,37.0,211.0,1,1.0,High Risk
6818,68.0,1,49.0,68.0,0,0.0,Low Risk
6819,134.0,1,4.0,134.0,1,1.0,High Risk
6820,16.0,1,4.0,16.0,0,0.0,Low Risk
6821,285.0,1,4.0,285.0,1,1.0,High Risk
6822,285.0,1,6.0,285.0,1,1.0,High Risk
6823,148.0,1,30.0,148.0,1,1.0,High Risk
6824,179.0,1,40.0,179.0,1,1.0,High Risk
6825,242.0,2,4334.0,487.0,1,1.0,High Risk
6826,46.0,3,7016.0,464.0,0,0.02,Low Risk
6827,61.0,1,30.0,61.0,0,0.0,Low Risk
6828,187.0,2,2755.0,444.0,1,0.505,Medium Risk
6829,147.0,2,3262.0,538.0,1,0.495,Medium Risk
6830,130.0,2,2983.0,543.0,1,0.995,High Risk
6831,187.0,2,2751.0,453.0,1,0.5,Medium Risk
6832,206.0,2,2750.0,453.0,1,0.705,High Risk
6833,168.0,1,25.0,168.0,1,1.0,High Risk
6834,103.0,3,5999.0,475.0,1,0.88,High Risk
6835,50.0,3,4158.0,433.0,0,0.01,Low Risk
6836,150.0,2,70.0,156.0,1,0.575,Medium Risk
6837,162.0,1,32.0,162.0,1,1.0,High Risk
6838,186.0,1,74.0,186.0,1,1.0,High Risk
6839,103.0,2,32.0,258.0,1,0.685,Medium Risk
6840,41.0,2,35.0,299.0,0,0.07,Low Risk
6841,128.0,2,229.0,302.0,1,0.83,High Risk
6842,213.0,2,2804.0,520.0,1,0.92,High Risk
6843,315.0,1,37.0,315.0,1,1.0,High Risk
6844,275.0,1,94.0,275.0,1,1.0,High Risk
6845,261.0,2,196.0,331.0,1,0.59,Medium Risk
6846,329.0,1,25.0,329.0,1,1.0,High Risk
6847,182.0,1,70.0,182.0,1,1.0,High Risk
6848,213.0,2,4144.0,480.0,1,1.0,High Risk
6849,211.0,2,3918.0,476.0,1,1.0,High Risk
6850,149.0,2,3025.0,536.0,1,0.99,High Risk
6851,346.0,1,79.0,346.0,1,1.0,High Risk
6852,2.0,1,49.0,2.0,0,0.0,Low Risk
6853,295.0,1,87.0,295.0,1,1.0,High Risk
6854,185.0,1,30.0,185.0,1,1.0,High Risk
6855,56.0,1,65.0,56.0,0,0.0,Low Risk
6856,43.0,2,190.0,248.0,0,0.02,Low Risk
6857,136.0,1,32.0,136.0,1,1.0,High Risk
6858,213.0,1,25.0,213.0,1,1.0,High Risk
6859,70.0,1,1701.0,70.0,0,0.0,Low Risk
6860,136.0,1,1736.0,136.0,1,1.0,High Risk
6861,144.0,1,1778.0,144.0,1,0.995,High Risk
6862,66.0,1,1750.0,66.0,0,0.0,Low Risk
6863,141.0,1,1751.0,141.0,1,1.0,High Risk
6864,149.0,1,68.0,149.0,1,1.0,High Risk
6865,143.0,1,1751.0,143.0,1,1.0,High Risk
6866,61.0,1,1790.0,61.0,0,0.0,Low Risk
6867,139.0,1,1736.0,139.0,1,1.0,High Risk
6868,26.0,2,177.0,139.0,0,0.01,Low Risk
6869,133.0,1,1736.0,133.0,1,1.0,High Risk
6870,144.0,1,1760.0,144.0,1,1.0,High Risk
6871,148.0,1,1701.0,148.0,1,1.0,High Risk
6872,122.0,1,1730.0,122.0,1,1.0,High Risk
6873,99.0,1,40.0,99.0,1,1.0,High Risk
6874,197.0,2,4203.0,487.0,1,1.0,High Risk
6875,69.0,1,35.0,69.0,0,0.0,Low Risk
6876,256.0,1,25.0,256.0,1,1.0,High Risk
6877,258.0,1,29.0,258.0,1,1.0,High Risk
6878,256.0,1,188.0,256.0,1,1.0,High Risk
6879,82.0,1,70.0,82.0,0,0.0,Low Risk
6880,88.0,2,120.0,289.0,0,0.145,Low Risk
6881,34.0,2,39.0,331.0,0,0.07,Low Risk
6882,10.0,2,92.0,275.0,0,0.1,Low Risk
6883,363.0,1,32.0,363.0,1,1.0,High Risk
6884,155.0,1,79.0,155.0,1,1.0,High Risk
6885,178.0,1,30.0,178.0,1,1.0,High Risk
6886,168.0,2,2701.0,411.0,1,0.895,High Risk
6887,276.0,1,39.0,276.0,1,1.0,High Risk
6888,130.0,1,65.0,130.0,1,1.0,High Risk
6889,141.0,1,30.0,141.0,1,1.0,High Risk
6890,188.0,2,3043.0,543.0,1,0.99,High Risk
6891,184.0,2,2754.0,545.0,1,0.655,Medium Risk
6892,175.0,2,2736.0,403.0,1,0.875,High Risk
6893,184.0,2,2788.0,488.0,1,0.995,High Risk
6894,196.0,2,3883.0,464.0,1,0.995,High Risk
6895,158.0,2,2710.0,413.0,1,0.77,High Risk
6896,289.0,1,30.0,289.0,1,1.0,High Risk
6897,209.0,2,3044.0,506.0,1,0.985,High Risk
6898,163.0,2,2779.0,410.0,1,0.945,High Risk
6899,193.0,2,4208.0,432.0,1,0.755,High Risk
6900,251.0,1,30.0,251.0,1,1.0,High Risk
6901,169.0,2,2751.0,423.0,1,0.75,High Risk
6902,88.0,1,31.0,88.0,0,0.0,Low Risk
6903,207.0,2,4158.0,428.0,1,0.67,Medium Risk
6904,96.0,1,32.0,96.0,1,1.0,High Risk
6905,176.0,2,4733.0,1032.0,1,0.975,High Risk
6906,80.0,1,25.0,80.0,0,0.0,Low Risk
6907,55.0,1,21.0,55.0,0,0.0,Low Risk
6908,113.0,1,27.0,113.0,1,1.0,High Risk
6909,323.0,1,35.0,323.0,1,1.0,High Risk
6910,175.0,2,4761.0,1013.0,1,0.965,High Risk
6911,128.0,2,4698.0,1023.0,1,0.965,High Risk
6912,151.0,2,4698.0,1028.0,1,0.965,High Risk
6913,126.0,2,4752.0,1026.0,1,0.995,High Risk
6914,148.0,2,4733.0,1005.0,1,0.94,High Risk
6915,137.0,2,4698.0,1009.0,1,0.795,High Risk
6916,143.0,2,4792.0,1024.0,1,0.985,High Risk
6917,122.0,2,4787.0,1016.0,1,0.83,High Risk
6918,150.0,2,4733.0,1017.0,1,0.89,High Risk
6919,143.0,2,4733.0,1007.0,1,0.815,High Risk
6920,137.0,2,4733.0,1017.0,1,0.89,High Risk
6921,116.0,2,4733.0,1029.0,1,1.0,High Risk
6922,116.0,2,4698.0,1032.0,1,0.92,High Risk
6923,115.0,2,4821.0,1005.0,1,0.815,High Risk
6924,96.0,2,4752.0,1008.0,1,0.86,High Risk
6925,102.0,2,4733.0,1023.0,1,0.99,High Risk
6926,97.0,2,4698.0,1023.0,1,0.965,High Risk
6927,67.0,2,4715.0,1008.0,0,0.095,Low Risk
6928,75.0,2,4725.0,1015.0,0,0.125,Low Risk
6929,187.0,2,3918.0,431.0,1,0.88,High Risk
6930,173.0,2,3897.0,447.0,1,0.835,High Risk
6931,132.0,1,70.0,132.0,1,1.0,High Risk
6932,154.0,1,30.0,154.0,1,1.0,High Risk
6933,157.0,2,2765.0,408.0,1,0.895,High Risk
6934,195.0,2,3103.0,501.0,1,0.97,High Risk
6935,162.0,2,3907.0,438.0,1,0.66,Medium Risk
6936,220.0,1,64.0,220.0,1,1.0,High Risk
6937,285.0,1,65.0,285.0,1,1.0,High Risk
6938,176.0,2,3069.0,514.0,1,0.99,High Risk
6939,24.0,1,37.0,24.0,0,0.0,Low Risk
6940,25.0,1,37.0,25.0,0,0.0,Low Risk
6941,175.0,2,3883.0,448.0,1,0.88,High Risk
6942,135.0,2,3932.0,454.0,1,0.955,High Risk
6943,127.0,2,3897.0,452.0,1,0.695,Medium Risk
6944,165.0,2,2782.0,508.0,1,0.795,High Risk
6945,162.0,2,2751.0,421.0,1,0.8,High Risk
6946,150.0,2,3961.0,434.0,1,0.66,Medium Risk
6947,131.0,2,3883.0,456.0,1,0.975,High Risk
6948,141.0,2,3933.0,413.0,1,0.745,High Risk
6949,167.0,2,3045.0,494.0,1,0.96,High Risk
6950,61.0,3,2605.0,418.0,0,0.605,Medium Risk
6951,177.0,2,2732.0,411.0,1,0.935,High Risk
6952,207.0,1,27.0,207.0,1,1.0,High Risk
6953,95.0,2,3942.0,400.0,1,0.625,Medium Risk
6954,162.0,1,85.0,162.0,1,1.0,High Risk
6955,253.0,1,35.0,253.0,1,1.0,High Risk
6956,75.0,1,64.0,75.0,0,0.0,Low Risk
6957,144.0,2,2431.0,1104.0,1,0.74,High Risk
6958,127.0,2,2435.0,1096.0,1,0.77,High Risk
6959,159.0,2,2812.0,491.0,1,0.925,High Risk
6960,156.0,2,2749.0,503.0,1,0.595,Medium Risk
6961,100.0,2,3001.0,502.0,1,0.93,High Risk
6962,85.0,1,74.0,85.0,0,0.0,Low Risk
6963,162.0,2,2778.0,501.0,1,0.8,High Risk
6964,109.0,2,3933.0,426.0,1,0.72,High Risk
6965,92.0,3,5751.0,423.0,1,0.58,Medium Risk
6966,115.0,2,3001.0,495.0,1,0.87,High Risk
6967,63.0,2,3262.0,496.0,0,0.12,Low Risk
6968,31.0,1,32.0,31.0,0,0.0,Low Risk
6969,156.0,2,3043.0,502.0,1,1.0,High Risk
6970,147.0,2,3040.0,504.0,1,0.995,High Risk
6971,302.0,1,27.0,302.0,1,1.0,High Risk
6972,124.0,2,2435.0,1071.0,1,0.755,High Risk
6973,150.0,2,2792.0,470.0,1,0.915,High Risk
6974,143.0,2,2551.0,1044.0,1,0.835,High Risk
6975,129.0,2,2792.0,465.0,1,0.785,High Risk
6976,353.0,2,1518.0,1034.0,1,1.0,High Risk
6977,94.0,3,5802.0,404.0,1,0.555,Medium Risk
6978,89.0,2,2966.0,460.0,0,0.075,Low Risk
6979,50.0,2,3018.0,467.0,0,0.955,High Risk
6980,37.0,2,3001.0,475.0,0,0.185,Low Risk
6981,102.0,2,4194.0,422.0,1,0.655,Medium Risk
6982,124.0,2,2983.0,486.0,1,0.995,High Risk
6983,299.0,2,1538.0,985.0,1,0.995,High Risk
6984,112.0,3,5785.0,410.0,1,0.535,Medium Risk
6985,106.0,3,6083.0,405.0,1,0.685,Medium Risk
6986,102.0,3,6016.0,400.0,1,0.845,High Risk
6987,68.0,3,5791.0,408.0,0,0.11,Low Risk
6988,121.0,2,2450.0,999.0,1,0.655,Medium Risk
6989,97.0,1,60.0,97.0,1,1.0,High Risk
6990,120.0,2,3933.0,421.0,1,0.635,Medium Risk
6991,110.0,2,2779.0,463.0,1,0.575,Medium Risk
6992,188.0,1,74.0,188.0,1,1.0,High Risk
6993,335.0,1,31.0,335.0,1,1.0,High Risk
6994,359.0,1,79.0,359.0,1,1.0,High Risk
6995,346.0,1,27.0,346.0,1,1.0,High Risk
6996,147.0,1,27.0,147.0,1,1.0,High Risk
6997,121.0,2,2454.0,966.0,1,0.645,Medium Risk
6998,285.0,1,70.0,285.0,1,1.0,High Risk
6999,115.0,2,4144.0,399.0,1,0.58,Medium Risk
7000,118.0,2,2454.0,949.0,1,0.365,Low Risk
7001,103.0,2,3080.0,473.0,1,0.995,High Risk
7002,78.0,1,31.0,78.0,0,0.0,Low Risk
7003,129.0,1,27.0,129.0,1,1.0,High Risk
7004,4.0,1,64.0,4.0,0,0.0,Low Risk
7005,272.0,2,1518.0,963.0,1,0.99,High Risk
7006,70.0,3,5806.0,404.0,0,0.12,Low Risk
7007,272.0,1,39.0,272.0,1,1.0,High Risk
7008,185.0,1,39.0,185.0,1,1.0,High Risk
7009,114.0,2,2459.0,926.0,1,0.67,Medium Risk
7010,121.0,2,2435.0,916.0,1,0.645,Medium Risk
7011,97.0,2,2485.0,906.0,1,0.58,Medium Risk
7012,103.0,2,2590.0,908.0,1,0.775,High Risk
7013,87.0,1,25.0,87.0,0,0.0,Low Risk
7014,14.0,1,27.0,14.0,0,0.0,Low Risk
7015,297.0,1,94.0,297.0,1,1.0,High Risk
7016,75.0,1,37.0,75.0,0,0.0,Low Risk
7017,75.0,1,35.0,75.0,0,0.0,Low Risk
7018,345.0,1,25.0,345.0,1,1.0,High Risk
7019,142.0,1,52.0,142.0,1,1.0,High Risk
7020,62.0,3,5707.0,421.0,0,0.08,Low Risk
7021,158.0,1,39.0,158.0,1,1.0,High Risk
7022,92.0,2,2794.0,482.0,1,0.59,Medium Risk
7023,335.0,1,64.0,335.0,1,1.0,High Risk
7024,119.0,1,188.0,119.0,1,1.0,High Risk
7025,302.0,1,150.0,302.0,1,1.0,High Risk
7026,161.0,1,37.0,161.0,1,1.0,High Risk
7027,57.0,2,2988.0,456.0,0,0.055,Low Risk
7028,115.0,2,3918.0,412.0,1,0.615,Medium Risk
7029,59.0,2,3001.0,443.0,0,0.31,Low Risk
7030,155.0,1,83.0,155.0,1,1.0,High Risk
7031,328.0,1,65.0,328.0,1,1.0,High Risk
7032,257.0,1,25.0,257.0,1,1.0,High Risk
7033,268.0,1,144.0,268.0,1,1.0,High Risk
7034,149.0,1,25.0,149.0,1,1.0,High Risk
7035,252.0,1,64.0,252.0,1,1.0,High Risk
7036,33.0,1,64.0,33.0,0,0.0,Low Risk
7037,306.0,1,25.0,306.0,1,1.0,High Risk
7038,141.0,1,49.0,141.0,1,1.0,High Risk
7039,113.0,2,2435.0,901.0,1,0.51,Medium Risk
7040,118.0,2,2450.0,877.0,1,0.64,Medium Risk
7041,213.0,1,194.0,213.0,1,0.995,High Risk
7042,195.0,1,32.0,195.0,1,1.0,High Risk
7043,302.0,1,30.0,302.0,1,1.0,High Risk
7044,253.0,1,35.0,253.0,1,1.0,High Risk
7045,143.0,1,32.0,143.0,1,1.0,High Risk
7046,95.0,2,3942.0,416.0,1,0.39,Low Risk
7047,113.0,2,2435.0,858.0,1,0.735,High Risk
7048,110.0,2,2736.0,761.0,1,1.0,High Risk
7049,71.0,1,65.0,71.0,0,0.0,Low Risk
7050,137.0,1,1786.0,137.0,1,1.0,High Risk
7051,141.0,1,1751.0,141.0,1,1.0,High Risk
7052,57.0,1,1736.0,57.0,0,0.0,Low Risk
7053,133.0,1,1736.0,133.0,1,1.0,High Risk
7054,351.0,1,7.0,351.0,1,1.0,High Risk
7055,110.0,2,107.0,280.0,1,0.805,High Risk
7056,172.0,2,144.0,350.0,1,0.96,High Risk
7057,144.0,1,1726.0,144.0,1,1.0,High Risk
7058,148.0,1,1701.0,148.0,1,1.0,High Risk
7059,147.0,1,40.0,147.0,1,1.0,High Risk
7060,143.0,1,1715.0,143.0,1,1.0,High Risk
7061,149.0,1,1701.0,149.0,1,1.0,High Risk
7062,198.0,1,5.0,198.0,1,1.0,High Risk
7063,128.0,1,64.0,128.0,1,1.0,High Risk
7064,308.0,1,55.0,308.0,1,1.0,High Risk
7065,312.0,1,59.0,312.0,1,1.0,High Risk
7066,109.0,2,156.0,146.0,1,0.15,Low Risk
7067,77.0,1,2345.0,77.0,0,0.0,Low Risk
7068,72.0,1,2381.0,72.0,0,0.0,Low Risk
7069,89.0,1,2440.0,89.0,0,0.0,Low Risk
7070,180.0,1,5.0,180.0,1,1.0,High Risk
7071,5.0,1,5.0,5.0,0,0.0,Low Risk
7072,278.0,1,69.0,278.0,1,1.0,High Risk
7073,143.0,1,5.0,143.0,1,1.0,High Risk
7074,8.0,1,14.0,8.0,0,0.0,Low Risk
7075,193.0,1,59.0,193.0,1,1.0,High Risk
7076,84.0,1,2395.0,84.0,0,0.0,Low Risk
7077,91.0,1,68.0,91.0,1,1.0,High Risk
7078,19.0,2,160.0,243.0,0,0.07,Low Risk
7079,128.0,2,201.0,307.0,1,0.77,High Risk
7080,134.0,1,1701.0,134.0,1,1.0,High Risk
7081,146.0,1,1738.0,146.0,1,1.0,High Risk
7082,182.0,2,52.0,200.0,1,0.77,High Risk
7083,81.0,1,68.0,81.0,0,0.0,Low Risk
7084,212.0,1,90.0,212.0,1,1.0,High Risk
7085,131.0,1,1775.0,131.0,1,1.0,High Risk
7086,123.0,1,1765.0,123.0,1,1.0,High Risk
7087,139.0,1,1724.0,139.0,1,1.0,High Risk
7088,152.0,1,14.0,152.0,1,1.0,High Risk
7089,138.0,1,1736.0,138.0,1,1.0,High Risk
7090,60.0,1,1736.0,60.0,0,0.0,Low Risk
7091,252.0,2,65.0,282.0,1,0.715,High Risk
7092,54.0,1,1751.0,54.0,0,0.0,Low Risk
7093,57.0,1,1789.0,57.0,0,0.0,Low Risk
7094,226.0,1,14.0,226.0,1,1.0,High Risk
7095,343.0,1,69.0,343.0,1,1.0,High Risk
7096,357.0,1,59.0,357.0,1,1.0,High Risk
7097,144.0,1,1736.0,144.0,1,1.0,High Risk
7098,312.0,1,40.0,312.0,1,1.0,High Risk
7099,144.0,1,1755.0,144.0,1,1.0,High Risk
7100,232.0,1,5.0,232.0,1,1.0,High Risk
7101,195.0,1,60.0,195.0,1,1.0,High Risk
7102,71.0,1,64.0,71.0,0,0.0,Low Risk
7103,358.0,1,5.0,358.0,1,1.0,High Risk
7104,49.0,1,1736.0,49.0,0,0.0,Low Risk
7105,301.0,1,14.0,301.0,1,1.0,High Risk
7106,308.0,1,40.0,308.0,1,1.0,High Risk
7107,282.0,1,5.0,282.0,1,1.0,High Risk
7108,25.0,1,14.0,25.0,0,0.0,Low Risk
7109,149.0,1,1736.0,149.0,1,1.0,High Risk
7110,339.0,1,124.0,339.0,1,1.0,High Risk
7111,359.0,1,21.0,359.0,1,1.0,High Risk
7112,347.0,1,5.0,347.0,1,1.0,High Risk
7113,232.0,1,64.0,232.0,1,1.0,High Risk
7114,82.0,1,2392.0,82.0,0,0.005,Low Risk
7115,14.0,1,59.0,14.0,0,0.0,Low Risk
7116,66.0,1,14.0,66.0,0,0.0,Low Risk
7117,108.0,1,2377.0,108.0,1,0.995,High Risk
7118,36.0,1,14.0,36.0,0,0.0,Low Risk
7119,60.0,1,1751.0,60.0,0,0.0,Low Risk
7120,101.0,1,14.0,101.0,1,1.0,High Risk
7121,144.0,1,1726.0,144.0,1,1.0,High Risk
7122,134.0,1,1794.0,134.0,1,0.99,High Risk
7123,95.0,1,2440.0,95.0,1,0.995,High Risk
7124,331.0,1,5.0,331.0,1,1.0,High Risk
7125,134.0,1,57.0,134.0,1,1.0,High Risk
7126,179.0,3,5739.0,760.0,1,0.955,High Risk
7127,67.0,3,6946.0,433.0,0,0.01,Low Risk
7128,70.0,3,6982.0,451.0,0,0.015,Low Risk
7129,288.0,1,86.0,288.0,1,1.0,High Risk
7130,237.0,1,96.0,237.0,1,0.995,High Risk
7131,172.0,3,5743.0,751.0,1,0.875,High Risk
7132,142.0,2,3021.0,865.0,1,0.87,High Risk
7133,141.0,2,3034.0,867.0,1,0.915,High Risk
7134,141.0,3,5780.0,721.0,1,0.985,High Risk
7135,136.0,3,5732.0,716.0,1,0.935,High Risk
7136,72.0,3,6922.0,450.0,0,0.0,Low Risk
7137,68.0,3,6905.0,438.0,0,0.075,Low Risk
7138,142.0,2,3043.0,878.0,1,0.93,High Risk
7139,53.0,1,76.0,53.0,0,0.0,Low Risk
7140,142.0,3,5764.0,705.0,1,0.955,High Risk
7141,135.0,3,5741.0,707.0,1,0.955,High Risk
7142,43.0,3,6973.0,450.0,0,0.0,Low Risk
7143,92.0,1,24.0,92.0,1,1.0,High Risk
7144,143.0,2,3063.0,846.0,1,0.89,High Risk
7145,59.0,1,32.0,59.0,0,0.0,Low Risk
7146,352.0,1,72.0,352.0,1,0.995,High Risk
7147,97.0,1,32.0,97.0,1,1.0,High Risk
7148,40.0,3,6931.0,427.0,0,0.0,Low Risk
7149,264.0,2,1518.0,835.0,1,1.0,High Risk
7150,89.0,2,50.0,299.0,0,0.32,Low Risk
7151,341.0,1,77.0,341.0,1,1.0,High Risk
7152,311.0,1,77.0,311.0,1,1.0,High Risk
7153,336.0,1,77.0,336.0,1,0.995,High Risk
7154,26.0,1,5.0,26.0,0,0.0,Low Risk
7155,246.0,1,66.0,246.0,1,1.0,High Risk
7156,21.0,2,135.0,212.0,0,0.085,Low Risk
7157,34.0,2,82.0,149.0,0,0.09,Low Risk
7158,139.0,2,3399.0,649.0,1,0.72,High Risk
7159,56.0,3,6870.0,457.0,0,0.075,Low Risk
7160,5.0,1,22.0,5.0,0,0.0,Low Risk
7161,46.0,3,6915.0,437.0,0,0.005,Low Risk
7162,249.0,1,7.0,249.0,1,1.0,High Risk
7163,110.0,1,7.0,110.0,1,1.0,High Risk
7164,129.0,2,3044.0,808.0,1,0.865,High Risk
7165,123.0,2,3330.0,620.0,1,0.845,High Risk
7166,116.0,2,82.0,292.0,1,0.56,Medium Risk
7167,48.0,3,7200.0,445.0,0,0.01,Low Risk
7168,145.0,2,3405.0,602.0,1,0.915,High Risk
7169,41.0,3,6908.0,435.0,0,0.015,Low Risk
7170,308.0,1,7.0,308.0,1,1.0,High Risk
7171,326.0,1,40.0,326.0,1,1.0,High Risk
7172,150.0,2,3319.0,581.0,1,0.915,High Risk
7173,3.0,2,77.0,100.0,0,0.005,Low Risk
7174,54.0,3,7189.0,451.0,0,0.01,Low Risk
7175,363.0,1,7.0,363.0,1,1.0,High Risk
7176,125.0,2,3064.0,798.0,1,0.715,High Risk
7177,132.0,2,3345.0,597.0,1,0.87,High Risk
7178,50.0,3,7044.0,450.0,0,0.005,Low Risk
7179,0.0,2,51.0,234.0,0,0.075,Low Risk
7180,286.0,1,5.0,286.0,1,1.0,High Risk
7181,263.0,1,13.0,263.0,1,1.0,High Risk
7182,236.0,2,186.0,247.0,1,0.14,Low Risk
7183,294.0,1,5.0,294.0,1,1.0,High Risk
7184,141.0,2,3343.0,585.0,1,0.88,High Risk
7185,104.0,1,90.0,104.0,1,1.0,High Risk
7186,139.0,2,3332.0,590.0,1,0.785,High Risk
7187,175.0,2,140.0,290.0,1,0.515,Medium Risk
7188,239.0,1,45.0,239.0,1,1.0,High Risk
7189,173.0,2,6093.0,1030.0,1,0.515,Medium Risk
7190,247.0,2,4118.0,1030.0,1,0.86,High Risk
7191,130.0,2,31.0,314.0,1,0.915,High Risk
7192,81.0,2,95.0,363.0,0,0.1,Low Risk
7193,167.0,2,64.0,297.0,1,0.8,High Risk
7194,179.0,2,4145.0,1025.0,1,0.925,High Risk
7195,176.0,2,86.0,251.0,1,0.315,Low Risk
7196,62.0,2,95.0,282.0,0,0.125,Low Risk
7197,159.0,2,4133.0,993.0,1,0.545,Medium Risk
7198,130.0,2,31.0,343.0,1,0.83,High Risk
7199,96.0,2,4143.0,987.0,1,0.895,High Risk
7200,210.0,2,100.0,243.0,1,0.74,High Risk
7201,121.0,2,4150.0,997.0,1,0.855,High Risk
7202,104.0,2,4157.0,990.0,1,0.87,High Risk
7203,73.0,2,4143.0,974.0,0,0.705,High Risk
7204,73.0,2,4172.0,993.0,0,0.15,Low Risk
7205,76.0,2,4133.0,995.0,0,0.155,Low Risk
7206,384.0,2,6056.0,996.0,1,0.985,High Risk
7207,207.0,2,66.0,281.0,1,0.82,High Risk
7208,371.0,2,6089.0,988.0,1,0.995,High Risk
7209,394.0,2,6035.0,990.0,1,0.95,High Risk
7210,384.0,2,6056.0,994.0,1,1.0,High Risk
7211,373.0,2,6044.0,1001.0,1,0.955,High Risk
7212,190.0,2,66.0,333.0,1,0.7383,High Risk
7213,390.0,2,6029.0,989.0,1,1.0,High Risk
7214,377.0,2,6070.0,993.0,1,0.99,High Risk
7215,382.0,2,6093.0,975.0,1,0.99,High Risk
7216,89.0,2,151.0,89.0,0,0.0,Low Risk
7217,85.0,2,39.0,339.0,0,0.045,Low Risk
7218,381.0,2,6056.0,995.0,1,0.99,High Risk
7219,384.0,2,6021.0,993.0,1,0.955,High Risk
7220,374.0,2,6038.0,982.0,1,0.99,High Risk
7221,386.0,2,6021.0,997.0,1,0.96,High Risk
7222,155.0,2,46.0,172.0,1,0.79,High Risk
7223,374.0,2,6044.0,989.0,1,1.0,High Risk
7224,337.0,1,40.0,337.0,1,0.995,High Risk
7225,84.0,1,2394.0,84.0,0,0.0,Low Risk
7226,84.0,1,2350.0,84.0,0,0.0,Low Risk
7227,100.0,1,1726.0,100.0,1,1.0,High Risk
7228,121.0,1,1730.0,121.0,1,1.0,High Risk
7229,116.0,1,1710.0,116.0,1,1.0,High Risk
7230,94.0,1,1701.0,94.0,1,1.0,High Risk
7231,67.0,1,5.0,67.0,0,0.0,Low Risk
7232,62.0,1,2415.0,62.0,0,0.0,Low Risk
7233,81.0,1,2370.0,81.0,0,0.0,Low Risk
7234,121.0,1,1732.0,121.0,1,1.0,High Risk
7235,113.0,1,1755.0,113.0,1,1.0,High Risk
7236,150.0,1,40.0,150.0,1,1.0,High Risk
7237,102.0,1,2415.0,102.0,1,0.99,High Risk
7238,120.0,1,2319.0,120.0,1,1.0,High Risk
7239,368.0,2,6030.0,999.0,1,0.99,High Risk
7240,396.0,2,6030.0,978.0,1,0.985,High Risk
7241,385.0,2,6098.0,980.0,1,0.99,High Risk
7242,375.0,2,6058.0,997.0,1,0.99,High Risk
7243,368.0,2,6122.0,974.0,1,0.535,Medium Risk
7244,386.0,2,6058.0,998.0,1,0.995,High Risk
7245,380.0,2,6021.0,984.0,1,0.975,High Risk
7246,158.0,2,6021.0,988.0,1,0.975,High Risk
7247,387.0,2,6030.0,992.0,1,1.0,High Risk
7248,97.0,2,85.0,197.0,1,0.695,Medium Risk
7249,337.0,2,6037.0,979.0,1,0.975,High Risk
7250,357.0,2,6044.0,985.0,1,1.0,High Risk
7251,363.0,2,6058.0,999.0,1,0.995,High Risk
7252,359.0,2,6035.0,975.0,1,0.895,High Risk
7253,354.0,2,6021.0,974.0,1,0.885,High Risk
7254,167.0,2,46.0,262.0,1,0.68,Medium Risk
7255,359.0,2,6021.0,983.0,1,0.97,High Risk
7256,181.0,2,6067.0,992.0,1,0.99,High Risk
7257,126.0,2,99.0,335.0,1,0.52,Medium Risk
7258,163.0,2,116.0,318.0,1,0.7733,High Risk
7259,91.0,2,46.0,224.0,1,0.71,High Risk
7260,212.0,2,31.0,342.0,1,0.795,High Risk
7261,336.0,2,6035.0,981.0,1,0.95,High Risk
7262,148.0,2,86.0,151.0,1,0.52,Medium Risk
7263,36.0,2,142.0,100.0,0,0.01,Low Risk
7264,55.0,2,127.0,338.0,0,0.155,Low Risk
7265,102.0,2,70.0,129.0,1,0.595,Medium Risk
7266,90.0,2,65.0,133.0,0,0.015,Low Risk
7267,162.0,2,72.0,177.0,1,0.565,Medium Risk
7268,57.0,2,65.0,345.0,0,0.725,High Risk
7269,154.0,2,6102.0,988.0,1,0.99,High Risk
7270,133.0,2,6113.0,984.0,1,0.645,Medium Risk
7271,201.0,2,95.0,210.0,1,0.555,Medium Risk
7272,35.0,2,120.0,295.0,0,0.115,Low Risk
7273,360.0,2,6056.0,994.0,1,1.0,High Risk
7274,343.0,2,6104.0,976.0,1,0.97,High Risk
7275,94.0,2,31.0,95.0,1,0.565,Medium Risk
7276,358.0,2,6021.0,990.0,1,0.975,High Risk
7277,151.0,2,6106.0,956.0,1,1.0,High Risk
7278,143.0,2,6070.0,958.0,1,0.995,High Risk
7279,196.0,2,159.0,294.0,1,0.5,Medium Risk
7280,48.0,2,162.0,53.0,0,0.0,Low Risk
7281,37.0,2,127.0,67.0,0,0.0,Low Risk
7282,134.0,2,6080.0,972.0,1,0.99,High Risk
7283,133.0,2,31.0,349.0,1,0.84,High Risk
7284,28.0,2,129.0,179.0,0,0.14,Low Risk
7285,336.0,2,6029.0,960.0,1,0.995,High Risk
7286,163.0,2,142.0,302.0,1,0.83,High Risk
7287,55.0,2,142.0,343.0,0,0.81,High Risk
7288,315.0,2,72.0,336.0,1,0.7607,High Risk
7289,357.0,2,6093.0,966.0,1,0.98,High Risk
7290,13.0,2,95.0,105.0,0,0.0,Low Risk
7291,94.0,2,85.0,354.0,1,0.765,High Risk
7292,107.0,2,31.0,222.0,1,0.84,High Risk
7293,118.0,2,39.0,179.0,1,0.495,Medium Risk
7294,362.0,2,74.0,365.0,1,0.5777,Medium Risk
7295,72.0,2,78.0,261.0,0,0.69,Medium Risk
7296,261.0,2,144.0,282.0,1,0.735,High Risk
7297,346.0,2,6117.0,963.0,1,0.94,High Risk
7298,336.0,2,6119.0,948.0,1,0.93,High Risk
7299,154.0,2,24.0,193.0,1,0.84,High Risk
7300,180.0,2,32.0,187.0,1,0.81,High Risk
7301,167.0,2,65.0,288.0,1,0.67,Medium Risk
7302,365.0,2,6056.0,965.0,1,0.985,High Risk
7303,357.0,2,6029.0,948.0,1,1.0,High Risk
7304,343.0,2,6030.0,956.0,1,0.995,High Risk
7305,27.0,2,26.0,282.0,0,0.065,Low Risk
7306,111.0,2,161.0,203.0,1,0.835,High Risk
7307,189.0,2,88.0,227.0,1,0.76,High Risk
7308,355.0,2,6021.0,961.0,1,0.83,High Risk
7309,359.0,2,6037.0,963.0,1,0.965,High Risk
7310,364.0,2,6090.0,971.0,1,0.99,High Risk
7311,230.0,1,21.0,230.0,1,1.0,High Risk
7312,44.0,1,14.0,44.0,0,0.0,Low Risk
7313,301.0,1,15.0,301.0,1,1.0,High Risk
7314,59.0,1,7.0,59.0,0,0.0,Low Risk
7315,209.0,3,115.0,313.0,1,0.5112,Medium Risk
7316,215.0,1,7.0,215.0,1,1.0,High Risk
7317,95.0,1,7.0,95.0,1,1.0,High Risk
7318,9.0,3,84.0,68.0,0,0.025,Low Risk
7319,119.0,1,1760.0,119.0,1,1.0,High Risk
7320,279.0,1,60.0,279.0,1,1.0,High Risk
7321,29.0,3,222.0,140.0,0,0.085,Low Risk
7322,307.0,1,13.0,307.0,1,1.0,High Risk
7323,39.0,3,148.0,298.0,0,0.04,Low Risk
7324,193.0,1,40.0,193.0,1,1.0,High Risk
7325,41.0,1,1736.0,41.0,0,0.0,Low Risk
7326,253.0,2,109.0,333.0,1,0.5588,Medium Risk
7327,19.0,2,98.0,125.0,0,0.045,Low Risk
7328,306.0,1,14.0,306.0,1,1.0,High Risk
7329,111.0,1,7.0,111.0,1,1.0,High Risk
7330,96.0,3,146.0,363.0,1,0.625,Medium Risk
7331,23.0,2,89.0,320.0,0,0.445,Medium Risk
7332,71.0,2,4752.0,944.0,0,0.055,Low Risk
7333,67.0,2,4752.0,945.0,0,0.005,Low Risk
7334,35.0,1,27.0,35.0,0,0.0,Low Risk
7335,91.0,2,4698.0,967.0,1,0.705,High Risk
7336,69.0,2,6035.0,968.0,0,0.15,Low Risk
7337,40.0,2,6144.0,958.0,0,0.81,High Risk
7338,56.0,2,6021.0,970.0,0,0.15,Low Risk
7339,47.0,2,6124.0,969.0,0,0.105,Low Risk
7340,107.0,1,14.0,107.0,1,1.0,High Risk
7341,81.0,1,40.0,81.0,0,0.0,Low Risk
7342,16.0,1,68.0,16.0,0,0.0,Low Risk
7343,247.0,1,40.0,247.0,1,1.0,High Risk
7344,165.0,1,40.0,165.0,1,1.0,High Risk
7345,101.0,1,1760.0,101.0,1,1.0,High Risk
7346,89.0,2,116.0,93.0,0,0.025,Low Risk
7347,342.0,1,14.0,342.0,1,0.99,High Risk
7348,194.0,1,40.0,194.0,1,1.0,High Risk
7349,337.0,1,29.0,337.0,1,1.0,High Risk
7350,309.0,1,40.0,309.0,1,1.0,High Risk
7351,100.0,1,1736.0,100.0,1,1.0,High Risk
7352,66.0,1,2320.0,66.0,0,0.0,Low Risk
7353,80.0,1,2335.0,80.0,0,0.0,Low Risk
7354,82.0,1,2317.0,82.0,0,0.0,Low Risk
7355,280.0,1,133.0,280.0,1,1.0,High Risk
7356,38.0,2,151.0,172.0,0,0.115,Low Risk
7357,30.0,2,150.0,75.0,0,0.0,Low Risk
7358,89.0,1,2310.0,89.0,0,0.005,Low Risk
7359,293.0,1,40.0,293.0,1,1.0,High Risk
7360,17.0,1,69.0,17.0,0,0.0,Low Risk
7361,121.0,1,1751.0,121.0,1,1.0,High Risk
7362,113.0,1,1751.0,113.0,1,1.0,High Risk
7363,59.0,1,1725.0,59.0,0,0.0,Low Risk
7364,39.0,1,1701.0,39.0,0,0.0,Low Risk
7365,324.0,1,125.0,324.0,1,1.0,High Risk
7366,239.0,1,40.0,239.0,1,1.0,High Risk
7367,105.0,1,1775.0,105.0,1,1.0,High Risk
7368,12.0,1,21.0,12.0,0,0.0,Low Risk
7369,40.0,1,1755.0,40.0,0,0.0,Low Risk
7370,108.0,1,1726.0,108.0,1,1.0,High Risk
7371,106.0,1,1701.0,106.0,1,1.0,High Risk
7372,110.0,1,1755.0,110.0,1,1.0,High Risk
7373,47.0,1,1760.0,47.0,0,0.0,Low Risk
7374,107.0,1,1764.0,107.0,1,1.0,High Risk
7375,317.0,1,13.0,317.0,1,1.0,High Risk
7376,39.0,1,2345.0,39.0,0,0.0,Low Risk
7377,43.0,1,2370.0,43.0,0,0.0,Low Risk
7378,114.0,1,2395.0,114.0,1,0.995,High Risk
7379,58.0,1,2440.0,58.0,0,0.0,Low Risk
7380,95.0,1,2362.0,95.0,1,0.99,High Risk
7381,207.0,1,13.0,207.0,1,1.0,High Risk
7382,50.0,1,2359.0,50.0,0,0.0,Low Risk
7383,123.0,2,205.0,174.0,1,0.685,Medium Risk
7384,179.0,1,14.0,179.0,1,1.0,High Risk
7385,353.0,1,104.0,353.0,1,1.0,High Risk
7386,14.0,1,5.0,14.0,0,0.0,Low Risk
7387,49.0,1,2310.0,49.0,0,0.0,Low Risk
7388,300.0,1,5.0,300.0,1,1.0,High Risk
7389,40.0,1,2337.0,40.0,0,0.0,Low Risk
7390,110.0,1,2401.0,110.0,1,1.0,High Risk
7391,87.0,2,142.0,236.0,0,0.08,Low Risk
7392,298.0,2,101.0,315.0,1,0.935,High Risk
7393,101.0,1,2343.0,101.0,1,0.995,High Risk
7394,57.0,1,2295.0,57.0,0,0.0,Low Risk
7395,43.0,1,2297.0,43.0,0,0.0,Low Risk
7396,53.0,1,2375.0,53.0,0,0.0,Low Risk
7397,137.0,1,29.0,137.0,1,1.0,High Risk
7398,82.0,1,5.0,82.0,0,0.0,Low Risk
7399,49.0,1,2351.0,49.0,0,0.0,Low Risk
7400,56.0,1,2335.0,56.0,0,0.0,Low Risk
7401,31.0,1,2410.0,31.0,0,0.0,Low Risk
7402,93.0,1,2295.0,93.0,1,0.995,High Risk
7403,152.0,1,5.0,152.0,1,1.0,High Risk
7404,33.0,1,2319.0,33.0,0,0.0,Low Risk
7405,137.0,1,5.0,137.0,1,1.0,High Risk
7406,190.0,1,5.0,190.0,1,1.0,High Risk
7407,35.0,1,2355.0,35.0,0,0.0,Low Risk
7408,105.0,2,63.0,297.0,1,0.87,High Risk
7409,83.0,1,13.0,83.0,0,0.0,Low Risk
7410,121.0,1,1728.0,121.0,1,1.0,High Risk
7411,120.0,1,59.0,120.0,1,1.0,High Risk
7412,190.0,2,57.0,223.0,1,0.87,High Risk
7413,39.0,1,2320.0,39.0,0,0.0,Low Risk
7414,35.0,1,2396.0,35.0,0,0.0,Low Risk
7415,113.0,1,1760.0,113.0,1,1.0,High Risk
7416,36.0,1,2455.0,36.0,0,0.0,Low Risk
7417,55.0,1,2370.0,55.0,0,0.0,Low Risk
7418,178.0,1,40.0,178.0,1,1.0,High Risk
7419,31.0,1,2322.0,31.0,0,0.0,Low Risk
7420,12.0,1,40.0,12.0,0,0.0,Low Risk
7421,52.0,1,2415.0,52.0,0,0.0,Low Risk
7422,94.0,1,5.0,94.0,1,1.0,High Risk
7423,51.0,1,2352.0,51.0,0,0.0,Low Risk
7424,309.0,1,5.0,309.0,1,1.0,High Risk
7425,326.0,1,5.0,326.0,1,1.0,High Risk
7426,139.0,1,5.0,139.0,1,1.0,High Risk
7427,34.0,1,2362.0,34.0,0,0.0,Low Risk
7428,48.0,1,2334.0,48.0,0,0.0,Low Risk
7429,51.0,1,2332.0,51.0,0,0.0,Low Risk
7430,50.0,1,2342.0,50.0,0,0.0,Low Risk
7431,98.0,1,1775.0,98.0,1,0.995,High Risk
7432,100.0,1,1755.0,100.0,1,1.0,High Risk
7433,52.0,1,2351.0,52.0,0,0.0,Low Risk
7434,108.0,1,2330.0,108.0,1,0.995,High Risk
7435,32.0,1,5.0,32.0,0,0.0,Low Risk
7436,52.0,1,2377.0,52.0,0,0.0,Low Risk
7437,46.0,1,2295.0,46.0,0,0.0,Low Risk
7438,56.0,1,2360.0,56.0,0,0.0,Low Risk
7439,97.0,1,1710.0,97.0,1,1.0,High Risk
7440,118.0,1,1701.0,118.0,1,1.0,High Risk
7441,106.0,1,1775.0,106.0,1,1.0,High Risk
7442,47.0,1,2381.0,47.0,0,0.0,Low Risk
7443,44.0,1,2312.0,44.0,0,0.0,Low Risk
7444,42.0,1,60.0,42.0,0,0.0,Low Risk
7445,30.0,1,25.0,30.0,0,0.0,Low Risk
7446,231.0,1,21.0,231.0,1,1.0,High Risk
7447,128.0,1,21.0,128.0,1,1.0,High Risk
7448,256.0,1,21.0,256.0,1,1.0,High Risk
7449,107.0,1,1736.0,107.0,1,1.0,High Risk
7450,208.0,2,101.0,344.0,1,0.91,High Risk
7451,91.0,1,25.0,91.0,1,1.0,High Risk
7452,68.0,1,75.0,68.0,0,0.0,Low Risk
7453,80.0,2,4752.0,973.0,0,0.005,Low Risk
7454,85.0,1,5.0,85.0,0,0.0,Low Risk
7455,364.0,1,69.0,364.0,1,1.0,High Risk
7456,73.0,1,64.0,73.0,0,0.0,Low Risk
7457,85.0,1,13.0,85.0,0,0.0,Low Risk
7458,52.0,2,4826.0,966.0,0,0.07,Low Risk
7459,46.0,2,4733.0,953.0,0,0.025,Low Risk
7460,241.0,1,589.0,241.0,1,1.0,High Risk
7461,54.0,1,2342.0,54.0,0,0.0,Low Risk
7462,52.0,2,4747.0,959.0,0,0.005,Low Risk
7463,47.0,2,4752.0,951.0,0,0.0,Low Risk
7464,57.0,2,4725.0,959.0,0,0.04,Low Risk
7465,42.0,2,4698.0,949.0,0,0.09,Low Risk
7466,41.0,2,4752.0,969.0,0,0.02,Low Risk
7467,19.0,2,98.0,78.0,0,0.0,Low Risk
7468,393.0,2,5279.0,966.0,1,0.955,High Risk
7469,390.0,2,5333.0,959.0,1,0.975,High Risk
7470,348.0,2,6021.0,951.0,1,0.97,High Risk
7471,363.0,2,6021.0,963.0,1,0.83,High Risk
7472,194.0,1,540.0,194.0,1,1.0,High Risk
7473,24.0,1,79.0,24.0,0,0.0,Low Risk
7474,175.0,1,127.0,175.0,1,1.0,High Risk
7475,118.0,1,40.0,118.0,1,0.995,High Risk
7476,208.0,1,617.0,208.0,1,1.0,High Risk
7477,208.0,1,617.0,208.0,1,1.0,High Risk
7478,339.0,1,14.0,339.0,1,1.0,High Risk
7479,52.0,1,2381.0,52.0,0,0.0,Low Risk
7480,41.0,1,2352.0,41.0,0,0.0,Low Risk
7481,41.0,1,2330.0,41.0,0,0.0,Low Risk
7482,55.0,1,2319.0,55.0,0,0.0,Low Risk
7483,358.0,2,6030.0,952.0,1,0.995,High Risk
7484,349.0,2,6056.0,946.0,1,0.995,High Risk
7485,357.0,2,6093.0,966.0,1,0.98,High Risk
7486,336.0,2,6063.0,948.0,1,0.975,High Risk
7487,331.0,2,6021.0,971.0,1,0.735,High Risk
7488,315.0,2,6021.0,966.0,1,0.68,Medium Risk
7489,330.0,2,6056.0,971.0,1,0.97,High Risk
7490,332.0,2,6080.0,958.0,1,0.995,High Risk
7491,308.0,2,6029.0,955.0,1,0.995,High Risk
7492,305.0,2,6056.0,959.0,1,0.99,High Risk
7493,178.0,2,218.0,211.0,1,0.58,Medium Risk
7494,315.0,2,6029.0,957.0,1,0.995,High Risk
7495,324.0,2,6037.0,945.0,1,0.99,High Risk
7496,316.0,2,6021.0,966.0,1,0.68,Medium Risk
7497,316.0,2,6122.0,963.0,1,0.875,High Risk
7498,49.0,1,2330.0,49.0,0,0.0,Low Risk
7499,142.0,1,55.0,142.0,1,1.0,High Risk
7500,10.0,1,5.0,10.0,0,0.0,Low Risk
7501,48.0,1,40.0,48.0,0,0.0,Low Risk
7502,118.0,1,1751.0,118.0,1,1.0,High Risk
7503,116.0,1,1760.0,116.0,1,1.0,High Risk
7504,3.0,1,124.0,3.0,0,0.0,Low Risk
7505,203.0,1,129.0,203.0,1,1.0,High Risk
7506,7.0,1,14.0,7.0,0,0.0,Low Risk
7507,117.0,2,102.0,218.0,1,0.715,High Risk
7508,25.0,1,104.0,25.0,0,0.0,Low Risk
7509,46.0,1,2360.0,46.0,0,0.0,Low Risk
7510,252.0,1,60.0,252.0,1,1.0,High Risk
7511,272.0,1,5.0,272.0,1,1.0,High Risk
7512,44.0,1,2466.0,44.0,0,0.0,Low Risk
7513,53.0,1,2350.0,53.0,0,0.0,Low Risk
7514,54.0,1,2342.0,54.0,0,0.0,Low Risk
7515,52.0,1,2390.0,52.0,0,0.0,Low Risk
7516,44.0,1,2397.0,44.0,0,0.0,Low Risk
7517,33.0,1,2405.0,33.0,0,0.0,Low Risk
7518,134.0,1,79.0,134.0,1,1.0,High Risk
7519,37.0,1,2380.0,37.0,0,0.0,Low Risk
7520,52.0,1,2362.0,52.0,0,0.0,Low Risk
7521,287.0,1,79.0,287.0,1,1.0,High Risk
7522,316.0,1,120.0,316.0,1,1.0,High Risk
7523,310.0,1,70.0,310.0,1,1.0,High Risk
7524,177.0,2,161.0,317.0,1,0.76,High Risk
7525,57.0,2,196.0,162.0,0,0.0,Low Risk
7526,53.0,1,1736.0,53.0,0,0.0,Low Risk
7527,35.0,1,2318.0,35.0,0,0.0,Low Risk
7528,60.0,1,2320.0,60.0,0,0.0,Low Risk
7529,54.0,1,2382.0,54.0,0,0.0,Low Risk
7530,0.0,1,40.0,0.0,0,0.0,Low Risk
7531,344.0,1,114.0,344.0,1,0.995,High Risk
7532,141.0,1,5.0,141.0,1,1.0,High Risk
7533,43.0,1,2345.0,43.0,0,0.0,Low Risk
7534,36.0,1,2406.0,36.0,0,0.0,Low Risk
7535,331.0,1,55.0,331.0,1,1.0,High Risk
7536,3.0,2,52.0,26.0,0,0.0,Low Risk
7537,81.0,1,55.0,81.0,0,0.0,Low Risk
7538,53.0,1,2295.0,53.0,0,0.0,Low Risk
7539,36.0,1,2320.0,36.0,0,0.0,Low Risk
7540,33.0,1,2357.0,33.0,0,0.0,Low Risk
7541,34.0,1,2401.0,34.0,0,0.0,Low Risk
7542,116.0,2,94.0,301.0,1,0.975,High Risk
7543,204.0,1,124.0,204.0,1,1.0,High Risk
7544,111.0,1,1736.0,111.0,1,1.0,High Risk
7545,392.0,1,1155.0,392.0,1,1.0,High Risk
7546,115.0,1,1726.0,115.0,1,1.0,High Risk
7547,290.0,1,29.0,290.0,1,1.0,High Risk
7548,35.0,1,2352.0,35.0,0,0.0,Low Risk
7549,114.0,1,1755.0,114.0,1,1.0,High Risk
7550,342.0,1,1169.0,342.0,1,1.0,High Risk
7551,53.0,1,64.0,53.0,0,0.0,Low Risk
7552,121.0,1,1710.0,121.0,1,1.0,High Risk
7553,317.0,1,5.0,317.0,1,1.0,High Risk
7554,115.0,1,1701.0,115.0,1,1.0,High Risk
7555,300.0,2,156.0,317.0,1,0.76,High Risk
7556,20.0,1,5.0,20.0,0,0.0,Low Risk
7557,92.0,1,1701.0,92.0,1,1.0,High Risk
7558,351.0,1,1179.0,351.0,1,1.0,High Risk
7559,103.0,1,1751.0,103.0,1,1.0,High Risk
7560,100.0,1,1736.0,100.0,1,1.0,High Risk
7561,54.0,1,2367.0,54.0,0,0.0,Low Risk
7562,32.0,1,2390.0,32.0,0,0.0,Low Risk
7563,110.0,1,1732.0,110.0,1,1.0,High Risk
7564,64.0,1,1751.0,64.0,0,0.0,Low Risk
7565,91.0,1,1715.0,91.0,1,0.995,High Risk
7566,67.0,1,1789.0,67.0,0,0.0,Low Risk
7567,44.0,1,2379.0,44.0,0,0.0,Low Risk
7568,73.0,1,1701.0,73.0,0,0.0,Low Risk
7569,73.0,1,1732.0,73.0,0,0.0,Low Risk
7570,356.0,1,5.0,356.0,1,1.0,High Risk
7571,325.0,1,1174.0,325.0,1,1.0,High Risk
7572,315.0,1,1120.0,315.0,1,1.0,High Risk
7573,261.0,1,14.0,261.0,1,1.0,High Risk
7574,214.0,2,83.0,247.0,1,0.92,High Risk
7575,305.0,1,40.0,305.0,1,1.0,High Risk
7576,105.0,1,79.0,105.0,1,1.0,High Risk
7577,73.0,1,79.0,73.0,0,0.0,Low Risk
7578,329.0,1,70.0,329.0,1,1.0,High Risk
7579,49.0,1,2352.0,49.0,0,0.0,Low Risk
7580,92.0,1,70.0,92.0,1,1.0,High Risk
7581,290.0,1,1170.0,290.0,1,1.0,High Risk
7582,47.0,1,2352.0,47.0,0,0.0,Low Risk
7583,42.0,1,2319.0,42.0,0,0.0,Low Risk
7584,354.0,1,120.0,354.0,1,1.0,High Risk
7585,326.0,1,124.0,326.0,1,1.0,High Risk
7586,93.0,1,79.0,93.0,1,1.0,High Risk
7587,33.0,1,2322.0,33.0,0,0.0,Low Risk
7588,103.0,1,70.0,103.0,1,1.0,High Risk
7589,117.0,1,120.0,117.0,1,1.0,High Risk
7590,74.0,1,1769.0,74.0,0,0.0,Low Risk
7591,251.0,1,120.0,251.0,1,1.0,High Risk
7592,328.0,1,120.0,328.0,1,1.0,High Risk
7593,60.0,1,2295.0,60.0,0,0.0,Low Risk
7594,330.0,1,70.0,330.0,1,1.0,High Risk
7595,43.0,1,2326.0,43.0,0,0.0,Low Risk
7596,94.0,1,2330.0,94.0,1,0.995,High Risk
7597,72.0,1,1775.0,72.0,0,0.0,Low Risk
7598,73.0,1,1760.0,73.0,0,0.0,Low Risk
7599,73.0,1,1701.0,73.0,0,0.0,Low Risk
7600,263.0,1,79.0,263.0,1,1.0,High Risk
7601,198.0,2,52.0,242.0,1,0.745,High Risk
7602,316.0,1,70.0,316.0,1,1.0,High Risk
7603,293.0,1,120.0,293.0,1,1.0,High Risk
7604,299.0,1,1205.0,299.0,1,1.0,High Risk
7605,42.0,2,59.0,354.0,0,0.08,Low Risk
7606,86.0,1,1736.0,86.0,0,0.0,Low Risk
7607,78.0,1,1751.0,78.0,0,0.0,Low Risk
7608,63.0,1,1751.0,63.0,0,0.0,Low Risk
7609,64.0,1,1715.0,64.0,0,0.0,Low Risk
7610,74.0,1,1786.0,74.0,0,0.0,Low Risk
7611,33.0,1,2297.0,33.0,0,0.0,Low Risk
7612,54.0,1,2392.0,54.0,0,0.0,Low Risk
7613,161.0,1,120.0,161.0,1,0.995,High Risk
7614,43.0,1,2342.0,43.0,0,0.0,Low Risk
7615,39.0,1,2320.0,39.0,0,0.0,Low Risk
7616,46.0,1,2335.0,46.0,0,0.0,Low Risk
7617,63.0,1,1730.0,63.0,0,0.0,Low Risk
7618,291.0,1,1147.0,291.0,1,1.0,High Risk
7619,7.0,1,32.0,7.0,0,0.0,Low Risk
7620,199.0,1,39.0,199.0,1,1.0,High Risk
7621,44.0,2,3001.0,428.0,0,0.03,Low Risk
7622,325.0,2,3033.0,439.0,1,0.68,Medium Risk
7623,65.0,1,65.0,65.0,0,0.0,Low Risk
7624,171.0,1,37.0,171.0,1,1.0,High Risk
7625,333.0,1,30.0,333.0,1,1.0,High Risk
7626,101.0,2,2754.0,441.0,1,0.105,Low Risk
7627,89.0,3,4644.0,584.0,0,0.055,Low Risk
7628,214.0,2,3027.0,428.0,1,0.655,Medium Risk
7629,240.0,1,129.0,240.0,1,1.0,High Risk
7630,161.0,1,25.0,161.0,1,1.0,High Risk
7631,43.0,1,49.0,43.0,0,0.0,Low Risk
7632,55.0,1,25.0,55.0,0,0.0,Low Risk
7633,342.0,1,32.0,342.0,1,1.0,High Risk
7634,105.0,2,2794.0,434.0,1,0.685,Medium Risk
7635,93.0,2,2427.0,810.0,1,0.67,Medium Risk
7636,348.0,1,163.0,348.0,1,1.0,High Risk
7637,153.0,1,59.0,153.0,1,1.0,High Risk
7638,94.0,2,122.0,304.0,1,0.815,High Risk
7639,67.0,1,1760.0,67.0,0,0.0,Low Risk
7640,63.0,1,1701.0,63.0,0,0.0,Low Risk
7641,326.0,1,40.0,326.0,1,1.0,High Risk
7642,297.0,1,1120.0,297.0,1,1.0,High Risk
7643,23.0,2,216.0,244.0,0,0.315,Low Risk
7644,48.0,1,2320.0,48.0,0,0.0,Low Risk
7645,203.0,2,136.0,348.0,1,0.41,Medium Risk
7646,82.0,1,1701.0,82.0,0,0.0,Low Risk
7647,73.0,1,1736.0,73.0,0,0.0,Low Risk
7648,206.0,1,599.0,206.0,1,1.0,High Risk
7649,164.0,1,557.0,164.0,1,1.0,High Risk
7650,162.0,1,604.0,162.0,1,1.0,High Risk
7651,156.0,1,561.0,156.0,1,1.0,High Risk
7652,170.0,1,608.0,170.0,1,1.0,High Risk
7653,213.0,1,14.0,213.0,1,1.0,High Risk
7654,145.0,1,554.0,145.0,1,1.0,High Risk
7655,78.0,1,1776.0,78.0,0,0.0,Low Risk
7656,61.0,1,1736.0,61.0,0,0.0,Low Risk
7657,146.0,1,564.0,146.0,1,1.0,High Risk
7658,293.0,1,5.0,293.0,1,1.0,High Risk
7659,186.0,1,59.0,186.0,1,1.0,High Risk
7660,262.0,1,79.0,262.0,1,1.0,High Risk
7661,73.0,1,70.0,73.0,0,0.0,Low Risk
7662,113.0,1,5.0,113.0,1,1.0,High Risk
7663,80.0,1,40.0,80.0,0,0.0,Low Risk
7664,188.0,1,14.0,188.0,1,1.0,High Risk
7665,360.0,1,14.0,360.0,1,1.0,High Risk
7666,180.0,1,68.0,180.0,1,1.0,High Risk
7667,215.0,1,59.0,215.0,1,1.0,High Risk
7668,118.0,1,13.0,118.0,1,1.0,High Risk
7669,4.0,1,5.0,4.0,0,0.0,Low Risk
7670,173.0,1,70.0,173.0,1,1.0,High Risk
7671,79.0,1,1724.0,79.0,0,0.0,Low Risk
7672,326.0,1,70.0,326.0,1,1.0,High Risk
7673,159.0,1,129.0,159.0,1,1.0,High Risk
7674,202.0,1,129.0,202.0,1,1.0,High Risk
7675,2.0,2,146.0,246.0,0,0.055,Low Risk
7676,289.0,1,129.0,289.0,1,1.0,High Risk
7677,268.0,1,120.0,268.0,1,1.0,High Risk
7678,264.0,2,61.0,359.0,1,0.7883,High Risk
7679,227.0,1,79.0,227.0,1,1.0,High Risk
7680,69.0,1,1701.0,69.0,0,0.0,Low Risk
7681,86.0,1,1736.0,86.0,0,0.0,Low Risk
7682,310.0,1,70.0,310.0,1,1.0,High Risk
7683,124.0,1,70.0,124.0,1,1.0,High Risk
7684,235.0,1,79.0,235.0,1,1.0,High Risk
7685,76.0,1,1755.0,76.0,0,0.0,Low Risk
7686,45.0,2,125.0,192.0,0,0.09,Low Risk
7687,177.0,2,92.0,306.0,1,0.975,High Risk
7688,353.0,1,94.0,353.0,1,1.0,High Risk
7689,165.0,1,79.0,165.0,1,1.0,High Risk
7690,234.0,1,79.0,234.0,1,1.0,High Risk
7691,103.0,1,120.0,103.0,1,1.0,High Risk
7692,313.0,2,6070.0,945.0,1,0.995,High Risk
7693,334.0,2,6035.0,950.0,1,0.915,High Risk
7694,316.0,2,6021.0,966.0,1,0.68,Medium Risk
7695,331.0,2,6035.0,971.0,1,0.825,High Risk
7696,309.0,2,6029.0,972.0,1,0.94,High Risk
7697,328.0,2,6149.0,961.0,1,0.805,High Risk
7698,390.0,2,5279.0,955.0,1,0.995,High Risk
7699,374.0,2,5314.0,949.0,1,0.915,High Risk
7700,362.0,2,5308.0,951.0,1,0.96,High Risk
7701,359.0,2,5328.0,965.0,1,0.985,High Risk
7702,354.0,2,5357.0,955.0,1,0.995,High Risk
7703,337.0,2,5333.0,944.0,1,0.895,High Risk
7704,305.0,2,5314.0,963.0,1,0.995,High Risk
7705,154.0,2,33.0,315.0,1,0.91,High Risk
7706,187.0,2,59.0,249.0,1,0.605,Medium Risk
7707,312.0,2,6060.0,927.0,1,1.0,High Risk
7708,135.0,2,123.0,342.0,1,0.901,High Risk
7709,325.0,2,6056.0,934.0,1,1.0,High Risk
7710,310.0,2,6098.0,914.0,1,1.0,High Risk
7711,317.0,2,6098.0,936.0,1,1.0,High Risk
7712,18.0,2,86.0,133.0,0,0.085,Low Risk
7713,153.0,2,24.0,305.0,1,0.5819,Medium Risk
7714,36.0,2,237.0,93.0,0,0.02,Low Risk
7715,216.0,2,24.0,323.0,1,0.635,Medium Risk
7716,54.0,2,124.0,203.0,0,0.1,Low Risk
7717,332.0,2,6021.0,931.0,1,0.96,High Risk
7718,85.0,2,87.0,164.0,0,0.085,Low Risk
7719,314.0,2,6035.0,913.0,1,0.995,High Risk
7720,19.0,2,89.0,297.0,0,0.095,Low Risk
7721,35.0,2,86.0,110.0,0,0.025,Low Risk
7722,306.0,2,5333.0,928.0,1,0.98,High Risk
7723,315.0,2,5333.0,935.0,1,0.995,High Risk
7724,334.0,2,5279.0,919.0,1,1.0,High Risk
7725,329.0,2,6056.0,921.0,1,1.0,High Risk
7726,308.0,2,6044.0,934.0,1,1.0,High Risk
7727,330.0,2,5314.0,933.0,1,0.995,High Risk
7728,37.0,2,86.0,199.0,0,0.09,Low Risk
7729,104.0,2,56.0,160.0,1,0.655,Medium Risk
7730,324.0,2,5333.0,921.0,1,1.0,High Risk
7731,24.0,2,39.0,117.0,0,0.0,Low Risk
7732,314.0,2,6053.0,916.0,1,1.0,High Risk
7733,1.0,1,114.0,1.0,0,0.0,Low Risk
7734,291.0,2,24.0,333.0,1,0.69,Medium Risk
7735,66.0,2,24.0,269.0,0,0.1,Low Risk
7736,333.0,2,6021.0,932.0,1,0.975,High Risk
7737,313.0,2,6035.0,917.0,1,0.995,High Risk
7738,317.0,2,6021.0,916.0,1,0.96,High Risk
7739,312.0,2,6089.0,927.0,1,1.0,High Risk
7740,317.0,2,5372.0,923.0,1,0.96,High Risk
7741,323.0,2,6056.0,935.0,1,1.0,High Risk
7742,72.0,1,60.0,72.0,0,0.0,Low Risk
7743,17.0,2,24.0,215.0,0,0.865,High Risk
7744,91.0,2,67.0,300.0,1,0.855,High Risk
7745,36.0,2,32.0,238.0,0,0.12,Low Risk
7746,50.0,2,78.0,162.0,0,0.03,Low Risk
7747,328.0,2,6134.0,941.0,1,0.665,Medium Risk
7748,317.0,2,6089.0,941.0,1,1.0,High Risk
7749,14.0,1,60.0,14.0,0,0.0,Low Risk
7750,0.0,3,204.0,79.0,0,0.0,Low Risk
7751,121.0,1,5.0,121.0,1,1.0,High Risk
7752,347.0,1,40.0,347.0,1,1.0,High Risk
7753,312.0,1,120.0,312.0,1,0.995,High Risk
7754,203.0,1,124.0,203.0,1,1.0,High Risk
7755,323.0,1,70.0,323.0,1,1.0,High Risk
7756,307.0,2,87.0,308.0,1,0.525,Medium Risk
7757,152.0,2,129.0,181.0,1,0.52,Medium Risk
7758,354.0,1,79.0,354.0,1,1.0,High Risk
7759,247.0,3,158.0,342.0,1,0.505,Medium Risk
7760,0.0,3,302.0,254.0,0,0.05,Low Risk
7761,335.0,1,55.0,335.0,1,1.0,High Risk
7762,158.0,1,14.0,158.0,1,1.0,High Risk
7763,72.0,1,1765.0,72.0,0,0.0,Low Risk
7764,82.0,2,124.0,258.0,0,0.62,Medium Risk
7765,192.0,1,70.0,192.0,1,1.0,High Risk
7766,118.0,1,120.0,118.0,1,1.0,High Risk
7767,42.0,2,4752.0,927.0,0,0.39,Low Risk
7768,283.0,2,5314.0,929.0,1,0.985,High Risk
7769,275.0,2,5314.0,918.0,1,1.0,High Risk
7770,301.0,2,5304.0,925.0,1,0.95,High Risk
7771,159.0,1,94.0,159.0,1,1.0,High Risk
7772,98.0,1,70.0,98.0,1,1.0,High Risk
7773,221.0,1,79.0,221.0,1,1.0,High Risk
7774,254.0,1,79.0,254.0,1,1.0,High Risk
7775,2.0,1,133.0,2.0,0,0.0,Low Risk
7776,360.0,1,70.0,360.0,1,1.0,High Risk
7777,242.0,1,68.0,242.0,1,1.0,High Risk
7778,320.0,1,29.0,320.0,1,1.0,High Risk
7779,128.0,1,40.0,128.0,1,1.0,High Risk
7780,86.0,1,5.0,86.0,0,0.0,Low Risk
7781,85.0,1,1760.0,85.0,0,0.0,Low Risk
7782,33.0,1,2362.0,33.0,0,0.0,Low Risk
7783,41.0,1,2398.0,41.0,0,0.0,Low Risk
7784,33.0,1,2362.0,33.0,0,0.0,Low Risk
7785,105.0,1,129.0,105.0,1,1.0,High Risk
7786,61.0,1,2351.0,61.0,0,0.0,Low Risk
7787,300.0,1,120.0,300.0,1,1.0,High Risk
7788,133.0,1,79.0,133.0,1,1.0,High Risk
7789,68.0,1,2352.0,68.0,0,0.0,Low Risk
7790,38.0,1,2295.0,38.0,0,0.0,Low Risk
7791,71.0,1,1728.0,71.0,0,0.0,Low Risk
7792,38.0,1,70.0,38.0,0,0.0,Low Risk
7793,65.0,1,1775.0,65.0,0,0.0,Low Risk
7794,65.0,1,30.0,65.0,0,0.0,Low Risk
7795,87.0,1,1736.0,87.0,0,0.0,Low Risk
7796,265.0,1,1198.0,265.0,1,1.0,High Risk
7797,111.0,1,23.0,111.0,1,1.0,High Risk
7798,7.0,1,79.0,7.0,0,0.0,Low Risk
7799,89.0,1,1728.0,89.0,0,0.0,Low Risk
7800,299.0,1,120.0,299.0,1,1.0,High Risk
7801,83.0,1,1755.0,83.0,0,0.0,Low Risk
7802,90.0,1,1800.0,90.0,0,0.0,Low Risk
7803,63.0,1,1794.0,63.0,0,0.0,Low Risk
7804,53.0,1,1751.0,53.0,0,0.0,Low Risk
7805,43.0,1,1810.0,43.0,0,0.0,Low Risk
7806,1.0,1,134.0,1.0,0,0.0,Low Risk
7807,59.0,1,1786.0,59.0,0,0.0,Low Risk
7808,307.0,1,120.0,307.0,1,1.0,High Risk
7809,42.0,1,2412.0,42.0,0,0.0,Low Risk
7810,302.0,1,120.0,302.0,1,1.0,High Risk
7811,80.0,1,134.0,80.0,0,0.0,Low Risk
7812,310.0,2,101.0,340.0,1,0.93,High Risk
7813,28.0,2,186.0,333.0,0,0.12,Low Risk
7814,8.0,1,129.0,8.0,0,0.0,Low Risk
7815,202.0,1,70.0,202.0,1,1.0,High Risk
7816,130.0,1,70.0,130.0,1,1.0,High Risk
7817,334.0,1,148.0,334.0,1,1.0,High Risk
7818,35.0,1,2357.0,35.0,0,0.0,Low Risk
7819,39.0,1,2319.0,39.0,0,0.0,Low Risk
7820,54.0,1,2345.0,54.0,0,0.0,Low Risk
7821,204.0,1,79.0,204.0,1,1.0,High Risk
7822,83.0,2,92.0,228.0,0,0.055,Low Risk
7823,171.0,1,120.0,171.0,1,1.0,High Risk
7824,236.0,1,94.0,236.0,1,1.0,High Risk
7825,60.0,1,2395.0,60.0,0,0.0,Low Risk
7826,141.0,1,79.0,141.0,1,1.0,High Risk
7827,72.0,2,166.0,321.0,0,0.735,High Risk
7828,32.0,1,2330.0,32.0,0,0.0,Low Risk
7829,135.0,1,120.0,135.0,1,1.0,High Risk
7830,56.0,1,2355.0,56.0,0,0.0,Low Risk
7831,72.0,1,120.0,72.0,0,0.0,Low Risk
7832,33.0,1,2419.0,33.0,0,0.0,Low Risk
7833,47.0,1,2335.0,47.0,0,0.0,Low Risk
7834,50.0,1,79.0,50.0,0,0.0,Low Risk
7835,31.0,1,120.0,31.0,0,0.0,Low Risk
7836,364.0,1,79.0,364.0,1,1.0,High Risk
7837,307.0,1,129.0,307.0,1,1.0,High Risk
7838,237.0,1,94.0,237.0,1,1.0,High Risk
7839,42.0,1,2377.0,42.0,0,0.0,Low Risk
7840,79.0,1,2385.0,79.0,0,0.0,Low Risk
7841,60.0,1,2295.0,60.0,0,0.0,Low Risk
7842,271.0,1,1145.0,271.0,1,1.0,High Risk
7843,263.0,1,1155.0,263.0,1,1.0,High Risk
7844,69.0,1,70.0,69.0,0,0.0,Low Risk
7845,221.0,1,124.0,221.0,1,1.0,High Risk
7846,281.0,1,70.0,281.0,1,1.0,High Risk
7847,25.0,1,133.0,25.0,0,0.0,Low Risk
7848,162.0,1,70.0,162.0,1,1.0,High Risk
7849,46.0,1,2496.0,46.0,0,0.0,Low Risk
7850,56.0,1,2367.0,56.0,0,0.0,Low Risk
7851,54.0,1,2376.0,54.0,0,0.0,Low Risk
7852,47.0,1,70.0,47.0,0,0.0,Low Risk
7853,143.0,2,268.0,173.0,1,0.735,High Risk
7854,277.0,1,70.0,277.0,1,1.0,High Risk
7855,40.0,1,1755.0,40.0,0,0.0,Low Risk
7856,254.0,1,1155.0,254.0,1,1.0,High Risk
7857,36.0,1,1736.0,36.0,0,0.0,Low Risk
7858,39.0,1,1736.0,39.0,0,0.0,Low Risk
7859,40.0,1,1810.0,40.0,0,0.0,Low Risk
7860,224.0,1,1155.0,224.0,1,1.0,High Risk
7861,53.0,1,2395.0,53.0,0,0.0,Low Risk
7862,110.0,1,134.0,110.0,1,1.0,High Risk
7863,55.0,1,2354.0,55.0,0,0.0,Low Risk
7864,39.0,1,2415.0,39.0,0,0.0,Low Risk
7865,54.0,1,2332.0,54.0,0,0.0,Low Risk
7866,47.0,1,1779.0,47.0,0,0.0,Low Risk
7867,47.0,1,1701.0,47.0,0,0.0,Low Risk
7868,56.0,1,1751.0,56.0,0,0.0,Low Risk
7869,60.0,1,1760.0,60.0,0,0.0,Low Risk
7870,59.0,1,1736.0,59.0,0,0.0,Low Risk
7871,7.0,1,70.0,7.0,0,0.0,Low Risk
7872,343.0,2,87.0,358.0,1,0.885,High Risk
7873,100.0,1,79.0,100.0,1,1.0,High Risk
7874,170.0,1,129.0,170.0,1,1.0,High Risk
7875,178.0,1,70.0,178.0,1,1.0,High Risk
7876,138.0,2,115.0,147.0,1,0.495,Medium Risk
7877,44.0,1,2330.0,44.0,0,0.0,Low Risk
7878,265.0,1,70.0,265.0,1,1.0,High Risk
7879,58.0,1,2391.0,58.0,0,0.0,Low Risk
7880,84.0,1,70.0,84.0,0,0.0,Low Risk
7881,106.0,1,70.0,106.0,1,1.0,High Risk
7882,36.0,1,2360.0,36.0,0,0.0,Low Risk
7883,63.0,1,2322.0,63.0,0,0.0,Low Risk
7884,90.0,2,87.0,322.0,0,0.145,Low Risk
7885,100.0,2,134.0,165.0,1,0.61,Medium Risk
7886,353.0,1,110.0,353.0,1,0.995,High Risk
7887,124.0,1,70.0,124.0,1,1.0,High Risk
7888,32.0,1,134.0,32.0,0,0.0,Low Risk
7889,279.0,1,124.0,279.0,1,1.0,High Risk
7890,361.0,1,79.0,361.0,1,1.0,High Risk
7891,195.0,1,79.0,195.0,1,1.0,High Risk
7892,28.0,1,120.0,28.0,0,0.0,Low Risk
7893,74.0,1,70.0,74.0,0,0.0,Low Risk
7894,318.0,1,70.0,318.0,1,1.0,High Risk
7895,45.0,1,2317.0,45.0,0,0.0,Low Risk
7896,336.0,1,27.0,336.0,1,1.0,High Risk
7897,284.0,1,75.0,284.0,1,1.0,High Risk
7898,149.0,1,37.0,149.0,1,1.0,High Risk
7899,326.0,1,75.0,326.0,1,1.0,High Risk
7900,378.0,2,4118.0,940.0,1,0.875,High Risk
7901,372.0,2,4132.0,929.0,1,0.98,High Risk
7902,227.0,1,35.0,227.0,1,1.0,High Risk
7903,370.0,2,4186.0,923.0,1,0.84,High Risk
7904,382.0,2,4143.0,926.0,1,0.995,High Risk
7905,133.0,1,608.0,133.0,1,1.0,High Risk
7906,39.0,1,2416.0,39.0,0,0.0,Low Risk
7907,395.0,2,4217.0,940.0,1,0.78,High Risk
7908,378.0,2,4167.0,922.0,1,1.0,High Risk
7909,323.0,2,6090.0,917.0,1,1.0,High Risk
7910,305.0,2,6035.0,940.0,1,0.975,High Risk
7911,78.0,1,60.0,78.0,0,0.0,Low Risk
7912,67.0,1,64.0,67.0,0,0.0,Low Risk
7913,235.0,1,70.0,235.0,1,1.0,High Risk
7914,115.0,1,79.0,115.0,1,1.0,High Risk
7915,47.0,1,1726.0,47.0,0,0.0,Low Risk
7916,179.0,1,94.0,179.0,1,1.0,High Risk
7917,146.0,1,659.0,146.0,1,0.995,High Risk
7918,130.0,1,608.0,130.0,1,1.0,High Risk
7919,163.0,1,79.0,163.0,1,1.0,High Risk
7920,316.0,2,301.0,320.0,1,0.895,High Risk
7921,10.0,1,129.0,10.0,0,0.0,Low Risk
7922,183.0,1,94.0,183.0,1,0.995,High Risk
7923,61.0,1,2327.0,61.0,0,0.0,Low Risk
7924,307.0,1,804.0,307.0,1,1.0,High Risk
7925,237.0,1,839.0,237.0,1,1.0,High Risk
7926,130.0,2,82.0,256.0,1,0.545,Medium Risk
7927,2.0,2,244.0,351.0,0,0.1,Low Risk
7928,164.0,2,89.0,205.0,1,0.685,Medium Risk
7929,279.0,2,6094.0,914.0,1,1.0,High Risk
7930,288.0,2,6029.0,923.0,1,0.99,High Risk
7931,281.0,2,6035.0,919.0,1,0.995,High Risk
7932,287.0,2,6060.0,924.0,1,1.0,High Risk
7933,258.0,2,59.0,310.0,1,0.76,High Risk
7934,172.0,1,60.0,172.0,1,1.0,High Risk
7935,132.0,1,124.0,132.0,1,1.0,High Risk
7936,361.0,1,70.0,361.0,1,1.0,High Risk
7937,239.0,1,839.0,239.0,1,1.0,High Risk
7938,58.0,1,70.0,58.0,0,0.0,Low Risk
7939,102.0,1,70.0,102.0,1,1.0,High Risk
7940,6.0,1,70.0,6.0,0,0.0,Low Risk
7941,82.0,1,79.0,82.0,0,0.0,Low Risk
7942,34.0,1,124.0,34.0,0,0.0,Low Risk
7943,197.0,1,889.0,197.0,1,1.0,High Risk
7944,154.0,1,903.0,154.0,1,1.0,High Risk
7945,40.0,2,147.0,207.0,0,0.06,Low Risk
7946,31.0,1,79.0,31.0,0,0.0,Low Risk
7947,169.0,1,70.0,169.0,1,1.0,High Risk
7948,181.0,1,804.0,181.0,1,1.0,High Risk
7949,161.0,1,806.0,161.0,1,1.0,High Risk
7950,162.0,1,801.0,162.0,1,1.0,High Risk
7951,83.0,1,2352.0,83.0,0,0.0,Low Risk
7952,62.0,1,2335.0,62.0,0,0.0,Low Risk
7953,15.0,1,79.0,15.0,0,0.0,Low Risk
7954,135.0,1,777.0,135.0,1,1.0,High Risk
7955,68.0,1,893.0,68.0,0,0.0,Low Risk
7956,60.0,1,1755.0,60.0,0,0.0,Low Risk
7957,38.0,1,848.0,38.0,0,0.0,Low Risk
7958,369.0,1,589.0,369.0,1,1.0,High Risk
7959,388.0,1,565.0,388.0,1,1.0,High Risk
7960,86.0,1,2341.0,86.0,0,0.0,Low Risk
7961,362.0,1,619.0,362.0,1,0.995,High Risk
7962,73.0,1,2370.0,73.0,0,0.0,Low Risk
7963,359.0,1,567.0,359.0,1,1.0,High Risk
7964,343.0,1,590.0,343.0,1,1.0,High Risk
7965,283.0,1,70.0,283.0,1,1.0,High Risk
7966,9.0,1,124.0,9.0,0,0.0,Low Risk
7967,326.0,1,79.0,326.0,1,1.0,High Risk
7968,353.0,1,133.0,353.0,1,1.0,High Risk
7969,63.0,2,151.0,93.0,0,0.025,Low Risk
7970,15.0,1,70.0,15.0,0,0.0,Low Risk
7971,72.0,1,134.0,72.0,0,0.0,Low Risk
7972,72.0,1,2352.0,72.0,0,0.0,Low Risk
7973,87.0,1,2370.0,87.0,0,0.0,Low Risk
7974,340.0,1,567.0,340.0,1,1.0,High Risk
7975,337.0,1,586.0,337.0,1,1.0,High Risk
7976,236.0,1,90.0,236.0,1,1.0,High Risk
7977,59.0,1,1751.0,59.0,0,0.0,Low Risk
7978,53.0,1,129.0,53.0,0,0.0,Low Risk
7979,138.0,2,118.0,271.0,1,0.805,High Risk
7980,50.0,1,1750.0,50.0,0,0.0,Low Risk
7981,53.0,1,1751.0,53.0,0,0.0,Low Risk
7982,175.0,1,79.0,175.0,1,1.0,High Risk
7983,57.0,1,1784.0,57.0,0,0.0,Low Risk
7984,225.0,1,94.0,225.0,1,1.0,High Risk
7985,311.0,1,94.0,311.0,1,1.0,High Risk
7986,67.0,1,94.0,67.0,0,0.0,Low Risk
7987,352.0,1,57.0,352.0,1,1.0,High Risk
7988,363.0,1,120.0,363.0,1,1.0,High Risk
7989,88.0,1,70.0,88.0,0,0.0,Low Risk
7990,151.0,1,134.0,151.0,1,1.0,High Risk
7991,349.0,1,562.0,349.0,1,1.0,High Risk
7992,58.0,1,70.0,58.0,0,0.0,Low Risk
7993,229.0,1,120.0,229.0,1,1.0,High Risk
7994,51.0,1,129.0,51.0,0,0.0,Low Risk
7995,83.0,1,124.0,83.0,0,0.0,Low Risk
7996,96.0,1,120.0,96.0,1,1.0,High Risk
7997,32.0,1,70.0,32.0,0,0.0,Low Risk
7998,150.0,1,70.0,150.0,1,1.0,High Risk
7999,53.0,1,1785.0,53.0,0,0.0,Low Risk
8000,47.0,1,1755.0,47.0,0,0.0,Low Risk
8001,12.0,2,54.0,83.0,0,0.0,Low Risk
8002,177.0,2,92.0,320.0,1,0.865,High Risk
8003,49.0,1,1730.0,49.0,0,0.0,Low Risk
8004,37.0,1,1765.0,37.0,0,0.0,Low Risk
8005,32.0,1,1765.0,32.0,0,0.0,Low Risk
8006,340.0,1,94.0,340.0,1,1.0,High Risk
8007,40.0,1,70.0,40.0,0,0.0,Low Risk
8008,146.0,1,70.0,146.0,1,1.0,High Risk
8009,55.0,1,1760.0,55.0,0,0.0,Low Risk
8010,16.0,1,79.0,16.0,0,0.0,Low Risk
8011,346.0,1,79.0,346.0,1,1.0,High Risk
8012,199.0,1,79.0,199.0,1,1.0,High Risk
8013,170.0,1,120.0,170.0,1,1.0,High Risk
8014,309.0,1,636.0,309.0,1,1.0,High Risk
8015,194.0,2,66.0,256.0,1,0.65,Medium Risk
8016,263.0,2,125.0,316.0,1,0.23,Low Risk
8017,45.0,1,1751.0,45.0,0,0.0,Low Risk
8018,84.0,1,70.0,84.0,0,0.0,Low Risk
8019,208.0,1,134.0,208.0,1,1.0,High Risk
8020,284.0,1,79.0,284.0,1,1.0,High Risk
8021,153.0,1,124.0,153.0,1,1.0,High Risk
8022,316.0,1,615.0,316.0,1,1.0,High Risk
8023,119.0,1,70.0,119.0,1,1.0,High Risk
8024,326.0,1,580.0,326.0,1,1.0,High Risk
8025,309.0,1,700.0,309.0,1,1.0,High Risk
8026,320.0,1,120.0,320.0,1,0.995,High Risk
8027,69.0,2,113.0,330.0,0,0.0325,Low Risk
8028,118.0,2,3029.0,762.0,1,0.995,High Risk
8029,107.0,2,3063.0,773.0,1,0.965,High Risk
8030,140.0,2,3339.0,595.0,1,0.73,High Risk
8031,130.0,2,3310.0,556.0,1,1.0,High Risk
8032,48.0,3,7226.0,406.0,0,0.08,Low Risk
8033,46.0,3,6939.0,419.0,0,0.06,Low Risk
8034,95.0,2,3139.0,780.0,1,0.65,Medium Risk
8035,129.0,2,3322.0,565.0,1,1.0,High Risk
8036,99.0,2,3320.0,549.0,1,1.0,High Risk
8037,110.0,2,4763.0,400.0,1,0.145,Low Risk
8038,116.0,2,4858.0,409.0,1,0.66,Medium Risk
8039,118.0,2,3318.0,534.0,1,0.995,High Risk
8040,196.0,1,7.0,196.0,1,1.0,High Risk
8041,120.0,2,3310.0,544.0,1,0.955,High Risk
8042,110.0,2,3089.0,771.0,1,0.915,High Risk
8043,159.0,1,65.0,159.0,1,1.0,High Risk
8044,8.0,1,25.0,8.0,0,0.0,Low Risk
8045,79.0,1,30.0,79.0,0,0.0,Low Risk
8046,246.0,1,49.0,246.0,1,1.0,High Risk
8047,103.0,2,3320.0,499.0,1,0.95,High Risk
8048,298.0,1,72.0,298.0,1,1.0,High Risk
8049,71.0,2,4765.0,415.0,0,0.08,Low Risk
8050,88.0,2,4838.0,400.0,0,0.55,Medium Risk
8051,115.0,1,57.0,115.0,1,1.0,High Risk
8052,99.0,2,3105.0,774.0,1,0.72,High Risk
8053,93.0,2,3140.0,746.0,1,0.875,High Risk
8054,46.0,1,25.0,46.0,0,0.0,Low Risk
8055,50.0,1,22.0,50.0,0,0.0,Low Risk
8056,49.0,1,46.0,49.0,0,0.0,Low Risk
8057,344.0,1,38.0,344.0,1,1.0,High Risk
8058,114.0,2,3322.0,515.0,1,1.0,High Risk
8059,71.0,2,4525.0,397.0,0,0.015,Low Risk
8060,14.0,1,86.0,14.0,0,0.0,Low Risk
8061,321.0,1,30.0,321.0,1,1.0,High Risk
8062,172.0,1,65.0,172.0,1,1.0,High Risk
8063,186.0,1,80.0,186.0,1,1.0,High Risk
8064,10.0,1,65.0,10.0,0,0.0,Low Risk
8065,309.0,1,32.0,309.0,1,1.0,High Risk
8066,118.0,2,3295.0,512.0,1,0.985,High Risk
8067,119.0,1,85.0,119.0,1,1.0,High Risk
8068,116.0,2,3381.0,508.0,1,1.0,High Risk
8069,176.0,1,65.0,176.0,1,1.0,High Risk
8070,106.0,2,3113.0,749.0,1,0.865,High Risk
8071,73.0,2,4748.0,409.0,0,0.065,Low Risk
8072,270.0,1,116.0,270.0,1,1.0,High Risk
8073,0.0,1,49.0,0.0,0,0.0,Low Risk
8074,62.0,2,4760.0,406.0,0,0.045,Low Risk
8075,127.0,1,30.0,127.0,1,1.0,High Risk
8076,276.0,1,65.0,276.0,1,0.995,High Risk
8077,107.0,2,3178.0,707.0,1,0.84,High Risk
8078,228.0,1,40.0,228.0,1,1.0,High Risk
8079,312.0,1,32.0,312.0,1,1.0,High Risk
8080,172.0,1,25.0,172.0,1,1.0,High Risk
8081,355.0,1,30.0,355.0,1,1.0,High Risk
8082,83.0,1,32.0,83.0,0,0.0,Low Risk
8083,208.0,1,40.0,208.0,1,1.0,High Risk
8084,292.0,2,6021.0,927.0,1,0.91,High Risk
8085,297.0,2,6093.0,932.0,1,1.0,High Risk
8086,171.0,2,78.0,215.0,1,0.695,Medium Risk
8087,5.0,2,78.0,338.0,0,0.03,Low Risk
8088,356.0,2,47.0,362.0,1,0.885,High Risk
8089,84.0,2,24.0,362.0,0,0.14,Low Risk
8090,280.0,2,6093.0,929.0,1,0.995,High Risk
8091,75.0,2,59.0,342.0,0,0.055,Low Risk
8092,27.0,2,24.0,223.0,0,0.855,High Risk
8093,73.0,2,78.0,128.0,0,0.175,Low Risk
8094,303.0,2,6035.0,931.0,1,0.99,High Risk
8095,300.0,2,6021.0,922.0,1,0.95,High Risk
8096,294.0,2,6056.0,890.0,1,1.0,High Risk
8097,278.0,2,6090.0,910.0,1,1.0,High Risk
8098,129.0,2,24.0,220.0,1,0.85,High Risk
8099,47.0,2,122.0,201.0,0,0.49,Medium Risk
8100,285.0,2,6038.0,889.0,1,0.995,High Risk
8101,33.0,2,79.0,190.0,0,0.035,Low Risk
8102,109.0,2,104.0,194.0,1,0.71,High Risk
8103,275.0,2,6029.0,897.0,1,0.975,High Risk
8104,154.0,2,64.0,331.0,1,0.6845,Medium Risk
8105,8.0,2,100.0,188.0,0,0.04,Low Risk
8106,277.0,2,6056.0,897.0,1,0.99,High Risk
8107,261.0,2,65.0,328.0,1,0.6575,Medium Risk
8108,263.0,1,70.0,263.0,1,1.0,High Risk
8109,51.0,1,1701.0,51.0,0,0.0,Low Risk
8110,44.0,1,1728.0,44.0,0,0.0,Low Risk
8111,332.0,1,605.0,332.0,1,1.0,High Risk
8112,297.0,1,610.0,297.0,1,1.0,High Risk
8113,32.0,1,1765.0,32.0,0,0.0,Low Risk
8114,220.0,1,1184.0,220.0,1,1.0,High Risk
8115,35.0,1,1736.0,35.0,0,0.0,Low Risk
8116,83.0,1,148.0,83.0,0,0.005,Low Risk
8117,240.0,1,1183.0,240.0,1,1.0,High Risk
8118,41.0,1,1751.0,41.0,0,0.0,Low Risk
8119,237.0,1,1120.0,237.0,1,1.0,High Risk
8120,45.0,1,1765.0,45.0,0,0.0,Low Risk
8121,47.0,1,1730.0,47.0,0,0.0,Low Risk
8122,300.0,1,657.0,300.0,1,0.995,High Risk
8123,300.0,1,589.0,300.0,1,1.0,High Risk
8124,213.0,1,1170.0,213.0,1,1.0,High Risk
8125,35.0,1,1755.0,35.0,0,0.0,Low Risk
8126,58.0,1,1736.0,58.0,0,0.0,Low Risk
8127,124.0,1,70.0,124.0,1,1.0,High Risk
8128,286.0,1,580.0,286.0,1,1.0,High Risk
8129,290.0,1,643.0,290.0,1,1.0,High Risk
8130,300.0,1,639.0,300.0,1,1.0,High Risk
8131,269.0,1,665.0,269.0,1,1.0,High Risk
8132,47.0,1,1725.0,47.0,0,0.0,Low Risk
8133,39.0,1,70.0,39.0,0,0.0,Low Risk
8134,48.0,1,1701.0,48.0,0,0.0,Low Risk
8135,157.0,1,70.0,157.0,1,1.0,High Risk
8136,297.0,1,70.0,297.0,1,1.0,High Risk
8137,270.0,1,79.0,270.0,1,1.0,High Risk
8138,47.0,1,1736.0,47.0,0,0.0,Low Risk
8139,59.0,1,70.0,59.0,0,0.0,Low Risk
8140,252.0,1,70.0,252.0,1,1.0,High Risk
8141,263.0,1,565.0,263.0,1,1.0,High Risk
8142,271.0,1,580.0,271.0,1,1.0,High Risk
8143,256.0,1,619.0,256.0,1,1.0,High Risk
8144,252.0,1,605.0,252.0,1,1.0,High Risk
8145,252.0,1,615.0,252.0,1,1.0,High Risk
8146,130.0,1,134.0,130.0,1,1.0,High Risk
8147,34.0,1,1765.0,34.0,0,0.0,Low Risk
8148,119.0,2,133.0,237.0,1,0.525,Medium Risk
8149,45.0,1,1751.0,45.0,0,0.0,Low Risk
8150,204.0,1,124.0,204.0,1,1.0,High Risk
8151,21.0,2,66.0,126.0,0,0.03,Low Risk
8152,122.0,1,70.0,122.0,1,1.0,High Risk
8153,296.0,1,79.0,296.0,1,1.0,High Risk
8154,240.0,1,70.0,240.0,1,1.0,High Risk
8155,38.0,1,70.0,38.0,0,0.0,Low Risk
8156,268.0,1,79.0,268.0,1,1.0,High Risk
8157,51.0,1,1728.0,51.0,0,0.0,Low Risk
8158,33.0,1,1701.0,33.0,0,0.0,Low Risk
8159,47.0,1,1736.0,47.0,0,0.0,Low Risk
8160,380.0,1,1120.0,380.0,1,1.0,High Risk
8161,374.0,1,1183.0,374.0,1,1.0,High Risk
8162,272.0,1,585.0,272.0,1,1.0,High Risk
8163,273.0,1,564.0,273.0,1,1.0,High Risk
8164,249.0,1,540.0,249.0,1,1.0,High Risk
8165,256.0,1,630.0,256.0,1,0.995,High Risk
8166,244.0,1,634.0,244.0,1,1.0,High Risk
8167,137.0,1,70.0,137.0,1,1.0,High Risk
8168,392.0,1,1120.0,392.0,1,1.0,High Risk
8169,359.0,1,120.0,359.0,1,1.0,High Risk
8170,368.0,1,1170.0,368.0,1,1.0,High Risk
8171,377.0,1,1151.0,377.0,1,1.0,High Risk
8172,382.0,1,1174.0,382.0,1,1.0,High Risk
8173,236.0,2,1609.0,757.0,1,0.965,High Risk
8174,191.0,2,1594.0,735.0,1,0.785,High Risk
8175,68.0,2,2484.0,678.0,0,0.06,Low Risk
8176,195.0,1,25.0,195.0,1,1.0,High Risk
8177,62.0,1,64.0,62.0,0,0.0,Low Risk
8178,342.0,1,39.0,342.0,1,1.0,High Risk
8179,283.0,1,25.0,283.0,1,1.0,High Risk
8180,83.0,1,13.0,83.0,0,0.0,Low Risk
8181,115.0,1,40.0,115.0,1,1.0,High Risk
8182,72.0,2,2519.0,693.0,0,0.055,Low Risk
8183,313.0,1,40.0,313.0,1,1.0,High Risk
8184,143.0,1,49.0,143.0,1,1.0,High Risk
8185,295.0,1,25.0,295.0,1,1.0,High Risk
8186,347.0,1,59.0,347.0,1,1.0,High Risk
8187,92.0,2,1562.0,738.0,1,0.95,High Risk
8188,105.0,1,147.0,105.0,1,1.0,High Risk
8189,69.0,2,2732.0,497.0,0,0.7,High Risk
8190,248.0,1,29.0,248.0,1,1.0,High Risk
8191,143.0,1,27.0,143.0,1,1.0,High Risk
8192,234.0,1,75.0,234.0,1,1.0,High Risk
8193,129.0,2,1682.0,705.0,1,0.09,Low Risk
8194,107.0,2,1609.0,710.0,1,0.605,Medium Risk
8195,228.0,2,1589.0,681.0,1,0.515,Medium Risk
8196,94.0,2,1637.0,713.0,1,0.61,Medium Risk
8197,80.0,3,4657.0,500.0,0,0.07,Low Risk
8198,74.0,3,4609.0,472.0,0,0.02,Low Risk
8199,377.0,1,1155.0,377.0,1,1.0,High Risk
8200,369.0,1,1134.0,369.0,1,1.0,High Risk
8201,30.0,2,109.0,84.0,0,0.0,Low Risk
8202,366.0,1,1120.0,366.0,1,1.0,High Risk
8203,378.0,1,1170.0,378.0,1,1.0,High Risk
8204,132.0,1,540.0,132.0,1,1.0,High Risk
8205,105.0,1,540.0,105.0,1,1.0,High Risk
8206,45.0,1,1250.0,45.0,0,0.0,Low Risk
8207,111.0,1,554.0,111.0,1,1.0,High Risk
8208,256.0,1,791.0,256.0,1,1.0,High Risk
8209,203.0,1,99.0,203.0,1,1.0,High Risk
8210,96.0,1,575.0,96.0,1,1.0,High Risk
8211,42.0,1,5.0,42.0,0,0.0,Low Risk
8212,369.0,1,1120.0,369.0,1,1.0,High Risk
8213,381.0,1,1174.0,381.0,1,1.0,High Risk
8214,374.0,1,1155.0,374.0,1,1.0,High Risk
8215,326.0,1,5.0,326.0,1,1.0,High Risk
8216,94.0,1,124.0,94.0,1,1.0,High Risk
8217,274.0,1,55.0,274.0,1,1.0,High Risk
8218,61.0,3,185.0,338.0,0,0.055,Low Risk
8219,323.0,1,133.0,323.0,1,1.0,High Risk
8220,281.0,1,79.0,281.0,1,1.0,High Risk
8221,15.0,3,97.0,337.0,0,0.065,Low Risk
8222,71.0,1,60.0,71.0,0,0.0,Low Risk
8223,47.0,1,55.0,47.0,0,0.0,Low Risk
8224,28.0,3,84.0,316.0,0,0.155,Low Risk
8225,88.0,3,352.0,250.0,0,0.01,Low Risk
8226,393.0,1,1219.0,393.0,1,1.0,High Risk
8227,5.0,1,120.0,5.0,0,0.0,Low Risk
8228,321.0,1,70.0,321.0,1,1.0,High Risk
8229,130.0,1,124.0,130.0,1,1.0,High Risk
8230,93.0,1,124.0,93.0,1,1.0,High Risk
8231,38.0,1,79.0,38.0,0,0.0,Low Risk
8232,214.0,1,70.0,214.0,1,1.0,High Risk
8233,89.0,2,61.0,245.0,0,0.135,Low Risk
8234,294.0,1,70.0,294.0,1,1.0,High Risk
8235,48.0,1,120.0,48.0,0,0.0,Low Risk
8236,106.0,1,120.0,106.0,1,1.0,High Risk
8237,40.0,1,120.0,40.0,0,0.0,Low Risk
8238,58.0,1,70.0,58.0,0,0.0,Low Risk
8239,260.0,1,70.0,260.0,1,1.0,High Risk
8240,39.0,1,79.0,39.0,0,0.0,Low Risk
8241,372.0,1,1155.0,372.0,1,1.0,High Risk
8242,347.0,1,148.0,347.0,1,1.0,High Risk
8243,275.0,1,70.0,275.0,1,1.0,High Risk
8244,238.0,1,70.0,238.0,1,1.0,High Risk
8245,271.0,1,134.0,271.0,1,1.0,High Risk
8246,206.0,1,120.0,206.0,1,1.0,High Risk
8247,202.0,1,70.0,202.0,1,1.0,High Risk
8248,349.0,1,25.0,349.0,1,1.0,High Risk
8249,181.0,1,147.0,181.0,1,1.0,High Risk
8250,152.0,1,64.0,152.0,1,1.0,High Risk
8251,178.0,1,31.0,178.0,1,1.0,High Risk
8252,175.0,1,27.0,175.0,1,1.0,High Risk
8253,304.0,1,95.0,304.0,1,0.995,High Risk
8254,100.0,2,1540.0,716.0,1,0.78,High Risk
8255,65.0,2,2701.0,475.0,0,0.085,Low Risk
8256,78.0,2,2484.0,699.0,0,0.045,Low Risk
8257,73.0,2,2519.0,686.0,0,0.095,Low Risk
8258,91.0,2,2739.0,458.0,1,0.75,High Risk
8259,81.0,2,1574.0,706.0,0,0.015,Low Risk
8260,280.0,1,29.0,280.0,1,1.0,High Risk
8261,71.0,2,1592.0,711.0,0,0.01,Low Risk
8262,139.0,1,83.0,139.0,1,0.995,High Risk
8263,350.0,1,25.0,350.0,1,1.0,High Risk
8264,73.0,2,1587.0,689.0,0,0.05,Low Risk
8265,367.0,2,4132.0,901.0,1,0.955,High Risk
8266,64.0,1,42.0,64.0,0,0.0,Low Risk
8267,248.0,1,42.0,248.0,1,1.0,High Risk
8268,44.0,1,42.0,44.0,0,0.0,Low Risk
8269,13.0,1,40.0,13.0,0,0.0,Low Risk
8270,369.0,2,4118.0,908.0,1,0.975,High Risk
8271,385.0,2,4127.0,908.0,1,0.97,High Risk
8272,373.0,2,4153.0,909.0,1,0.99,High Risk
8273,213.0,1,14.0,213.0,1,1.0,High Risk
8274,183.0,1,40.0,183.0,1,1.0,High Risk
8275,70.0,2,2701.0,483.0,0,0.095,Low Risk
8276,308.0,1,14.0,308.0,1,1.0,High Risk
8277,33.0,2,2548.0,647.0,0,0.855,High Risk
8278,352.0,1,40.0,352.0,1,1.0,High Risk
8279,86.0,2,1575.0,691.0,0,0.015,Low Risk
8280,146.0,1,64.0,146.0,1,1.0,High Risk
8281,47.0,2,2538.0,628.0,0,0.745,High Risk
8282,150.0,1,68.0,150.0,1,1.0,High Risk
8283,46.0,2,2521.0,612.0,0,0.05,Low Risk
8284,67.0,2,2764.0,462.0,0,0.14,Low Risk
8285,91.0,2,2736.0,463.0,1,0.95,High Risk
8286,72.0,2,2751.0,450.0,0,0.12,Low Risk
8287,78.0,2,2755.0,441.0,0,0.095,Low Risk
8288,34.0,2,2509.0,612.0,0,0.055,Low Risk
8289,85.0,2,2736.0,427.0,0,0.035,Low Risk
8290,82.0,2,2765.0,428.0,0,0.025,Low Risk
8291,62.0,2,1605.0,671.0,0,0.09,Low Risk
8292,324.0,1,29.0,324.0,1,1.0,High Risk
8293,42.0,2,2519.0,621.0,0,0.72,High Risk
8294,55.0,2,2534.0,584.0,0,0.06,Low Risk
8295,50.0,2,2820.0,445.0,0,0.075,Low Risk
8296,52.0,2,2484.0,596.0,0,0.065,Low Risk
8297,36.0,2,2548.0,593.0,0,0.525,Medium Risk
8298,35.0,2,2543.0,606.0,0,0.57,Medium Risk
8299,82.0,3,4535.0,427.0,0,0.035,Low Risk
8300,109.0,2,1587.0,691.0,1,0.51,Medium Risk
8301,140.0,1,37.0,140.0,1,1.0,High Risk
8302,43.0,2,1590.0,697.0,0,0.105,Low Risk
8303,50.0,2,1577.0,651.0,0,0.145,Low Risk
8304,17.0,1,40.0,17.0,0,0.0,Low Risk
8305,14.0,1,84.0,14.0,0,0.0,Low Risk
8306,47.0,2,1622.0,650.0,0,0.015,Low Risk
8307,199.0,1,29.0,199.0,1,1.0,High Risk
8308,93.0,1,149.0,93.0,1,1.0,High Risk
8309,46.0,2,1549.0,655.0,0,0.07,Low Risk
8310,43.0,2,2519.0,604.0,0,0.465,Medium Risk
8311,237.0,2,1611.0,607.0,1,0.615,Medium Risk
8312,61.0,3,4640.0,455.0,0,0.02,Low Risk
8313,84.0,2,1564.0,633.0,0,0.04,Low Risk
8314,38.0,2,2533.0,580.0,0,0.04,Low Risk
8315,38.0,2,2730.0,455.0,0,0.775,High Risk
8316,57.0,2,2538.0,595.0,0,0.33,Low Risk
8317,60.0,2,2701.0,405.0,0,0.16,Low Risk
8318,287.0,1,5.0,287.0,1,1.0,High Risk
8319,47.0,2,2538.0,576.0,0,0.11,Low Risk
8320,37.0,2,2562.0,548.0,0,0.175,Low Risk
8321,388.0,2,1981.0,568.0,1,0.715,High Risk
8322,58.0,2,2736.0,426.0,0,0.025,Low Risk
8323,50.0,2,1565.0,627.0,0,0.0,Low Risk
8324,184.0,2,1584.0,539.0,1,0.57,Medium Risk
8325,201.0,2,1602.0,535.0,1,0.615,Medium Risk
8326,75.0,3,4245.0,1077.0,0,0.025,Low Risk
8327,369.0,2,1903.0,525.0,1,0.995,High Risk
8328,353.0,1,5.0,353.0,1,1.0,High Risk
8329,289.0,1,27.0,289.0,1,1.0,High Risk
8330,60.0,2,2459.0,1067.0,0,0.15,Low Risk
8331,149.0,1,31.0,149.0,1,1.0,High Risk
8332,31.0,1,29.0,31.0,0,0.0,Low Risk
8333,321.0,1,83.0,321.0,1,1.0,High Risk
8334,62.0,1,35.0,62.0,0,0.0,Low Risk
8335,322.0,1,64.0,322.0,1,1.0,High Risk
8336,387.0,2,1957.0,538.0,1,0.775,High Risk
8337,348.0,2,1957.0,519.0,1,0.62,Medium Risk
8338,44.0,2,1575.0,597.0,0,0.0,Low Risk
8339,165.0,2,1583.0,521.0,1,0.595,Medium Risk
8340,75.0,3,4316.0,1037.0,0,0.085,Low Risk
8341,51.0,3,4314.0,1006.0,0,0.0,Low Risk
8342,390.0,2,3498.0,584.0,1,0.965,High Risk
8343,267.0,1,31.0,267.0,1,1.0,High Risk
8344,337.0,2,1952.0,543.0,1,0.885,High Risk
8345,365.0,1,186.0,365.0,1,1.0,High Risk
8346,303.0,1,70.0,303.0,1,1.0,High Risk
8347,360.0,1,21.0,360.0,1,1.0,High Risk
8348,17.0,1,27.0,17.0,0,0.0,Low Risk
8349,335.0,1,21.0,335.0,1,1.0,High Risk
8350,142.0,1,70.0,142.0,1,1.0,High Risk
8351,283.0,1,23.0,283.0,1,1.0,High Risk
8352,281.0,1,5.0,281.0,1,1.0,High Risk
8353,282.0,1,14.0,282.0,1,1.0,High Risk
8354,45.0,2,2400.0,1016.0,0,0.15,Low Risk
8355,59.0,1,37.0,59.0,0,0.0,Low Risk
8356,156.0,1,25.0,156.0,1,1.0,High Risk
8357,32.0,1,79.0,32.0,0,0.0,Low Risk
8358,52.0,2,2478.0,994.0,0,0.055,Low Risk
8359,140.0,1,14.0,140.0,1,1.0,High Risk
8360,386.0,2,3478.0,580.0,1,0.95,High Risk
8361,392.0,2,3511.0,589.0,1,0.92,High Risk
8362,368.0,2,3478.0,606.0,1,0.98,High Risk
8363,374.0,2,3443.0,599.0,1,0.89,High Risk
8364,257.0,1,5.0,257.0,1,1.0,High Risk
8365,58.0,3,4313.0,997.0,0,0.01,Low Risk
8366,38.0,3,4322.0,952.0,0,0.05,Low Risk
8367,137.0,2,1617.0,517.0,1,0.68,Medium Risk
8368,37.0,1,59.0,37.0,0,0.0,Low Risk
8369,75.0,1,32.0,75.0,0,0.0,Low Risk
8370,303.0,1,64.0,303.0,1,1.0,High Risk
8371,158.0,1,5.0,158.0,1,1.0,High Risk
8372,89.0,1,32.0,89.0,0,0.0,Low Risk
8373,156.0,1,29.0,156.0,1,1.0,High Risk
8374,207.0,1,90.0,207.0,1,1.0,High Risk
8375,113.0,1,29.0,113.0,1,1.0,High Risk
8376,287.0,1,121.0,287.0,1,1.0,High Risk
8377,67.0,1,29.0,67.0,0,0.0,Low Risk
8378,8.0,1,116.0,8.0,0,0.0,Low Risk
8379,36.0,1,25.0,36.0,0,0.0,Low Risk
8380,103.0,1,103.0,103.0,1,1.0,High Risk
8381,345.0,2,1934.0,518.0,1,0.85,High Risk
8382,348.0,2,1953.0,495.0,1,0.44,Medium Risk
8383,373.0,2,3443.0,561.0,1,1.0,High Risk
8384,328.0,1,120.0,328.0,1,1.0,High Risk
8385,38.0,1,32.0,38.0,0,0.0,Low Risk
8386,58.0,1,117.0,58.0,0,0.0,Low Risk
8387,324.0,2,1938.0,508.0,1,0.13,Low Risk
8388,40.0,2,2464.0,946.0,0,0.11,Low Risk
8389,286.0,1,45.0,286.0,1,1.0,High Risk
8390,252.0,1,138.0,252.0,1,1.0,High Risk
8391,179.0,1,5.0,179.0,1,1.0,High Risk
8392,126.0,1,43.0,126.0,1,1.0,High Risk
8393,346.0,1,27.0,346.0,1,1.0,High Risk
8394,386.0,1,1134.0,386.0,1,1.0,High Risk
8395,230.0,1,1155.0,230.0,1,1.0,High Risk
8396,338.0,1,1155.0,338.0,1,1.0,High Risk
8397,335.0,1,1169.0,335.0,1,1.0,High Risk
8398,143.0,1,79.0,143.0,1,1.0,High Risk
8399,80.0,1,70.0,80.0,0,0.0,Low Risk
8400,231.0,2,151.0,271.0,1,0.675,Medium Risk
8401,226.0,1,1179.0,226.0,1,1.0,High Risk
8402,340.0,1,1170.0,340.0,1,1.0,High Risk
8403,352.0,1,1254.0,352.0,1,1.0,High Risk
8404,363.0,1,1155.0,363.0,1,0.995,High Risk
8405,34.0,1,5.0,34.0,0,0.0,Low Risk
8406,353.0,1,1170.0,353.0,1,1.0,High Risk
8407,336.0,1,1188.0,336.0,1,1.0,High Risk
8408,340.0,1,1155.0,340.0,1,1.0,High Risk
8409,342.0,1,1129.0,342.0,1,0.995,High Risk
8410,354.0,1,1183.0,354.0,1,1.0,High Risk
8411,337.0,1,1120.0,337.0,1,1.0,High Risk
8412,20.0,2,70.0,66.0,0,0.015,Low Risk
8413,254.0,1,619.0,254.0,1,1.0,High Risk
8414,365.0,1,1145.0,365.0,1,0.99,High Risk
8415,241.0,1,1145.0,241.0,1,1.0,High Risk
8416,35.0,2,2435.0,959.0,0,0.13,Low Risk
8417,383.0,2,3476.0,576.0,1,0.985,High Risk
8418,389.0,2,1854.0,966.0,1,0.975,High Risk
8419,390.0,2,3476.0,565.0,1,1.0,High Risk
8420,114.0,2,1602.0,493.0,1,0.545,Medium Risk
8421,53.0,3,4315.0,915.0,0,0.0,Low Risk
8422,323.0,2,1930.0,474.0,1,0.99,High Risk
8423,369.0,2,1819.0,913.0,1,0.955,High Risk
8424,322.0,2,1938.0,468.0,1,0.975,High Risk
8425,373.0,2,3511.0,570.0,1,1.0,High Risk
8426,234.0,1,31.0,234.0,1,1.0,High Risk
8427,293.0,2,1938.0,463.0,1,0.905,High Risk
8428,229.0,2,1967.0,487.0,1,0.695,Medium Risk
8429,384.0,2,1878.0,938.0,1,0.965,High Risk
8430,337.0,2,1854.0,887.0,1,0.99,High Risk
8431,67.0,1,64.0,67.0,0,0.0,Low Risk
8432,128.0,1,5.0,128.0,1,1.0,High Risk
8433,347.0,2,1869.0,910.0,1,0.99,High Risk
8434,377.0,2,3478.0,534.0,1,1.0,High Risk
8435,217.0,2,1934.0,469.0,1,0.94,High Risk
8436,366.0,2,3457.0,544.0,1,0.975,High Risk
8437,239.0,2,1942.0,468.0,1,0.99,High Risk
8438,383.0,2,3480.0,533.0,1,0.985,High Risk
8439,57.0,3,4338.0,869.0,0,0.005,Low Risk
8440,57.0,3,4350.0,834.0,0,0.0,Low Risk
8441,341.0,2,3492.0,518.0,1,1.0,High Risk
8442,89.0,2,1567.0,465.0,0,0.03,Low Risk
8443,63.0,2,1602.0,484.0,0,0.125,Low Risk
8444,356.0,2,1863.0,841.0,1,0.99,High Risk
8445,108.0,1,59.0,108.0,1,1.0,High Risk
8446,93.0,1,64.0,93.0,1,1.0,High Risk
8447,47.0,2,1560.0,469.0,0,0.07,Low Risk
8448,57.0,2,1587.0,467.0,0,0.025,Low Risk
8449,347.0,2,3544.0,497.0,1,0.97,High Risk
8450,215.0,1,45.0,215.0,1,1.0,High Risk
8451,341.0,2,1887.0,839.0,1,0.96,High Risk
8452,350.0,2,1869.0,825.0,1,0.945,High Risk
8453,39.0,2,1611.0,437.0,0,0.125,Low Risk
8454,45.0,3,4268.0,823.0,0,0.055,Low Risk
8455,33.0,3,4364.0,829.0,0,0.005,Low Risk
8456,353.0,2,3478.0,507.0,1,1.0,High Risk
8457,39.0,1,37.0,39.0,0,0.0,Low Risk
8458,46.0,1,93.0,46.0,0,0.0,Low Risk
8459,229.0,2,1957.0,431.0,1,0.11,Low Risk
8460,348.0,2,3478.0,462.0,1,0.95,High Risk
8461,326.0,1,29.0,326.0,1,1.0,High Risk
8462,142.0,1,25.0,142.0,1,1.0,High Risk
8463,324.0,1,29.0,324.0,1,1.0,High Risk
8464,325.0,1,5.0,325.0,1,1.0,High Risk
8465,103.0,1,59.0,103.0,1,1.0,High Risk
8466,254.0,1,5.0,254.0,1,1.0,High Risk
8467,253.0,1,64.0,253.0,1,1.0,High Risk
8468,329.0,2,3485.0,460.0,1,0.985,High Risk
8469,66.0,1,6.0,66.0,0,0.0,Low Risk
8470,20.0,1,39.0,20.0,0,0.0,Low Risk
8471,149.0,1,75.0,149.0,1,1.0,High Risk
8472,322.0,2,3478.0,482.0,1,1.0,High Risk
8473,323.0,2,1854.0,828.0,1,0.97,High Risk
8474,241.0,2,1917.0,453.0,1,0.925,High Risk
8475,52.0,2,1589.0,429.0,0,0.365,Low Risk
8476,376.0,2,1395.0,442.0,1,0.975,High Risk
8477,50.0,3,4347.0,817.0,0,0.04,Low Risk
8478,363.0,2,3533.0,485.0,1,0.995,High Risk
8479,119.0,1,23.0,119.0,1,1.0,High Risk
8480,332.0,2,3443.0,471.0,1,1.0,High Risk
8481,221.0,2,1934.0,446.0,1,0.705,High Risk
8482,146.0,1,4.0,146.0,1,1.0,High Risk
8483,319.0,2,1854.0,799.0,1,0.935,High Risk
8484,155.0,1,34.0,155.0,1,1.0,High Risk
8485,72.0,1,39.0,72.0,0,0.0,Low Risk
8486,50.0,1,6.0,50.0,0,0.0,Low Risk
8487,12.0,1,119.0,12.0,0,0.0,Low Risk
8488,146.0,1,6.0,146.0,1,1.0,High Risk
8489,103.0,1,48.0,103.0,1,1.0,High Risk
8490,152.0,1,39.0,152.0,1,1.0,High Risk
8491,299.0,1,63.0,299.0,1,1.0,High Risk
8492,9.0,1,6.0,9.0,0,0.0,Low Risk
8493,178.0,1,6.0,178.0,1,1.0,High Risk
8494,358.0,2,3515.0,446.0,1,0.85,High Risk
8495,106.0,1,6.0,106.0,1,1.0,High Risk
8496,220.0,1,39.0,220.0,1,1.0,High Risk
8497,313.0,2,1854.0,799.0,1,0.935,High Risk
8498,164.0,1,29.0,164.0,1,1.0,High Risk
8499,214.0,1,31.0,214.0,1,1.0,High Risk
8500,359.0,2,3492.0,445.0,1,0.705,High Risk
8501,311.0,2,3478.0,435.0,1,0.705,High Risk
8502,308.0,2,1819.0,818.0,1,0.61,Medium Risk
8503,326.0,2,3565.0,447.0,1,0.985,High Risk
8504,333.0,2,1392.0,419.0,1,0.78,High Risk
8505,278.0,2,1383.0,405.0,1,0.02,Low Risk
8506,225.0,1,53.0,225.0,1,1.0,High Risk
8507,247.0,2,3480.0,436.0,1,0.74,High Risk
8508,200.0,1,6.0,200.0,1,1.0,High Risk
8509,143.0,1,6.0,143.0,1,1.0,High Risk
8510,87.0,1,44.0,87.0,0,0.0,Low Risk
8511,262.0,2,3451.0,455.0,1,0.99,High Risk
8512,259.0,2,3524.0,428.0,1,0.935,High Risk
8513,293.0,1,86.0,293.0,1,1.0,High Risk
8514,164.0,1,25.0,164.0,1,1.0,High Risk
8515,189.0,1,79.0,189.0,1,1.0,High Risk
8516,306.0,1,6.0,306.0,1,1.0,High Risk
8517,310.0,1,4.0,310.0,1,1.0,High Risk
8518,229.0,2,1938.0,410.0,1,0.755,High Risk
8519,277.0,2,1893.0,774.0,1,0.985,High Risk
8520,240.0,1,39.0,240.0,1,1.0,High Risk
8521,321.0,1,88.0,321.0,1,1.0,High Risk
8522,348.0,1,54.0,348.0,1,1.0,High Risk
8523,257.0,1,64.0,257.0,1,1.0,High Risk
8524,256.0,1,31.0,256.0,1,1.0,High Risk
8525,217.0,1,23.0,217.0,1,1.0,High Risk
8526,25.0,2,80.0,140.0,0,0.08,Low Risk
8527,239.0,1,1179.0,239.0,1,1.0,High Risk
8528,214.0,1,1219.0,214.0,1,1.0,High Risk
8529,172.0,1,79.0,172.0,1,1.0,High Risk
8530,352.0,1,1169.0,352.0,1,1.0,High Risk
8531,337.0,1,1120.0,337.0,1,1.0,High Risk
8532,354.0,1,1179.0,354.0,1,1.0,High Risk
8533,362.0,1,1205.0,362.0,1,0.995,High Risk
8534,345.0,1,1155.0,345.0,1,1.0,High Risk
8535,355.0,1,1179.0,355.0,1,1.0,High Risk
8536,347.0,1,1170.0,347.0,1,1.0,High Risk
8537,224.0,1,1120.0,224.0,1,1.0,High Risk
8538,314.0,1,1155.0,314.0,1,1.0,High Risk
8539,326.0,1,1155.0,326.0,1,1.0,High Risk
8540,322.0,1,1120.0,322.0,1,1.0,High Risk
8541,88.0,1,70.0,88.0,0,0.0,Low Risk
8542,78.0,2,131.0,175.0,0,0.095,Low Risk
8543,232.0,1,580.0,232.0,1,1.0,High Risk
8544,272.0,1,134.0,272.0,1,1.0,High Risk
8545,348.0,1,133.0,348.0,1,1.0,High Risk
8546,325.0,1,1179.0,325.0,1,1.0,High Risk
8547,228.0,1,1174.0,228.0,1,1.0,High Risk
8548,315.0,1,1179.0,315.0,1,1.0,High Risk
8549,322.0,1,1183.0,322.0,1,1.0,High Risk
8550,316.0,1,1183.0,316.0,1,1.0,High Risk
8551,324.0,1,1269.0,324.0,1,1.0,High Risk
8552,123.0,1,70.0,123.0,1,1.0,High Risk
8553,322.0,1,70.0,322.0,1,1.0,High Risk
8554,228.0,1,32.0,228.0,1,1.0,High Risk
8555,126.0,1,87.0,126.0,1,1.0,High Risk
8556,287.0,2,6110.0,901.0,1,0.955,High Risk
8557,289.0,2,6035.0,888.0,1,0.995,High Risk
8558,288.0,2,5358.0,884.0,1,1.0,High Risk
8559,284.0,2,6029.0,896.0,1,0.975,High Risk
8560,297.0,2,6056.0,895.0,1,0.905,High Risk
8561,288.0,2,6117.0,905.0,1,0.975,High Risk
8562,293.0,2,6021.0,901.0,1,0.64,Medium Risk
8563,255.0,2,5314.0,911.0,1,0.935,High Risk
8564,273.0,2,5333.0,889.0,1,1.0,High Risk
8565,247.0,2,5293.0,889.0,1,1.0,High Risk
8566,245.0,2,5308.0,909.0,1,0.945,High Risk
8567,226.0,2,165.0,255.0,1,0.535,Medium Risk
8568,250.0,2,105.0,307.0,1,0.63,Medium Risk
8569,277.0,2,6060.0,911.0,1,1.0,High Risk
8570,71.0,2,112.0,164.0,0,0.06,Low Risk
8571,140.0,2,75.0,351.0,1,0.4308,Medium Risk
8572,113.0,2,91.0,318.0,1,0.855,High Risk
8573,224.0,2,81.0,294.0,1,0.675,Medium Risk
8574,10.0,2,57.0,34.0,0,0.0,Low Risk
8575,262.0,2,96.0,283.0,1,0.65,Medium Risk
8576,83.0,2,59.0,327.0,0,0.02,Low Risk
8577,288.0,2,6058.0,901.0,1,0.995,High Risk
8578,277.0,2,6037.0,888.0,1,0.995,High Risk
8579,53.0,2,91.0,208.0,0,0.015,Low Risk
8580,75.0,2,84.0,96.0,0,0.0,Low Risk
8581,53.0,2,174.0,299.0,0,0.05,Low Risk
8582,14.0,2,109.0,131.0,0,0.15,Low Risk
8583,4.0,2,61.0,75.0,0,0.0,Low Risk
8584,14.0,2,119.0,255.0,0,0.13,Low Risk
8585,299.0,2,116.0,357.0,1,0.935,High Risk
8586,0.0,2,89.0,169.0,0,0.305,Low Risk
8587,301.0,2,6056.0,892.0,1,0.99,High Risk
8588,24.0,2,114.0,289.0,0,0.0,Low Risk
8589,301.0,2,6056.0,905.0,1,1.0,High Risk
8590,144.0,2,95.0,292.0,1,0.79,High Risk
8591,333.0,1,32.0,333.0,1,1.0,High Risk
8592,214.0,2,63.0,279.0,1,0.895,High Risk
8593,260.0,2,5377.0,890.0,1,1.0,High Risk
8594,245.0,2,5306.0,886.0,1,1.0,High Risk
8595,291.0,2,6021.0,904.0,1,0.645,Medium Risk
8596,291.0,2,6094.0,890.0,1,1.0,High Risk
8597,278.0,2,6056.0,907.0,1,1.0,High Risk
8598,29.0,2,59.0,231.0,0,0.68,Medium Risk
8599,225.0,2,5310.0,903.0,1,0.905,High Risk
8600,223.0,2,5279.0,893.0,1,0.985,High Risk
8601,283.0,1,94.0,283.0,1,1.0,High Risk
8602,230.0,2,5314.0,890.0,1,1.0,High Risk
8603,244.0,2,6093.0,888.0,1,1.0,High Risk
8604,20.0,2,59.0,307.0,0,0.15,Low Risk
8605,72.0,2,171.0,304.0,0,0.075,Low Risk
8606,218.0,2,5314.0,893.0,1,0.985,High Risk
8607,311.0,1,84.0,311.0,1,1.0,High Risk
8608,267.0,2,6054.0,906.0,1,1.0,High Risk
8609,181.0,2,68.0,205.0,1,0.69,Medium Risk
8610,252.0,2,6093.0,887.0,1,1.0,High Risk
8611,165.0,2,118.0,273.0,1,0.83,High Risk
8612,245.0,2,6054.0,891.0,1,1.0,High Risk
8613,250.0,2,6029.0,902.0,1,0.99,High Risk
8614,259.0,2,6093.0,911.0,1,1.0,High Risk
8615,264.0,2,6217.0,890.0,1,0.92,High Risk
8616,231.0,2,5279.0,886.0,1,1.0,High Risk
8617,230.0,2,5279.0,886.0,1,1.0,High Risk
8618,37.0,2,61.0,164.0,0,0.04,Low Risk
8619,182.0,2,119.0,205.0,1,0.205,Low Risk
8620,193.0,2,112.0,329.0,1,0.333,Low Risk
8621,233.0,2,5279.0,859.0,1,0.98,High Risk
8622,268.0,2,6021.0,864.0,1,0.99,High Risk
8623,184.0,2,61.0,237.0,1,0.695,Medium Risk
8624,52.0,2,153.0,237.0,0,0.05,Low Risk
8625,12.0,2,112.0,155.0,0,0.015,Low Risk
8626,294.0,2,52.0,304.0,1,0.915,High Risk
8627,190.0,2,39.0,199.0,1,0.68,Medium Risk
8628,277.0,2,41.0,337.0,1,0.775,High Risk
8629,265.0,2,6035.0,881.0,1,1.0,High Risk
8630,179.0,2,109.0,302.0,1,0.875,High Risk
8631,248.0,2,74.0,250.0,1,0.695,Medium Risk
8632,239.0,2,5279.0,859.0,1,0.98,High Risk
8633,341.0,1,57.0,341.0,1,1.0,High Risk
8634,227.0,1,60.0,227.0,1,1.0,High Risk
8635,131.0,1,70.0,131.0,1,1.0,High Risk
8636,63.0,1,94.0,63.0,0,0.0,Low Risk
8637,148.0,1,134.0,148.0,1,1.0,High Risk
8638,158.0,1,79.0,158.0,1,1.0,High Risk
8639,33.0,1,5.0,33.0,0,0.0,Low Risk
8640,348.0,1,64.0,348.0,1,1.0,High Risk
8641,3.0,3,252.0,215.0,0,0.115,Low Risk
8642,290.0,1,69.0,290.0,1,1.0,High Risk
8643,64.0,3,134.0,283.0,0,0.015,Low Risk
8644,345.0,1,124.0,345.0,1,1.0,High Risk
8645,139.0,1,5.0,139.0,1,1.0,High Risk
8646,221.0,2,134.0,299.0,1,0.6967,Medium Risk
8647,39.0,3,198.0,85.0,0,0.0,Low Risk
8648,43.0,3,282.0,263.0,0,0.02,Low Risk
8649,160.0,3,101.0,269.0,1,0.705,High Risk
8650,125.0,1,79.0,125.0,1,1.0,High Risk
8651,44.0,1,42.0,44.0,0,0.0,Low Risk
8652,23.0,1,59.0,23.0,0,0.0,Low Risk
8653,232.0,2,5314.0,856.0,1,0.99,High Risk
8654,237.0,2,5314.0,862.0,1,0.975,High Risk
8655,213.0,1,79.0,213.0,1,1.0,High Risk
8656,256.0,1,129.0,256.0,1,1.0,High Risk
8657,152.0,1,14.0,152.0,1,1.0,High Risk
8658,220.0,1,756.0,220.0,1,1.0,High Risk
8659,226.0,1,540.0,226.0,1,1.0,High Risk
8660,226.0,1,557.0,226.0,1,1.0,High Risk
8661,244.0,1,120.0,244.0,1,1.0,High Risk
8662,78.0,1,2521.0,78.0,0,0.08,Low Risk
8663,187.0,1,76.0,187.0,1,1.0,High Risk
8664,156.0,1,70.0,156.0,1,1.0,High Risk
8665,37.0,1,79.0,37.0,0,0.0,Low Risk
8666,81.0,1,70.0,81.0,0,0.0,Low Risk
8667,111.0,1,35.0,111.0,1,1.0,High Risk
8668,70.0,1,151.0,70.0,0,0.0,Low Risk
8669,41.0,1,120.0,41.0,0,0.0,Low Risk
8670,218.0,1,79.0,218.0,1,1.0,High Risk
8671,321.0,1,1134.0,321.0,1,1.0,High Risk
8672,308.0,1,1170.0,308.0,1,1.0,High Risk
8673,98.0,1,75.0,98.0,1,1.0,High Risk
8674,157.0,1,37.0,157.0,1,1.0,High Risk
8675,119.0,1,42.0,119.0,1,1.0,High Risk
8676,140.0,1,199.0,140.0,1,0.99,High Risk
8677,253.0,1,68.0,253.0,1,1.0,High Risk
8678,284.0,1,59.0,284.0,1,1.0,High Risk
8679,313.0,1,1120.0,313.0,1,1.0,High Risk
8680,324.0,1,1155.0,324.0,1,1.0,High Risk
8681,311.0,1,1170.0,311.0,1,1.0,High Risk
8682,197.0,1,1179.0,197.0,1,1.0,High Risk
8683,320.0,1,1155.0,320.0,1,1.0,High Risk
8684,333.0,1,1143.0,333.0,1,1.0,High Risk
8685,311.0,1,79.0,311.0,1,1.0,High Risk
8686,106.0,1,79.0,106.0,1,1.0,High Risk
8687,168.0,1,70.0,168.0,1,1.0,High Risk
8688,243.0,1,592.0,243.0,1,1.0,High Risk
8689,203.0,1,120.0,203.0,1,1.0,High Risk
8690,227.0,1,681.0,227.0,1,1.0,High Risk
8691,238.0,1,572.0,238.0,1,1.0,High Risk
8692,241.0,1,570.0,241.0,1,1.0,High Risk
8693,240.0,1,94.0,240.0,1,1.0,High Risk
8694,253.0,1,72.0,253.0,1,1.0,High Risk
8695,185.0,1,70.0,185.0,1,1.0,High Risk
8696,355.0,1,94.0,355.0,1,1.0,High Risk
8697,240.0,1,597.0,240.0,1,1.0,High Risk
8698,216.0,1,540.0,216.0,1,1.0,High Risk
8699,224.0,1,726.0,224.0,1,1.0,High Risk
8700,107.0,1,134.0,107.0,1,1.0,High Risk
8701,151.0,1,120.0,151.0,1,1.0,High Risk
8702,312.0,1,1184.0,312.0,1,1.0,High Risk
8703,252.0,1,70.0,252.0,1,1.0,High Risk
8704,344.0,1,70.0,344.0,1,1.0,High Risk
8705,186.0,1,1143.0,186.0,1,1.0,High Risk
8706,84.0,1,2342.0,84.0,0,0.0,Low Risk
8707,216.0,1,618.0,216.0,1,1.0,High Risk
8708,240.0,1,79.0,240.0,1,1.0,High Risk
8709,232.0,1,565.0,232.0,1,1.0,High Risk
8710,35.0,2,197.0,212.0,0,0.06,Low Risk
8711,70.0,1,2352.0,70.0,0,0.0,Low Risk
8712,19.0,1,79.0,19.0,0,0.0,Low Risk
8713,223.0,1,120.0,223.0,1,1.0,High Risk
8714,361.0,1,79.0,361.0,1,1.0,High Risk
8715,198.0,1,549.0,198.0,1,1.0,High Risk
8716,199.0,1,124.0,199.0,1,1.0,High Risk
8717,305.0,1,1155.0,305.0,1,1.0,High Risk
8718,319.0,1,1137.0,319.0,1,1.0,High Risk
8719,198.0,1,580.0,198.0,1,1.0,High Risk
8720,209.0,1,660.0,209.0,1,1.0,High Risk
8721,174.0,1,79.0,174.0,1,1.0,High Risk
8722,197.0,1,564.0,197.0,1,1.0,High Risk
8723,182.0,1,586.0,182.0,1,1.0,High Risk
8724,195.0,1,575.0,195.0,1,1.0,High Risk
8725,334.0,1,1155.0,334.0,1,1.0,High Risk
8726,314.0,1,1179.0,314.0,1,1.0,High Risk
8727,336.0,2,64.0,348.0,1,0.85,High Risk
8728,359.0,1,70.0,359.0,1,1.0,High Risk
8729,334.0,1,120.0,334.0,1,1.0,High Risk
8730,195.0,2,37.0,227.0,1,0.67,Medium Risk
8731,203.0,1,639.0,203.0,1,1.0,High Risk
8732,55.0,1,79.0,55.0,0,0.0,Low Risk
8733,271.0,1,79.0,271.0,1,1.0,High Risk
8734,358.0,1,70.0,358.0,1,1.0,High Risk
8735,93.0,1,120.0,93.0,1,1.0,High Risk
8736,199.0,1,572.0,199.0,1,1.0,High Risk
8737,197.0,1,664.0,197.0,1,1.0,High Risk
8738,187.0,1,622.0,187.0,1,1.0,High Risk
8739,181.0,1,605.0,181.0,1,1.0,High Risk
8740,158.0,1,615.0,158.0,1,1.0,High Risk
8741,173.0,1,590.0,173.0,1,1.0,High Risk
8742,104.0,1,79.0,104.0,1,1.0,High Risk
8743,99.0,1,94.0,99.0,1,0.995,High Risk
8744,293.0,1,1194.0,293.0,1,1.0,High Risk
8745,274.0,1,1179.0,274.0,1,1.0,High Risk
8746,300.0,1,1174.0,300.0,1,1.0,High Risk
8747,79.0,1,2330.0,79.0,0,0.0,Low Risk
8748,334.0,1,148.0,334.0,1,1.0,High Risk
8749,140.0,1,5.0,140.0,1,1.0,High Risk
8750,164.0,1,683.0,164.0,1,1.0,High Risk
8751,104.0,2,77.0,142.0,1,0.485,Medium Risk
8752,154.0,2,37.0,256.0,1,0.31,Low Risk
8753,7.0,1,59.0,7.0,0,0.0,Low Risk
8754,110.0,1,5.0,110.0,1,1.0,High Risk
8755,99.0,1,79.0,99.0,1,0.995,High Risk
8756,94.0,1,70.0,94.0,1,1.0,High Risk
8757,167.0,1,79.0,167.0,1,1.0,High Risk
8758,152.0,2,37.0,234.0,1,0.68,Medium Risk
8759,328.0,1,79.0,328.0,1,1.0,High Risk
8760,244.0,1,79.0,244.0,1,1.0,High Risk
8761,247.0,1,129.0,247.0,1,1.0,High Risk
8762,47.0,1,68.0,47.0,0,0.0,Low Risk
8763,192.0,1,49.0,192.0,1,1.0,High Risk
8764,385.0,2,4153.0,882.0,1,0.995,High Risk
8765,320.0,1,13.0,320.0,1,1.0,High Risk
8766,394.0,2,4132.0,864.0,1,0.995,High Risk
8767,352.0,2,4167.0,876.0,1,1.0,High Risk
8768,113.0,1,94.0,113.0,1,1.0,High Risk
8769,282.0,1,1143.0,282.0,1,1.0,High Risk
8770,105.0,1,540.0,105.0,1,1.0,High Risk
8771,341.0,2,4127.0,863.0,1,1.0,High Risk
8772,356.0,2,4167.0,872.0,1,0.975,High Risk
8773,255.0,2,6030.0,858.0,1,0.995,High Risk
8774,253.0,2,6056.0,867.0,1,1.0,High Risk
8775,331.0,1,148.0,331.0,1,1.0,High Risk
8776,298.0,1,1183.0,298.0,1,1.0,High Risk
8777,236.0,1,94.0,236.0,1,1.0,High Risk
8778,184.0,1,120.0,184.0,1,0.995,High Risk
8779,342.0,1,70.0,342.0,1,1.0,High Risk
8780,212.0,1,70.0,212.0,1,1.0,High Risk
8781,153.0,1,615.0,153.0,1,1.0,High Risk
8782,252.0,2,46.0,362.0,1,0.835,High Risk
8783,268.0,2,6089.0,875.0,1,1.0,High Risk
8784,259.0,2,6021.0,863.0,1,0.99,High Risk
8785,260.0,2,6021.0,882.0,1,0.86,High Risk
8786,246.0,2,6076.0,854.0,1,1.0,High Risk
8787,264.0,2,6021.0,859.0,1,0.99,High Risk
8788,273.0,2,6054.0,878.0,1,1.0,High Risk
8789,261.0,2,6056.0,859.0,1,1.0,High Risk
8790,273.0,2,6058.0,868.0,1,0.995,High Risk
8791,249.0,2,6089.0,869.0,1,1.0,High Risk
8792,271.0,2,6058.0,873.0,1,0.995,High Risk
8793,257.0,2,6056.0,860.0,1,1.0,High Risk
8794,265.0,2,6056.0,864.0,1,1.0,High Risk
8795,252.0,2,6098.0,881.0,1,1.0,High Risk
8796,255.0,2,6044.0,877.0,1,1.0,High Risk
8797,16.0,2,98.0,337.0,0,0.11,Low Risk
8798,249.0,2,6021.0,871.0,1,0.99,High Risk
8799,117.0,2,128.0,338.0,1,0.645,Medium Risk
8800,114.0,1,79.0,114.0,1,1.0,High Risk
8801,221.0,1,70.0,221.0,1,1.0,High Risk
8802,129.0,3,193.0,218.0,1,0.7,High Risk
8803,1097.0,1,3375.0,1097.0,1,1.0,High Risk
8804,96.0,1,575.0,96.0,1,1.0,High Risk
8805,180.0,1,124.0,180.0,1,1.0,High Risk
8806,219.0,1,70.0,219.0,1,1.0,High Risk
8807,155.0,1,120.0,155.0,1,0.995,High Risk
8808,66.0,2,35.0,176.0,0,0.675,Medium Risk
8809,162.0,1,590.0,162.0,1,1.0,High Risk
8810,281.0,1,70.0,281.0,1,1.0,High Risk
8811,78.0,1,79.0,78.0,0,0.0,Low Risk
8812,162.0,1,70.0,162.0,1,1.0,High Risk
8813,154.0,1,590.0,154.0,1,1.0,High Risk
8814,157.0,1,540.0,157.0,1,1.0,High Risk
8815,178.0,1,590.0,178.0,1,1.0,High Risk
8816,128.0,1,597.0,128.0,1,1.0,High Risk
8817,139.0,1,124.0,139.0,1,0.995,High Risk
8818,105.0,2,119.0,337.0,1,0.7955,High Risk
8819,164.0,1,79.0,164.0,1,1.0,High Risk
8820,96.0,1,124.0,96.0,1,1.0,High Risk
8821,284.0,1,1155.0,284.0,1,1.0,High Risk
8822,126.0,1,565.0,126.0,1,1.0,High Risk
8823,213.0,1,37.0,213.0,1,1.0,High Risk
8824,56.0,1,46.0,56.0,0,0.0,Low Risk
8825,143.0,1,629.0,143.0,1,1.0,High Risk
8826,226.0,1,70.0,226.0,1,1.0,High Risk
8827,351.0,1,72.0,351.0,1,1.0,High Risk
8828,179.0,1,22.0,179.0,1,1.0,High Risk
8829,162.0,1,22.0,162.0,1,1.0,High Risk
8830,185.0,2,4533.0,1065.0,1,0.93,High Risk
8831,88.0,2,5766.0,1074.0,0,0.16,Low Risk
8832,139.0,1,580.0,139.0,1,1.0,High Risk
8833,42.0,1,70.0,42.0,0,0.0,Low Risk
8834,291.0,1,70.0,291.0,1,1.0,High Risk
8835,227.0,1,120.0,227.0,1,1.0,High Risk
8836,42.0,1,79.0,42.0,0,0.0,Low Risk
8837,93.0,2,79.0,316.0,1,0.0938,Low Risk
8838,130.0,1,590.0,130.0,1,1.0,High Risk
8839,147.0,1,605.0,147.0,1,1.0,High Risk
8840,125.0,2,195.0,287.0,1,0.72,High Risk
8841,31.0,1,120.0,31.0,0,0.0,Low Risk
8842,130.0,1,604.0,130.0,1,1.0,High Risk
8843,92.0,1,564.0,92.0,1,1.0,High Risk
8844,115.0,1,565.0,115.0,1,1.0,High Risk
8845,81.0,2,5808.0,1020.0,0,0.825,High Risk
8846,109.0,1,640.0,109.0,1,1.0,High Risk
8847,117.0,1,70.0,117.0,1,1.0,High Risk
8848,73.0,1,22.0,73.0,0,0.0,Low Risk
8849,39.0,1,124.0,39.0,0,0.0,Low Risk
8850,280.0,1,1147.0,280.0,1,1.0,High Risk
8851,36.0,1,120.0,36.0,0,0.0,Low Risk
8852,240.0,1,124.0,240.0,1,1.0,High Risk
8853,317.0,1,70.0,317.0,1,1.0,High Risk
8854,109.0,1,120.0,109.0,1,1.0,High Risk
8855,119.0,1,555.0,119.0,1,1.0,High Risk
8856,68.0,2,5710.0,983.0,0,0.92,High Risk
8857,242.0,1,144.0,242.0,1,1.0,High Risk
8858,281.0,1,70.0,281.0,1,1.0,High Risk
8859,56.0,1,94.0,56.0,0,0.0,Low Risk
8860,254.0,1,70.0,254.0,1,1.0,High Risk
8861,336.0,1,133.0,336.0,1,1.0,High Risk
8862,230.0,1,79.0,230.0,1,1.0,High Risk
8863,195.0,2,99.0,275.0,1,0.605,Medium Risk
8864,21.0,1,70.0,21.0,0,0.0,Low Risk
8865,211.0,1,70.0,211.0,1,1.0,High Risk
8866,299.0,1,1155.0,299.0,1,1.0,High Risk
8867,122.0,1,70.0,122.0,1,1.0,High Risk
8868,274.0,1,1155.0,274.0,1,1.0,High Risk
8869,93.0,1,120.0,93.0,1,1.0,High Risk
8870,108.0,1,609.0,108.0,1,1.0,High Risk
8871,52.0,2,77.0,305.0,0,0.2901,Low Risk
8872,156.0,1,70.0,156.0,1,1.0,High Risk
8873,11.0,1,7.0,11.0,0,0.0,Low Risk
8874,296.0,1,7.0,296.0,1,1.0,High Risk
8875,203.0,2,4544.0,966.0,1,0.975,High Risk
8876,279.0,1,1199.0,279.0,1,1.0,High Risk
8877,211.0,1,79.0,211.0,1,1.0,High Risk
8878,147.0,1,70.0,147.0,1,1.0,High Risk
8879,51.0,1,70.0,51.0,0,0.0,Low Risk
8880,330.0,1,70.0,330.0,1,1.0,High Risk
8881,304.0,1,70.0,304.0,1,1.0,High Risk
8882,305.0,1,79.0,305.0,1,1.0,High Risk
8883,198.0,1,124.0,198.0,1,1.0,High Risk
8884,97.0,1,549.0,97.0,1,1.0,High Risk
8885,188.0,2,4588.0,921.0,1,0.985,High Risk
8886,30.0,1,124.0,30.0,0,0.0,Low Risk
8887,291.0,1,79.0,291.0,1,1.0,High Risk
8888,41.0,1,79.0,41.0,0,0.0,Low Risk
8889,188.0,1,120.0,188.0,1,1.0,High Risk
8890,96.0,1,540.0,96.0,1,1.0,High Risk
8891,195.0,1,120.0,195.0,1,1.0,High Risk
8892,288.0,1,1174.0,288.0,1,1.0,High Risk
8893,275.0,1,1155.0,275.0,1,1.0,High Risk
8894,0.0,1,120.0,0.0,0,0.0,Low Risk
8895,243.0,1,70.0,243.0,1,1.0,High Risk
8896,14.0,1,129.0,14.0,0,0.0,Low Risk
8897,306.0,1,70.0,306.0,1,1.0,High Risk
8898,70.0,1,597.0,70.0,0,0.0,Low Risk
8899,39.0,1,27.0,39.0,0,0.0,Low Risk
8900,93.0,2,3128.0,403.0,1,0.875,High Risk
8901,154.0,1,27.0,154.0,1,1.0,High Risk
8902,107.0,2,3016.0,777.0,1,0.825,High Risk
8903,96.0,2,3080.0,406.0,1,0.41,Medium Risk
8904,75.0,2,3178.0,426.0,0,0.09,Low Risk
8905,111.0,2,3018.0,773.0,1,0.97,High Risk
8906,88.0,1,7.0,88.0,0,0.0,Low Risk
8907,172.0,1,14.0,172.0,1,1.0,High Risk
8908,116.0,1,32.0,116.0,1,1.0,High Risk
8909,35.0,1,49.0,35.0,0,0.0,Low Risk
8910,243.0,1,64.0,243.0,1,1.0,High Risk
8911,113.0,2,3189.0,743.0,1,0.995,High Risk
8912,82.0,2,3335.0,444.0,0,0.12,Low Risk
8913,64.0,2,3427.0,437.0,0,0.125,Low Risk
8914,337.0,1,29.0,337.0,1,1.0,High Risk
8915,228.0,1,31.0,228.0,1,1.0,High Risk
8916,11.0,1,79.0,11.0,0,0.0,Low Risk
8917,73.0,2,3354.0,415.0,0,0.16,Low Risk
8918,81.0,2,3369.0,420.0,0,0.085,Low Risk
8919,31.0,2,3360.0,419.0,0,0.08,Low Risk
8920,260.0,1,5.0,260.0,1,1.0,High Risk
8921,343.0,1,92.0,343.0,1,1.0,High Risk
8922,290.0,1,64.0,290.0,1,1.0,High Risk
8923,85.0,2,3138.0,411.0,0,0.15,Low Risk
8924,273.0,1,25.0,273.0,1,1.0,High Risk
8925,98.0,2,3172.0,751.0,1,0.745,High Risk
8926,204.0,1,84.0,204.0,1,1.0,High Risk
8927,297.0,1,40.0,297.0,1,1.0,High Risk
8928,183.0,1,5.0,183.0,1,1.0,High Risk
8929,270.0,1,5.0,270.0,1,1.0,High Risk
8930,304.0,1,64.0,304.0,1,1.0,High Risk
8931,64.0,2,3115.0,761.0,0,0.645,Medium Risk
8932,81.0,2,3126.0,752.0,0,0.14,Low Risk
8933,14.0,1,25.0,14.0,0,0.0,Low Risk
8934,310.0,1,5.0,310.0,1,1.0,High Risk
8935,259.0,1,193.0,259.0,1,1.0,High Risk
8936,164.0,1,83.0,164.0,1,0.995,High Risk
8937,32.0,1,29.0,32.0,0,0.0,Low Risk
8938,24.0,1,73.0,24.0,0,0.0,Low Risk
8939,137.0,1,5.0,137.0,1,1.0,High Risk
8940,50.0,1,49.0,50.0,0,0.0,Low Risk
8941,33.0,2,3440.0,425.0,0,0.59,Medium Risk
8942,53.0,2,3078.0,1112.0,0,0.125,Low Risk
8943,40.0,2,3034.0,1099.0,0,0.1,Low Risk
8944,83.0,2,3113.0,399.0,0,0.145,Low Risk
8945,72.0,2,3105.0,706.0,0,0.785,High Risk
8946,69.0,2,3138.0,425.0,0,0.025,Low Risk
8947,288.0,1,87.0,288.0,1,1.0,High Risk
8948,261.0,2,6056.0,865.0,1,1.0,High Risk
8949,266.0,2,6021.0,869.0,1,0.99,High Risk
8950,264.0,2,6054.0,854.0,1,1.0,High Risk
8951,224.0,2,6098.0,868.0,1,1.0,High Risk
8952,220.0,2,6021.0,878.0,1,0.975,High Risk
8953,50.0,2,39.0,328.0,0,0.235,Low Risk
8954,22.0,2,48.0,259.0,0,0.145,Low Risk
8955,227.0,2,74.0,355.0,1,0.5434,Medium Risk
8956,156.0,2,173.0,220.0,1,0.865,High Risk
8957,217.0,2,6060.0,855.0,1,0.99,High Risk
8958,227.0,2,6035.0,870.0,1,1.0,High Risk
8959,214.0,2,6056.0,867.0,1,1.0,High Risk
8960,219.0,2,6056.0,856.0,1,1.0,High Risk
8961,228.0,2,6120.0,860.0,1,0.985,High Risk
8962,51.0,2,98.0,276.0,0,0.105,Low Risk
8963,193.0,2,46.0,281.0,1,0.855,High Risk
8964,229.0,2,6054.0,864.0,1,1.0,High Risk
8965,224.0,2,6056.0,875.0,1,1.0,High Risk
8966,216.0,2,6056.0,860.0,1,1.0,High Risk
8967,235.0,2,6021.0,858.0,1,0.985,High Risk
8968,217.0,2,6029.0,880.0,1,0.995,High Risk
8969,233.0,2,6021.0,844.0,1,0.91,High Risk
8970,236.0,2,98.0,363.0,1,0.23,Low Risk
8971,216.0,2,6099.0,832.0,1,0.98,High Risk
8972,227.0,2,6056.0,823.0,1,1.0,High Risk
8973,116.0,2,49.0,182.0,1,0.24,Low Risk
8974,144.0,2,83.0,309.0,1,0.84,High Risk
8975,223.0,2,6021.0,832.0,1,0.995,High Risk
8976,213.0,2,6056.0,842.0,1,0.95,High Risk
8977,213.0,2,43.0,247.0,1,0.755,High Risk
8978,243.0,2,6044.0,827.0,1,0.995,High Risk
8979,232.0,2,6060.0,833.0,1,0.97,High Risk
8980,220.0,2,6090.0,831.0,1,0.985,High Risk
8981,12.0,1,94.0,12.0,0,0.0,Low Risk
8982,299.0,1,1155.0,299.0,1,1.0,High Risk
8983,78.0,1,590.0,78.0,0,0.0,Low Risk
8984,281.0,1,1120.0,281.0,1,1.0,High Risk
8985,277.0,1,1183.0,277.0,1,1.0,High Risk
8986,295.0,1,1174.0,295.0,1,1.0,High Risk
8987,301.0,1,1189.0,301.0,1,1.0,High Risk
8988,209.0,2,4564.0,937.0,1,0.925,High Risk
8989,166.0,2,4555.0,906.0,1,0.965,High Risk
8990,180.0,2,4495.0,890.0,1,0.94,High Risk
8991,78.0,1,549.0,78.0,0,0.0,Low Risk
8992,74.0,1,597.0,74.0,0,0.0,Low Risk
8993,67.0,1,587.0,67.0,0,0.0,Low Risk
8994,297.0,1,1184.0,297.0,1,1.0,High Risk
8995,88.0,1,540.0,88.0,0,0.0,Low Risk
8996,68.0,1,619.0,68.0,0,0.0,Low Risk
8997,133.0,1,70.0,133.0,1,1.0,High Risk
8998,90.0,2,5815.0,900.0,0,0.15,Low Risk
8999,299.0,1,1155.0,299.0,1,1.0,High Risk
9000,302.0,1,1147.0,302.0,1,1.0,High Risk
9001,160.0,2,4495.0,862.0,1,0.73,High Risk
9002,279.0,1,1155.0,279.0,1,1.0,High Risk
9003,50.0,1,590.0,50.0,0,0.0,Low Risk
9004,44.0,1,580.0,44.0,0,0.0,Low Risk
9005,49.0,1,590.0,49.0,0,0.0,Low Risk
9006,257.0,1,1143.0,257.0,1,1.0,High Risk
9007,244.0,1,1155.0,244.0,1,1.0,High Risk
9008,151.0,2,4495.0,842.0,1,0.645,Medium Risk
9009,103.0,1,70.0,103.0,1,1.0,High Risk
9010,266.0,1,1184.0,266.0,1,1.0,High Risk
9011,127.0,1,70.0,127.0,1,1.0,High Risk
9012,36.0,1,540.0,36.0,0,0.0,Low Risk
9013,51.0,1,555.0,51.0,0,0.0,Low Risk
9014,36.0,1,540.0,36.0,0,0.0,Low Risk
9015,306.0,1,79.0,306.0,1,1.0,High Risk
9016,44.0,1,565.0,44.0,0,0.0,Low Risk
9017,170.0,1,133.0,170.0,1,1.0,High Risk
9018,34.0,1,79.0,34.0,0,0.0,Low Risk
9019,227.0,1,70.0,227.0,1,1.0,High Risk
9020,146.0,1,129.0,146.0,1,1.0,High Risk
9021,116.0,1,79.0,116.0,1,1.0,High Risk
9022,40.0,1,81.0,40.0,0,0.0,Low Risk
9023,113.0,1,120.0,113.0,1,1.0,High Risk
9024,144.0,2,4530.0,809.0,1,0.73,High Risk
9025,273.0,1,1155.0,273.0,1,1.0,High Risk
9026,79.0,1,94.0,79.0,0,0.0,Low Risk
9027,253.0,1,1213.0,253.0,1,1.0,High Risk
9028,87.0,1,79.0,87.0,0,0.0,Low Risk
9029,245.0,1,1174.0,245.0,1,1.0,High Risk
9030,269.0,1,1129.0,269.0,1,1.0,High Risk
9031,259.0,1,1155.0,259.0,1,1.0,High Risk
9032,262.0,1,1155.0,262.0,1,1.0,High Risk
9033,246.0,1,1120.0,246.0,1,1.0,High Risk
9034,50.0,1,567.0,50.0,0,0.0,Low Risk
9035,67.0,2,5770.0,805.0,0,0.84,High Risk
9036,79.0,2,5695.0,764.0,0,0.105,Low Risk
9037,377.0,1,2618.0,377.0,1,1.0,High Risk
9038,366.0,1,2596.0,366.0,1,1.0,High Risk
9039,393.0,1,2443.0,393.0,1,1.0,High Risk
9040,375.0,1,2457.0,375.0,1,1.0,High Risk
9041,262.0,1,1155.0,262.0,1,1.0,High Risk
9042,279.0,1,13.0,279.0,1,1.0,High Risk
9043,331.0,2,3150.0,1124.0,1,0.835,High Risk
9044,34.0,1,32.0,34.0,0,0.0,Low Risk
9045,231.0,1,1155.0,231.0,1,1.0,High Risk
9046,300.0,1,597.0,300.0,1,1.0,High Risk
9047,244.0,1,692.0,244.0,1,0.995,High Risk
9048,244.0,1,615.0,244.0,1,1.0,High Risk
9049,184.0,2,3142.0,1091.0,1,0.77,High Risk
9050,158.0,2,3150.0,1088.0,1,0.795,High Risk
9051,361.0,1,59.0,361.0,1,1.0,High Risk
9052,31.0,3,4464.0,715.0,0,0.025,Low Risk
9053,315.0,2,3214.0,1052.0,1,0.93,High Risk
9054,217.0,1,36.0,217.0,1,1.0,High Risk
9055,292.0,2,3338.0,1052.0,1,0.805,High Risk
9056,216.0,1,83.0,216.0,1,1.0,High Risk
9057,68.0,1,144.0,68.0,0,0.0,Low Risk
9058,140.0,1,48.0,140.0,1,1.0,High Risk
9059,242.0,1,31.0,242.0,1,1.0,High Risk
9060,197.0,1,1170.0,197.0,1,1.0,High Risk
9061,174.0,2,3142.0,1044.0,1,0.97,High Risk
9062,188.0,1,1174.0,188.0,1,1.0,High Risk
9063,304.0,2,1997.0,730.0,1,0.725,High Risk
9064,50.0,1,65.0,50.0,0,0.0,Low Risk
9065,224.0,1,39.0,224.0,1,1.0,High Risk
9066,40.0,1,21.0,40.0,0,0.0,Low Risk
9067,264.0,1,1170.0,264.0,1,1.0,High Risk
9068,252.0,1,1155.0,252.0,1,1.0,High Risk
9069,246.0,1,1120.0,246.0,1,1.0,High Risk
9070,119.0,1,575.0,119.0,1,1.0,High Risk
9071,190.0,1,40.0,190.0,1,1.0,High Risk
9072,331.0,1,79.0,331.0,1,1.0,High Risk
9073,260.0,1,1155.0,260.0,1,1.0,High Risk
9074,265.0,1,1170.0,265.0,1,1.0,High Risk
9075,104.0,1,589.0,104.0,1,1.0,High Risk
9076,788.0,1,3400.0,788.0,1,0.995,High Risk
9077,68.0,1,554.0,68.0,0,0.0,Low Risk
9078,88.0,1,633.0,88.0,0,0.0,Low Risk
9079,68.0,1,629.0,68.0,0,0.0,Low Risk
9080,70.0,1,5.0,70.0,0,0.0,Low Risk
9081,87.0,1,549.0,87.0,0,0.0,Low Risk
9082,105.0,1,59.0,105.0,1,1.0,High Risk
9083,20.0,2,138.0,192.0,0,0.055,Low Risk
9084,85.0,1,40.0,85.0,0,0.0,Low Risk
9085,60.0,2,63.0,250.0,0,0.085,Low Risk
9086,161.0,2,77.0,224.0,1,0.77,High Risk
9087,251.0,2,129.0,316.0,1,0.7583,High Risk
9088,24.0,2,113.0,228.0,0,0.665,Medium Risk
9089,235.0,1,5.0,235.0,1,1.0,High Risk
9090,195.0,1,5.0,195.0,1,1.0,High Risk
9091,61.0,1,549.0,61.0,0,0.0,Low Risk
9092,68.0,1,563.0,68.0,0,0.0,Low Risk
9093,247.0,1,1149.0,247.0,1,1.0,High Risk
9094,269.0,1,1179.0,269.0,1,1.0,High Risk
9095,174.0,1,14.0,174.0,1,1.0,High Risk
9096,144.0,1,60.0,144.0,1,1.0,High Risk
9097,40.0,2,71.0,192.0,0,0.025,Low Risk
9098,270.0,1,1120.0,270.0,1,1.0,High Risk
9099,101.0,1,69.0,101.0,1,1.0,High Risk
9100,149.0,1,5.0,149.0,1,1.0,High Risk
9101,40.0,1,40.0,40.0,0,0.0,Low Risk
9102,76.0,1,68.0,76.0,0,0.0,Low Risk
9103,136.0,1,40.0,136.0,1,1.0,High Risk
9104,269.0,1,104.0,269.0,1,1.0,High Risk
9105,335.0,2,66.0,350.0,1,0.9,High Risk
9106,161.0,1,69.0,161.0,1,1.0,High Risk
9107,233.0,2,132.0,273.0,1,0.85,High Risk
9108,188.0,1,70.0,188.0,1,1.0,High Risk
9109,270.0,1,1155.0,270.0,1,1.0,High Risk
9110,256.0,1,1155.0,256.0,1,1.0,High Risk
9111,243.0,1,1120.0,243.0,1,1.0,High Risk
9112,239.0,1,1169.0,239.0,1,1.0,High Risk
9113,100.0,1,79.0,100.0,1,1.0,High Risk
9114,93.0,1,70.0,93.0,1,1.0,High Risk
9115,242.0,1,79.0,242.0,1,1.0,High Risk
9116,331.0,1,120.0,331.0,1,1.0,High Risk
9117,330.0,1,120.0,330.0,1,1.0,High Risk
9118,308.0,1,79.0,308.0,1,1.0,High Risk
9119,221.0,1,1170.0,221.0,1,1.0,High Risk
9120,116.0,1,70.0,116.0,1,1.0,High Risk
9121,294.0,1,120.0,294.0,1,1.0,High Risk
9122,316.0,1,70.0,316.0,1,1.0,High Risk
9123,77.0,1,129.0,77.0,0,0.0,Low Risk
9124,110.0,1,133.0,110.0,1,1.0,High Risk
9125,234.0,1,70.0,234.0,1,1.0,High Risk
9126,244.0,1,120.0,244.0,1,1.0,High Risk
9127,19.0,1,70.0,19.0,0,0.0,Low Risk
9128,291.0,1,70.0,291.0,1,1.0,High Risk
9129,201.0,1,79.0,201.0,1,1.0,High Risk
9130,299.0,1,120.0,299.0,1,1.0,High Risk
9131,362.0,1,5.0,362.0,1,1.0,High Risk
9132,33.0,1,39.0,33.0,0,0.0,Low Risk
9133,232.0,1,70.0,232.0,1,1.0,High Risk
9134,208.0,1,29.0,208.0,1,1.0,High Risk
9135,2.0,1,149.0,2.0,0,0.0,Low Risk
9136,211.0,1,70.0,211.0,1,1.0,High Risk
9137,24.0,1,27.0,24.0,0,0.0,Low Risk
9138,53.0,1,79.0,53.0,0,0.0,Low Risk
9139,356.0,1,120.0,356.0,1,1.0,High Risk
9140,269.0,1,70.0,269.0,1,1.0,High Risk
9141,269.0,1,30.0,269.0,1,1.0,High Risk
9142,81.0,1,4.0,81.0,0,0.0,Low Risk
9143,362.0,1,4.0,362.0,1,1.0,High Risk
9144,184.0,1,32.0,184.0,1,1.0,High Risk
9145,30.0,1,121.0,30.0,0,0.0,Low Risk
9146,200.0,1,1184.0,200.0,1,1.0,High Risk
9147,347.0,1,4.0,347.0,1,1.0,High Risk
9148,223.0,1,38.0,223.0,1,1.0,High Risk
9149,318.0,1,6.0,318.0,1,1.0,High Risk
9150,175.0,2,3165.0,1038.0,1,0.98,High Risk
9151,296.0,2,3264.0,1007.0,1,0.97,High Risk
9152,337.0,2,4152.0,850.0,1,0.98,High Risk
9153,357.0,2,4142.0,838.0,1,0.98,High Risk
9154,182.0,1,14.0,182.0,1,1.0,High Risk
9155,348.0,2,4153.0,847.0,1,0.99,High Risk
9156,213.0,1,60.0,213.0,1,1.0,High Risk
9157,337.0,2,4139.0,829.0,1,0.98,High Risk
9158,355.0,2,4118.0,844.0,1,0.98,High Risk
9159,362.0,2,4153.0,850.0,1,0.98,High Risk
9160,355.0,2,4167.0,838.0,1,0.99,High Risk
9161,340.0,2,4237.0,852.0,1,0.935,High Risk
9162,216.0,1,39.0,216.0,1,1.0,High Risk
9163,293.0,2,1966.0,716.0,1,0.955,High Risk
9164,287.0,2,1903.0,670.0,1,0.955,High Risk
9165,132.0,2,3150.0,1008.0,1,0.935,High Risk
9166,143.0,2,3191.0,1030.0,1,0.99,High Risk
9167,298.0,2,1967.0,686.0,1,0.845,High Risk
9168,125.0,2,3142.0,997.0,1,0.855,High Risk
9169,28.0,1,32.0,28.0,0,0.0,Low Risk
9170,3.0,1,79.0,3.0,0,0.0,Low Risk
9171,104.0,2,3177.0,990.0,1,0.75,High Risk
9172,267.0,2,1938.0,682.0,1,0.945,High Risk
9173,64.0,2,3150.0,984.0,0,0.165,Low Risk
9174,289.0,2,3181.0,953.0,1,0.715,High Risk
9175,104.0,1,30.0,104.0,1,1.0,High Risk
9176,203.0,1,1214.0,203.0,1,1.0,High Risk
9177,119.0,1,32.0,119.0,1,1.0,High Risk
9178,231.0,1,6.0,231.0,1,1.0,High Risk
9179,313.0,1,4.0,313.0,1,1.0,High Risk
9180,241.0,1,25.0,241.0,1,1.0,High Risk
9181,392.0,1,2488.0,392.0,1,1.0,High Risk
9182,383.0,1,2443.0,383.0,1,1.0,High Risk
9183,84.0,2,5750.0,786.0,0,0.175,Low Risk
9184,364.0,1,2451.0,364.0,1,1.0,High Risk
9185,277.0,1,124.0,277.0,1,1.0,High Risk
9186,134.0,1,70.0,134.0,1,1.0,High Risk
9187,116.0,2,3191.0,758.0,1,0.775,High Risk
9188,226.0,1,1179.0,226.0,1,1.0,High Risk
9189,94.0,2,3226.0,743.0,1,0.96,High Risk
9190,135.0,1,5.0,135.0,1,1.0,High Risk
9191,222.0,1,1204.0,222.0,1,1.0,High Risk
9192,214.0,1,1143.0,214.0,1,1.0,High Risk
9193,228.0,1,1155.0,228.0,1,1.0,High Risk
9194,232.0,1,1120.0,232.0,1,1.0,High Risk
9195,219.0,1,1174.0,219.0,1,1.0,High Risk
9196,240.0,1,1174.0,240.0,1,1.0,High Risk
9197,215.0,1,1120.0,215.0,1,1.0,High Risk
9198,219.0,1,1145.0,219.0,1,1.0,High Risk
9199,229.0,1,1174.0,229.0,1,1.0,High Risk
9200,342.0,1,2502.0,342.0,1,0.995,High Risk
9201,365.0,1,2480.0,365.0,1,1.0,High Risk
9202,0.0,1,134.0,0.0,0,0.0,Low Risk
9203,51.0,1,46.0,51.0,0,0.0,Low Risk
9204,128.0,1,120.0,128.0,1,1.0,High Risk
9205,363.0,1,2476.0,363.0,1,1.0,High Risk
9206,230.0,1,1184.0,230.0,1,1.0,High Risk
9207,93.0,2,3204.0,754.0,1,0.775,High Risk
9208,230.0,1,1134.0,230.0,1,1.0,High Risk
9209,120.0,2,3219.0,759.0,1,0.915,High Risk
9210,110.0,2,3268.0,741.0,1,0.92,High Risk
9211,345.0,1,2478.0,345.0,1,1.0,High Risk
9212,241.0,2,5333.0,835.0,1,1.0,High Risk
9213,44.0,2,100.0,253.0,0,0.62,Medium Risk
9214,237.0,2,6029.0,849.0,1,1.0,High Risk
9215,217.0,2,5304.0,838.0,1,0.995,High Risk
9216,235.0,2,5279.0,830.0,1,1.0,High Risk
9217,238.0,2,5338.0,828.0,1,1.0,High Risk
9218,238.0,2,6089.0,841.0,1,0.915,High Risk
9219,270.0,2,104.0,279.0,1,0.73,High Risk
9220,242.0,2,6044.0,833.0,1,1.0,High Risk
9221,236.0,2,6060.0,824.0,1,0.995,High Risk
9222,227.0,2,6035.0,833.0,1,1.0,High Risk
9223,41.0,2,74.0,235.0,0,0.11,Low Risk
9224,31.0,2,187.0,84.0,0,0.0,Low Risk
9225,115.0,2,44.0,117.0,1,0.005,Low Risk
9226,226.0,2,6056.0,833.0,1,0.995,High Risk
9227,237.0,2,6067.0,840.0,1,0.875,High Risk
9228,220.0,2,6054.0,830.0,1,0.995,High Risk
9229,243.0,2,6093.0,823.0,1,0.995,High Risk
9230,162.0,1,70.0,162.0,1,1.0,High Risk
9231,229.0,1,32.0,229.0,1,1.0,High Risk
9232,250.0,1,60.0,250.0,1,1.0,High Risk
9233,229.0,1,92.0,229.0,1,1.0,High Risk
9234,270.0,1,70.0,270.0,1,1.0,High Risk
9235,339.0,1,32.0,339.0,1,1.0,High Risk
9236,46.0,1,35.0,46.0,0,0.0,Low Risk
9237,212.0,2,5279.0,824.0,1,0.995,High Risk
9238,361.0,1,21.0,361.0,1,1.0,High Risk
9239,219.0,2,6021.0,830.0,1,0.995,High Risk
9240,223.0,2,6093.0,828.0,1,0.99,High Risk
9241,104.0,1,57.0,104.0,1,1.0,High Risk
9242,192.0,2,5347.0,838.0,1,0.995,High Risk
9243,229.0,2,6068.0,842.0,1,0.91,High Risk
9244,251.0,1,60.0,251.0,1,1.0,High Risk
9245,229.0,2,6021.0,833.0,1,0.995,High Risk
9246,191.0,2,6085.0,850.0,1,1.0,High Risk
9247,212.0,2,6035.0,851.0,1,1.0,High Risk
9248,187.0,2,6056.0,846.0,1,0.96,High Risk
9249,33.0,1,70.0,33.0,0,0.0,Low Risk
9250,188.0,2,5333.0,835.0,1,1.0,High Risk
9251,285.0,1,37.0,285.0,1,1.0,High Risk
9252,281.0,1,59.0,281.0,1,1.0,High Risk
9253,149.0,1,70.0,149.0,1,1.0,High Risk
9254,186.0,2,6035.0,851.0,1,1.0,High Risk
9255,134.0,1,60.0,134.0,1,1.0,High Risk
9256,352.0,1,75.0,352.0,1,1.0,High Risk
9257,195.0,2,6029.0,810.0,1,0.99,High Risk
9258,4.0,1,21.0,4.0,0,0.0,Low Risk
9259,199.0,2,6029.0,798.0,1,1.0,High Risk
9260,193.0,2,6029.0,819.0,1,1.0,High Risk
9261,212.0,2,5314.0,810.0,1,0.97,High Risk
9262,182.0,2,5314.0,807.0,1,0.98,High Risk
9263,211.0,1,27.0,211.0,1,1.0,High Risk
9264,63.0,1,21.0,63.0,0,0.0,Low Risk
9265,189.0,2,5333.0,797.0,1,0.92,High Risk
9266,321.0,1,32.0,321.0,1,1.0,High Risk
9267,283.0,1,60.0,283.0,1,1.0,High Risk
9268,176.0,1,49.0,176.0,1,1.0,High Risk
9269,97.0,1,21.0,97.0,1,1.0,High Risk
9270,92.0,1,5.0,92.0,1,1.0,High Risk
9271,281.0,1,79.0,281.0,1,1.0,High Risk
9272,195.0,1,120.0,195.0,1,1.0,High Risk
9273,126.0,1,94.0,126.0,1,1.0,High Risk
9274,122.0,1,40.0,122.0,1,1.0,High Risk
9275,179.0,1,70.0,179.0,1,1.0,High Risk
9276,15.0,1,134.0,15.0,0,0.0,Low Risk
9277,23.0,1,129.0,23.0,0,0.0,Low Risk
9278,270.0,1,5.0,270.0,1,1.0,High Risk
9279,331.0,1,70.0,331.0,1,1.0,High Risk
9280,318.0,1,144.0,318.0,1,1.0,High Risk
9281,136.0,2,96.0,318.0,1,0.925,High Risk
9282,224.0,1,1179.0,224.0,1,1.0,High Risk
9283,207.0,1,37.0,207.0,1,1.0,High Risk
9284,162.0,2,5314.0,814.0,1,0.9,High Risk
9285,153.0,2,5328.0,809.0,1,0.915,High Risk
9286,46.0,1,70.0,46.0,0,0.0,Low Risk
9287,279.0,1,79.0,279.0,1,1.0,High Risk
9288,139.0,1,144.0,139.0,1,1.0,High Risk
9289,80.0,1,94.0,80.0,0,0.0,Low Risk
9290,159.0,1,70.0,159.0,1,1.0,High Risk
9291,294.0,1,124.0,294.0,1,1.0,High Risk
9292,219.0,1,1151.0,219.0,1,1.0,High Risk
9293,90.0,1,120.0,90.0,0,0.0,Low Risk
9294,135.0,1,70.0,135.0,1,1.0,High Risk
9295,137.0,1,120.0,137.0,1,0.995,High Risk
9296,229.0,1,1174.0,229.0,1,1.0,High Risk
9297,243.0,1,1145.0,243.0,1,1.0,High Risk
9298,322.0,1,2466.0,322.0,1,0.995,High Risk
9299,2.0,1,70.0,2.0,0,0.0,Low Risk
9300,290.0,1,57.0,290.0,1,1.0,High Risk
9301,125.0,1,72.0,125.0,1,1.0,High Risk
9302,250.0,1,70.0,250.0,1,1.0,High Risk
9303,310.0,1,2451.0,310.0,1,1.0,High Risk
9304,310.0,1,2512.0,310.0,1,1.0,High Risk
9305,223.0,1,1170.0,223.0,1,1.0,High Risk
9306,114.0,1,70.0,114.0,1,1.0,High Risk
9307,272.0,1,70.0,272.0,1,1.0,High Risk
9308,233.0,1,120.0,233.0,1,1.0,High Risk
9309,316.0,1,70.0,316.0,1,1.0,High Risk
9310,24.0,1,69.0,24.0,0,0.0,Low Risk
9311,223.0,1,1149.0,223.0,1,1.0,High Risk
9312,72.0,1,120.0,72.0,0,0.0,Low Risk
9313,267.0,1,5.0,267.0,1,1.0,High Risk
9314,57.0,1,94.0,57.0,0,0.0,Low Risk
9315,67.0,1,68.0,67.0,0,0.0,Low Risk
9316,227.0,1,133.0,227.0,1,1.0,High Risk
9317,336.0,1,40.0,336.0,1,1.0,High Risk
9318,306.0,1,59.0,306.0,1,1.0,High Risk
9319,93.0,2,3241.0,725.0,1,0.985,High Risk
9320,228.0,1,1155.0,228.0,1,1.0,High Risk
9321,235.0,1,1155.0,235.0,1,1.0,High Risk
9322,232.0,1,1155.0,232.0,1,1.0,High Risk
9323,34.0,1,70.0,34.0,0,0.0,Low Risk
9324,313.0,1,2492.0,313.0,1,1.0,High Risk
9325,305.0,1,2544.0,305.0,1,1.0,High Risk
9326,89.0,1,79.0,89.0,0,0.0,Low Risk
9327,275.0,1,129.0,275.0,1,1.0,High Risk
9328,255.0,1,70.0,255.0,1,1.0,High Risk
9329,163.0,1,120.0,163.0,1,1.0,High Risk
9330,97.0,1,70.0,97.0,1,1.0,High Risk
9331,28.0,1,72.0,28.0,0,0.0,Low Risk
9332,244.0,1,134.0,244.0,1,1.0,High Risk
9333,139.0,1,79.0,139.0,1,0.995,High Risk
9334,74.0,1,70.0,74.0,0,0.0,Low Risk
9335,349.0,1,70.0,349.0,1,0.995,High Risk
9336,127.0,1,70.0,127.0,1,1.0,High Risk
9337,44.0,1,70.0,44.0,0,0.0,Low Risk
9338,330.0,1,2452.0,330.0,1,1.0,High Risk
9339,99.0,1,124.0,99.0,1,0.995,High Risk
9340,307.0,1,2528.0,307.0,1,1.0,High Risk
9341,303.0,1,2443.0,303.0,1,1.0,High Risk
9342,184.0,1,57.0,184.0,1,1.0,High Risk
9343,113.0,1,79.0,113.0,1,1.0,High Risk
9344,356.0,1,70.0,356.0,1,1.0,High Risk
9345,326.0,1,120.0,326.0,1,1.0,High Risk
9346,291.0,1,2521.0,291.0,1,1.0,High Risk
9347,283.0,1,2565.0,283.0,1,1.0,High Risk
9348,283.0,1,2443.0,283.0,1,1.0,High Risk
9349,295.0,1,2511.0,295.0,1,1.0,High Risk
9350,208.0,1,70.0,208.0,1,1.0,High Risk
9351,81.0,2,3226.0,701.0,0,0.035,Low Risk
9352,130.0,1,120.0,130.0,1,1.0,High Risk
9353,287.0,1,79.0,287.0,1,1.0,High Risk
9354,284.0,1,79.0,284.0,1,1.0,High Risk
9355,246.0,1,32.0,246.0,1,1.0,High Risk
9356,118.0,1,79.0,118.0,1,1.0,High Risk
9357,44.0,1,79.0,44.0,0,0.0,Low Risk
9358,222.0,1,70.0,222.0,1,1.0,High Risk
9359,270.0,1,124.0,270.0,1,1.0,High Risk
9360,235.0,1,79.0,235.0,1,1.0,High Risk
9361,159.0,1,79.0,159.0,1,1.0,High Risk
9362,348.0,1,70.0,348.0,1,1.0,High Risk
9363,78.0,1,70.0,78.0,0,0.0,Low Risk
9364,78.0,1,144.0,78.0,0,0.0,Low Risk
9365,38.0,1,79.0,38.0,0,0.0,Low Risk
9366,2.0,1,70.0,2.0,0,0.0,Low Risk
9367,338.0,1,70.0,338.0,1,1.0,High Risk
9368,59.0,1,129.0,59.0,0,0.0,Low Risk
9369,267.0,1,70.0,267.0,1,1.0,High Risk
9370,265.0,1,65.0,265.0,1,1.0,High Risk
9371,265.0,1,50.0,265.0,1,1.0,High Risk
9372,227.0,1,1174.0,227.0,1,1.0,High Risk
9373,230.0,1,1184.0,230.0,1,1.0,High Risk
9374,81.0,2,3226.0,671.0,0,0.11,Low Risk
9375,242.0,1,1120.0,242.0,1,1.0,High Risk
9376,84.0,2,4438.0,659.0,0,0.08,Low Risk
9377,277.0,1,2476.0,277.0,1,1.0,High Risk
9378,246.0,1,2443.0,246.0,1,1.0,High Risk
9379,347.0,1,120.0,347.0,1,1.0,High Risk
9380,176.0,1,124.0,176.0,1,1.0,High Risk
9381,282.0,1,7.0,282.0,1,1.0,High Risk
9382,90.0,1,70.0,90.0,0,0.0,Low Risk
9383,273.0,1,2482.0,273.0,1,1.0,High Risk
9384,94.0,1,94.0,94.0,1,1.0,High Risk
9385,248.0,1,129.0,248.0,1,1.0,High Risk
9386,258.0,1,2528.0,258.0,1,1.0,High Risk
9387,265.0,1,2482.0,265.0,1,1.0,High Risk
9388,206.0,1,1194.0,206.0,1,1.0,High Risk
9389,146.0,1,10.0,146.0,1,1.0,High Risk
9390,85.0,1,23.0,85.0,0,0.0,Low Risk
9391,156.0,1,15.0,156.0,1,1.0,High Risk
9392,354.0,1,24.0,354.0,1,1.0,High Risk
9393,92.0,1,134.0,92.0,1,1.0,High Risk
9394,23.0,1,15.0,23.0,0,0.0,Low Risk
9395,209.0,1,1158.0,209.0,1,1.0,High Risk
9396,198.0,1,1179.0,198.0,1,1.0,High Risk
9397,118.0,1,70.0,118.0,1,1.0,High Risk
9398,104.0,1,79.0,104.0,1,1.0,High Risk
9399,233.0,1,69.0,233.0,1,1.0,High Risk
9400,191.0,1,1184.0,191.0,1,1.0,High Risk
9401,206.0,1,1120.0,206.0,1,1.0,High Risk
9402,189.0,1,1184.0,189.0,1,1.0,High Risk
9403,226.0,1,5.0,226.0,1,1.0,High Risk
9404,35.0,1,7.0,35.0,0,0.0,Low Risk
9405,17.0,1,125.0,17.0,0,0.0,Low Risk
9406,255.0,1,2563.0,255.0,1,1.0,High Risk
9407,142.0,1,60.0,142.0,1,1.0,High Risk
9408,167.0,1,5.0,167.0,1,1.0,High Risk
9409,149.0,1,70.0,149.0,1,1.0,High Risk
9410,166.0,1,15.0,166.0,1,1.0,High Risk
9411,293.0,1,50.0,293.0,1,1.0,High Risk
9412,259.0,1,69.0,259.0,1,1.0,High Risk
9413,268.0,1,2528.0,268.0,1,1.0,High Risk
9414,311.0,1,50.0,311.0,1,1.0,High Risk
9415,109.0,1,79.0,109.0,1,1.0,High Risk
9416,168.0,1,14.0,168.0,1,1.0,High Risk
9417,335.0,2,4118.0,819.0,1,0.99,High Risk
9418,286.0,1,68.0,286.0,1,1.0,High Risk
9419,337.0,2,4207.0,798.0,1,0.985,High Risk
9420,296.0,1,5.0,296.0,1,1.0,High Risk
9421,330.0,2,4132.0,820.0,1,0.99,High Risk
9422,264.0,1,119.0,264.0,1,1.0,High Risk
9423,204.0,1,1134.0,204.0,1,1.0,High Risk
9424,313.0,2,4177.0,805.0,1,0.97,High Risk
9425,318.0,2,4132.0,817.0,1,0.975,High Risk
9426,330.0,2,4118.0,801.0,1,0.995,High Risk
9427,325.0,2,4139.0,819.0,1,0.98,High Risk
9428,162.0,2,5314.0,795.0,1,0.915,High Risk
9429,11.0,1,30.0,11.0,0,0.0,Low Risk
9430,153.0,2,5378.0,808.0,1,0.98,High Risk
9431,186.0,2,6056.0,811.0,1,1.0,High Risk
9432,124.0,1,15.0,124.0,1,1.0,High Risk
9433,82.0,1,15.0,82.0,0,0.0,Low Risk
9434,51.0,1,74.0,51.0,0,0.0,Low Risk
9435,206.0,1,1170.0,206.0,1,1.0,High Risk
9436,196.0,1,50.0,196.0,1,1.0,High Risk
9437,182.0,1,1134.0,182.0,1,1.0,High Risk
9438,200.0,1,1155.0,200.0,1,1.0,High Risk
9439,292.0,1,70.0,292.0,1,1.0,High Risk
9440,338.0,1,15.0,338.0,1,1.0,High Risk
9441,247.0,1,10.0,247.0,1,1.0,High Risk
9442,156.0,1,40.0,156.0,1,1.0,High Risk
9443,258.0,1,2482.0,258.0,1,1.0,High Risk
9444,116.0,1,39.0,116.0,1,1.0,High Risk
9445,189.0,2,6085.0,793.0,1,1.0,High Risk
9446,189.0,2,6078.0,802.0,1,1.0,High Risk
9447,194.0,2,6029.0,822.0,1,1.0,High Risk
9448,186.0,2,6035.0,821.0,1,1.0,High Risk
9449,204.0,2,6044.0,801.0,1,1.0,High Risk
9450,202.0,1,10.0,202.0,1,1.0,High Risk
9451,202.0,2,6021.0,800.0,1,0.95,High Risk
9452,196.0,2,6054.0,803.0,1,1.0,High Risk
9453,201.0,2,6157.0,797.0,1,0.95,High Risk
9454,361.0,1,21.0,361.0,1,1.0,High Risk
9455,212.0,1,23.0,212.0,1,1.0,High Risk
9456,9.0,1,23.0,9.0,0,0.0,Low Risk
9457,185.0,2,6029.0,808.0,1,0.97,High Risk
9458,245.0,1,74.0,245.0,1,1.0,High Risk
9459,274.0,1,50.0,274.0,1,1.0,High Risk
9460,183.0,1,1155.0,183.0,1,1.0,High Risk
9461,352.0,1,21.0,352.0,1,1.0,High Risk
9462,241.0,1,2492.0,241.0,1,1.0,High Risk
9463,233.0,1,2512.0,233.0,1,1.0,High Risk
9464,193.0,1,1147.0,193.0,1,1.0,High Risk
9465,219.0,1,23.0,219.0,1,1.0,High Risk
9466,237.0,1,2515.0,237.0,1,1.0,High Risk
9467,8.0,1,15.0,8.0,0,0.0,Low Risk
9468,99.0,1,17.0,99.0,1,0.995,High Risk
9469,71.0,2,3169.0,646.0,0,0.07,Low Risk
9470,42.0,1,50.0,42.0,0,0.0,Low Risk
9471,77.0,2,4408.0,651.0,0,0.63,Medium Risk
9472,57.0,1,74.0,57.0,0,0.0,Low Risk
9473,215.0,1,2482.0,215.0,1,1.0,High Risk
9474,2.0,1,15.0,2.0,0,0.0,Low Risk
9475,183.0,1,50.0,183.0,1,1.0,High Risk
9476,232.0,1,15.0,232.0,1,1.0,High Risk
9477,240.0,1,2521.0,240.0,1,1.0,High Risk
9478,205.0,1,69.0,205.0,1,1.0,High Risk
9479,261.0,1,96.0,261.0,1,0.995,High Risk
9480,108.0,1,86.0,108.0,1,1.0,High Risk
9481,195.0,1,1155.0,195.0,1,1.0,High Risk
9482,185.0,1,1170.0,185.0,1,1.0,High Risk
9483,217.0,1,2443.0,217.0,1,1.0,High Risk
9484,35.0,2,4400.0,631.0,0,0.83,High Risk
9485,191.0,1,1151.0,191.0,1,1.0,High Risk
9486,204.0,1,15.0,204.0,1,1.0,High Risk
9487,129.0,1,50.0,129.0,1,1.0,High Risk
9488,272.0,1,10.0,272.0,1,1.0,High Risk
9489,67.0,1,15.0,67.0,0,0.0,Low Risk
9490,280.0,1,50.0,280.0,1,1.0,High Risk
9491,29.0,1,50.0,29.0,0,0.0,Low Risk
9492,23.0,1,24.0,23.0,0,0.0,Low Risk
9493,362.0,1,72.0,362.0,1,1.0,High Risk
9494,75.0,1,24.0,75.0,0,0.0,Low Risk
9495,330.0,1,15.0,330.0,1,1.0,High Risk
9496,224.0,1,2482.0,224.0,1,1.0,High Risk
9497,190.0,1,2478.0,190.0,1,1.0,High Risk
9498,334.0,1,70.0,334.0,1,1.0,High Risk
9499,182.0,1,13.0,182.0,1,1.0,High Risk
9500,17.0,1,55.0,17.0,0,0.0,Low Risk
9501,280.0,1,69.0,280.0,1,1.0,High Risk
9502,184.0,1,65.0,184.0,1,1.0,High Risk
9503,283.0,1,65.0,283.0,1,1.0,High Risk
9504,286.0,1,15.0,286.0,1,1.0,High Risk
9505,145.0,1,120.0,145.0,1,1.0,High Risk
9506,299.0,1,65.0,299.0,1,1.0,High Risk
9507,331.0,1,69.0,331.0,1,1.0,High Risk
9508,228.0,1,50.0,228.0,1,1.0,High Risk
9509,28.0,1,22.0,28.0,0,0.0,Low Risk
9510,272.0,1,10.0,272.0,1,1.0,High Risk
9511,17.0,1,73.0,17.0,0,0.0,Low Risk
9512,71.0,1,15.0,71.0,0,0.0,Low Risk
9513,308.0,1,10.0,308.0,1,1.0,High Risk
9514,305.0,1,74.0,305.0,1,1.0,High Risk
9515,125.0,1,50.0,125.0,1,1.0,High Risk
9516,222.0,1,74.0,222.0,1,1.0,High Risk
9517,108.0,1,15.0,108.0,1,1.0,High Risk
9518,222.0,1,77.0,222.0,1,1.0,High Risk
9519,167.0,1,50.0,167.0,1,1.0,High Risk
9520,60.0,1,55.0,60.0,0,0.0,Low Risk
9521,305.0,1,15.0,305.0,1,1.0,High Risk
9522,52.0,1,25.0,52.0,0,0.0,Low Risk
9523,165.0,1,45.0,165.0,1,1.0,High Risk
9524,62.0,1,15.0,62.0,0,0.0,Low Risk
9525,245.0,1,69.0,245.0,1,1.0,High Risk
9526,202.0,1,1155.0,202.0,1,1.0,High Risk
9527,185.0,1,1170.0,185.0,1,1.0,High Risk
9528,190.0,1,2478.0,190.0,1,1.0,High Risk
9529,328.0,1,64.0,328.0,1,1.0,High Risk
9530,206.0,1,1174.0,206.0,1,1.0,High Risk
9531,273.0,1,104.0,273.0,1,1.0,High Risk
9532,66.0,1,65.0,66.0,0,0.0,Low Risk
9533,50.0,1,93.0,50.0,0,0.0,Low Risk
9534,177.0,1,32.0,177.0,1,1.0,High Risk
9535,132.0,1,24.0,132.0,1,1.0,High Risk
9536,100.0,1,15.0,100.0,1,1.0,High Risk
9537,100.0,1,24.0,100.0,1,1.0,High Risk
9538,364.0,1,24.0,364.0,1,1.0,High Risk
9539,109.0,1,69.0,109.0,1,1.0,High Risk
9540,127.0,1,15.0,127.0,1,1.0,High Risk
9541,52.0,1,10.0,52.0,0,0.0,Low Risk
9542,205.0,1,1174.0,205.0,1,1.0,High Risk
9543,166.0,1,93.0,166.0,1,1.0,High Risk
9544,182.0,1,2492.0,182.0,1,1.0,High Risk
9545,206.0,1,2457.0,206.0,1,1.0,High Risk
9546,167.0,1,2542.0,167.0,1,1.0,High Risk
9547,75.0,2,3246.0,636.0,0,0.075,Low Risk
9548,146.0,1,57.0,146.0,1,1.0,High Risk
9549,68.0,2,3132.0,665.0,0,0.605,Medium Risk
9550,91.0,2,3105.0,641.0,1,0.65,Medium Risk
9551,263.0,1,25.0,263.0,1,1.0,High Risk
9552,3.0,1,65.0,3.0,0,0.0,Low Risk
9553,56.0,2,3034.0,972.0,0,0.075,Low Risk
9554,65.0,1,2355.0,65.0,0,0.0,Low Risk
9555,276.0,1,35.0,276.0,1,1.0,High Risk
9556,82.0,2,3154.0,658.0,0,0.08,Low Risk
9557,87.0,2,3125.0,645.0,0,0.05,Low Risk
9558,114.0,1,65.0,114.0,1,1.0,High Risk
9559,47.0,2,3019.0,936.0,0,0.13,Low Risk
9560,319.0,1,75.0,319.0,1,1.0,High Risk
9561,83.0,2,3162.0,656.0,0,0.035,Low Risk
9562,40.0,2,3139.0,908.0,0,0.555,Medium Risk
9563,37.0,2,2994.0,898.0,0,0.13,Low Risk
9564,229.0,1,35.0,229.0,1,1.0,High Risk
9565,54.0,2,3059.0,881.0,0,0.94,High Risk
9566,203.0,1,65.0,203.0,1,1.0,High Risk
9567,205.0,1,27.0,205.0,1,1.0,High Risk
9568,58.0,2,3074.0,797.0,0,0.105,Low Risk
9569,245.0,1,29.0,245.0,1,1.0,High Risk
9570,46.0,2,3114.0,817.0,0,0.09,Low Risk
9571,286.0,1,115.0,286.0,1,1.0,High Risk
9572,114.0,1,25.0,114.0,1,1.0,High Risk
9573,162.0,1,79.0,162.0,1,1.0,High Risk
9574,70.0,1,2415.0,70.0,0,0.0,Low Risk
9575,274.0,1,39.0,274.0,1,1.0,High Risk
9576,44.0,2,3095.0,779.0,0,0.145,Low Risk
9577,56.0,2,3148.0,758.0,0,0.145,Low Risk
9578,55.0,2,3080.0,760.0,0,0.955,High Risk
9579,39.0,1,31.0,39.0,0,0.0,Low Risk
9580,56.0,1,25.0,56.0,0,0.0,Low Risk
9581,321.0,1,37.0,321.0,1,1.0,High Risk
9582,88.0,1,2440.0,88.0,0,0.0,Low Risk
9583,185.0,1,142.0,185.0,1,0.995,High Risk
9584,234.0,1,70.0,234.0,1,1.0,High Risk
9585,64.0,2,3140.0,654.0,0,0.105,Low Risk
9586,154.0,1,32.0,154.0,1,1.0,High Risk
9587,244.0,1,25.0,244.0,1,1.0,High Risk
9588,87.0,1,2379.0,87.0,0,0.0,Low Risk
9589,343.0,1,27.0,343.0,1,1.0,High Risk
9590,79.0,1,2345.0,79.0,0,0.0,Low Risk
9591,74.0,2,3127.0,638.0,0,0.825,High Risk
9592,336.0,1,70.0,336.0,1,1.0,High Risk
9593,44.0,2,3113.0,735.0,0,0.77,High Risk
9594,153.0,1,31.0,153.0,1,1.0,High Risk
9595,304.0,1,43.0,304.0,1,1.0,High Risk
9596,202.0,1,70.0,202.0,1,1.0,High Risk
9597,305.0,1,32.0,305.0,1,1.0,High Risk
9598,232.0,1,120.0,232.0,1,1.0,High Risk
9599,76.0,2,3100.0,632.0,0,0.105,Low Risk
9600,168.0,1,32.0,168.0,1,1.0,High Risk
9601,194.0,2,6056.0,819.0,1,1.0,High Risk
9602,0.0,1,80.0,0.0,0,0.0,Low Risk
9603,293.0,1,80.0,293.0,1,0.995,High Risk
9604,281.0,1,23.0,281.0,1,1.0,High Risk
9605,150.0,1,94.0,150.0,1,1.0,High Risk
9606,278.0,1,84.0,278.0,1,1.0,High Risk
9607,193.0,2,6054.0,811.0,1,1.0,High Risk
9608,44.0,1,23.0,44.0,0,0.0,Low Risk
9609,185.0,2,6035.0,814.0,1,1.0,High Risk
9610,208.0,2,6117.0,795.0,1,0.975,High Risk
9611,189.0,2,6021.0,810.0,1,0.93,High Risk
9612,184.0,2,6021.0,822.0,1,0.985,High Risk
9613,206.0,2,6060.0,800.0,1,1.0,High Risk
9614,197.0,2,6056.0,805.0,1,0.98,High Risk
9615,201.0,2,6035.0,808.0,1,0.97,High Risk
9616,209.0,2,6060.0,801.0,1,1.0,High Risk
9617,209.0,2,6093.0,790.0,1,1.0,High Risk
9618,163.0,2,6058.0,770.0,1,0.94,High Risk
9619,329.0,1,21.0,329.0,1,1.0,High Risk
9620,84.0,1,75.0,84.0,0,0.0,Low Risk
9621,157.0,2,6044.0,771.0,1,0.995,High Risk
9622,174.0,2,6117.0,784.0,1,0.975,High Risk
9623,170.0,2,6139.0,765.0,1,0.91,High Risk
9624,157.0,2,6093.0,778.0,1,1.0,High Risk
9625,155.0,2,6021.0,773.0,1,0.98,High Risk
9626,173.0,2,6029.0,768.0,1,0.98,High Risk
9627,166.0,2,6038.0,782.0,1,1.0,High Risk
9628,158.0,2,6044.0,775.0,1,1.0,High Risk
9629,176.0,2,6056.0,777.0,1,1.0,High Risk
9630,181.0,2,6060.0,786.0,1,1.0,High Risk
9631,88.0,1,75.0,88.0,0,0.0,Low Risk
9632,213.0,1,72.0,213.0,1,1.0,High Risk
9633,125.0,1,22.0,125.0,1,1.0,High Risk
9634,116.0,1,69.0,116.0,1,1.0,High Risk
9635,296.0,1,10.0,296.0,1,1.0,High Risk
9636,197.0,1,50.0,197.0,1,1.0,High Risk
9637,328.0,1,15.0,328.0,1,1.0,High Risk
9638,261.0,1,10.0,261.0,1,1.0,High Risk
9639,169.0,1,2478.0,169.0,1,1.0,High Risk
9640,162.0,1,2466.0,162.0,1,0.995,High Risk
9641,164.0,1,2498.0,164.0,1,0.995,High Risk
9642,133.0,1,2457.0,133.0,1,1.0,High Risk
9643,104.0,1,2452.0,104.0,1,1.0,High Risk
9644,153.0,1,15.0,153.0,1,1.0,High Risk
9645,91.0,1,2457.0,91.0,1,0.945,High Risk
9646,172.0,1,1143.0,172.0,1,1.0,High Risk
9647,157.0,1,1198.0,157.0,1,1.0,High Risk
9648,168.0,1,1155.0,168.0,1,1.0,High Risk
9649,61.0,1,2457.0,61.0,0,0.0,Low Risk
9650,42.0,1,2488.0,42.0,0,0.02,Low Risk
9651,176.0,1,1174.0,176.0,1,1.0,High Risk
9652,83.0,2,3198.0,603.0,0,0.045,Low Risk
9653,163.0,1,1174.0,163.0,1,1.0,High Risk
9654,179.0,1,1155.0,179.0,1,1.0,High Risk
9655,165.0,1,1170.0,165.0,1,1.0,High Risk
9656,149.0,1,47.0,149.0,1,1.0,High Risk
9657,75.0,2,3245.0,598.0,0,0.02,Low Risk
9658,162.0,1,1193.0,162.0,1,1.0,High Risk
9659,54.0,1,2457.0,54.0,0,0.0,Low Risk
9660,34.0,1,2466.0,34.0,0,0.0,Low Risk
9661,181.0,1,1179.0,181.0,1,1.0,High Risk
9662,167.0,1,1174.0,167.0,1,1.0,High Risk
9663,396.0,1,1751.0,396.0,1,1.0,High Risk
9664,340.0,1,1751.0,340.0,1,1.0,High Risk
9665,316.0,1,1765.0,316.0,1,1.0,High Risk
9666,47.0,2,4408.0,589.0,0,0.13,Low Risk
9667,334.0,1,1715.0,334.0,1,1.0,High Risk
9668,292.0,1,1776.0,292.0,1,1.0,High Risk
9669,276.0,1,1751.0,276.0,1,1.0,High Risk
9670,55.0,2,3169.0,601.0,0,0.045,Low Risk
9671,43.0,2,3228.0,587.0,0,0.035,Low Risk
9672,284.0,1,1736.0,284.0,1,1.0,High Risk
9673,267.0,1,1751.0,267.0,1,1.0,High Risk
9674,220.0,1,1755.0,220.0,1,1.0,High Risk
9675,179.0,1,1143.0,179.0,1,1.0,High Risk
9676,179.0,1,1155.0,179.0,1,1.0,High Risk
9677,290.0,1,15.0,290.0,1,1.0,High Risk
9678,175.0,1,1184.0,175.0,1,1.0,High Risk
9679,168.0,1,1155.0,168.0,1,1.0,High Risk
9680,309.0,1,64.0,309.0,1,0.995,High Risk
9681,33.0,2,3219.0,586.0,0,0.075,Low Risk
9682,361.0,1,10.0,361.0,1,1.0,High Risk
9683,201.0,1,1736.0,201.0,1,1.0,High Risk
9684,211.0,1,1736.0,211.0,1,1.0,High Risk
9685,187.0,1,1730.0,187.0,1,1.0,High Risk
9686,154.0,1,1155.0,154.0,1,1.0,High Risk
9687,177.0,1,1151.0,177.0,1,1.0,High Risk
9688,95.0,1,10.0,95.0,1,1.0,High Risk
9689,11.0,1,69.0,11.0,0,0.0,Low Risk
9690,241.0,1,79.0,241.0,1,1.0,High Risk
9691,45.0,1,39.0,45.0,0,0.0,Low Risk
9692,311.0,1,40.0,311.0,1,1.0,High Risk
9693,116.0,1,50.0,116.0,1,1.0,High Risk
9694,154.0,1,1155.0,154.0,1,1.0,High Risk
9695,333.0,1,147.0,333.0,1,1.0,High Risk
9696,34.0,1,15.0,34.0,0,0.0,Low Risk
9697,358.0,1,74.0,358.0,1,0.995,High Risk
9698,48.0,1,78.0,48.0,0,0.0,Low Risk
9699,246.0,1,24.0,246.0,1,1.0,High Risk
9700,177.0,1,1209.0,177.0,1,1.0,High Risk
9701,177.0,1,1243.0,177.0,1,1.0,High Risk
9702,154.0,1,1155.0,154.0,1,1.0,High Risk
9703,192.0,1,1751.0,192.0,1,1.0,High Risk
9704,173.0,1,1736.0,173.0,1,1.0,High Risk
9705,119.0,1,78.0,119.0,1,1.0,High Risk
9706,302.0,1,69.0,302.0,1,1.0,High Risk
9707,153.0,1,1760.0,153.0,1,1.0,High Risk
9708,162.0,1,1751.0,162.0,1,1.0,High Risk
9709,52.0,2,4406.0,547.0,0,0.045,Low Risk
9710,176.0,1,1730.0,176.0,1,1.0,High Risk
9711,277.0,2,3240.0,732.0,1,0.98,High Risk
9712,247.0,2,3240.0,704.0,1,0.695,Medium Risk
9713,233.0,2,3261.0,711.0,1,0.97,High Risk
9714,63.0,2,3422.0,710.0,0,0.23,Low Risk
9715,322.0,1,188.0,322.0,1,1.0,High Risk
9716,173.0,1,196.0,173.0,1,0.995,High Risk
9717,49.0,3,3911.0,634.0,0,0.02,Low Risk
9718,214.0,2,3240.0,705.0,1,0.825,High Risk
9719,89.0,2,3283.0,704.0,0,0.425,Medium Risk
9720,252.0,2,1947.0,618.0,1,0.15,Low Risk
9721,249.0,2,1938.0,629.0,1,0.495,Medium Risk
9722,172.0,1,25.0,172.0,1,1.0,High Risk
9723,256.0,3,2378.0,578.0,1,0.67,Medium Risk
9724,192.0,1,144.0,192.0,1,0.995,High Risk
9725,188.0,1,25.0,188.0,1,1.0,High Risk
9726,44.0,1,64.0,44.0,0,0.0,Low Risk
9727,241.0,2,1941.0,593.0,1,0.47,Medium Risk
9728,71.0,1,30.0,71.0,0,0.0,Low Risk
9729,237.0,1,709.0,237.0,1,1.0,High Risk
9730,222.0,1,78.0,222.0,1,1.0,High Risk
9731,239.0,1,69.0,239.0,1,1.0,High Risk
9732,304.0,1,43.0,304.0,1,1.0,High Risk
9733,329.0,1,10.0,329.0,1,1.0,High Risk
9734,248.0,1,24.0,248.0,1,1.0,High Risk
9735,245.0,1,7.0,245.0,1,1.0,High Risk
9736,166.0,1,1120.0,166.0,1,1.0,High Risk
9737,38.0,2,3194.0,568.0,0,0.865,High Risk
9738,7.0,1,129.0,7.0,0,0.0,Low Risk
9739,123.0,1,24.0,123.0,1,1.0,High Risk
9740,324.0,1,79.0,324.0,1,1.0,High Risk
9741,139.0,2,141.0,210.0,1,0.21,Low Risk
9742,279.0,1,120.0,279.0,1,1.0,High Risk
9743,115.0,1,129.0,115.0,1,1.0,High Risk
9744,90.0,1,79.0,90.0,0,0.0,Low Risk
9745,53.0,1,549.0,53.0,0,0.0,Low Risk
9746,4.0,2,113.0,260.0,0,0.04,Low Risk
9747,203.0,2,120.0,306.0,1,0.81,High Risk
9748,55.0,1,70.0,55.0,0,0.0,Low Risk
9749,287.0,1,124.0,287.0,1,1.0,High Risk
9750,60.0,1,625.0,60.0,0,0.0,Low Risk
9751,158.0,1,1184.0,158.0,1,1.0,High Risk
9752,46.0,1,575.0,46.0,0,0.0,Low Risk
9753,109.0,1,70.0,109.0,1,1.0,High Risk
9754,38.0,1,540.0,38.0,0,0.0,Low Risk
9755,151.0,1,79.0,151.0,1,1.0,High Risk
9756,164.0,1,1164.0,164.0,1,1.0,High Risk
9757,66.0,2,34.0,147.0,0,0.475,Medium Risk
9758,27.0,1,70.0,27.0,0,0.0,Low Risk
9759,284.0,1,129.0,284.0,1,1.0,High Risk
9760,222.0,1,78.0,222.0,1,1.0,High Risk
9761,85.0,1,7.0,85.0,0,0.0,Low Risk
9762,256.0,1,23.0,256.0,1,1.0,High Risk
9763,44.0,1,124.0,44.0,0,0.0,Low Risk
9764,223.0,1,124.0,223.0,1,1.0,High Risk
9765,180.0,2,56.0,256.0,1,0.9,High Risk
9766,169.0,1,1179.0,169.0,1,1.0,High Risk
9767,305.0,1,15.0,305.0,1,1.0,High Risk
9768,125.0,1,1120.0,125.0,1,1.0,High Risk
9769,131.0,1,1170.0,131.0,1,1.0,High Risk
9770,260.0,1,25.0,260.0,1,1.0,High Risk
9771,79.0,1,50.0,79.0,0,0.0,Low Risk
9772,81.0,1,46.0,81.0,0,0.0,Low Risk
9773,11.0,1,73.0,11.0,0,0.0,Low Risk
9774,52.0,1,31.0,52.0,0,0.0,Low Risk
9775,115.0,1,23.0,115.0,1,1.0,High Risk
9776,16.0,1,10.0,16.0,0,0.0,Low Risk
9777,255.0,1,23.0,255.0,1,1.0,High Risk
9778,19.0,1,10.0,19.0,0,0.0,Low Risk
9779,32.0,1,74.0,32.0,0,0.0,Low Risk
9780,346.0,1,15.0,346.0,1,1.0,High Risk
9781,193.0,1,10.0,193.0,1,1.0,High Risk
9782,131.0,1,15.0,131.0,1,1.0,High Risk
9783,140.0,1,1197.0,140.0,1,1.0,High Risk
9784,66.0,1,40.0,66.0,0,0.0,Low Risk
9785,5.0,1,10.0,5.0,0,0.0,Low Risk
9786,145.0,1,1145.0,145.0,1,1.0,High Risk
9787,103.0,1,15.0,103.0,1,1.0,High Risk
9788,132.0,1,1134.0,132.0,1,1.0,High Risk
9789,15.0,1,10.0,15.0,0,0.0,Low Risk
9790,291.0,1,39.0,291.0,1,1.0,High Risk
9791,192.0,1,15.0,192.0,1,1.0,High Risk
9792,241.0,1,10.0,241.0,1,1.0,High Risk
9793,121.0,1,40.0,121.0,1,1.0,High Risk
9794,157.0,1,1205.0,157.0,1,1.0,High Risk
9795,88.0,1,54.0,88.0,0,0.0,Low Risk
9796,203.0,1,4.0,203.0,1,1.0,High Risk
9797,228.0,1,89.0,228.0,1,1.0,High Risk
9798,233.0,1,14.0,233.0,1,1.0,High Risk
9799,203.0,1,124.0,203.0,1,1.0,High Risk
9800,25.0,1,32.0,25.0,0,0.0,Low Risk
9801,75.0,1,64.0,75.0,0,0.0,Low Risk
9802,222.0,1,75.0,222.0,1,1.0,High Risk
9803,232.0,1,6.0,232.0,1,1.0,High Risk
9804,137.0,1,39.0,137.0,1,1.0,High Risk
9805,189.0,1,25.0,189.0,1,1.0,High Risk
9806,130.0,1,30.0,130.0,1,1.0,High Risk
9807,205.0,1,27.0,205.0,1,1.0,High Risk
9808,31.0,2,3249.0,701.0,0,0.065,Low Risk
9809,216.0,2,1938.0,600.0,1,0.76,High Risk
9810,154.0,1,32.0,154.0,1,1.0,High Risk
9811,151.0,1,6.0,151.0,1,1.0,High Risk
9812,241.0,2,3270.0,696.0,1,0.595,Medium Risk
9813,334.0,2,4127.0,782.0,1,1.0,High Risk
9814,15.0,1,64.0,15.0,0,0.0,Low Risk
9815,320.0,2,4186.0,773.0,1,0.95,High Risk
9816,328.0,2,4118.0,771.0,1,0.99,High Risk
9817,318.0,2,4228.0,772.0,1,0.98,High Risk
9818,319.0,2,4118.0,784.0,1,1.0,High Risk
9819,319.0,2,4231.0,763.0,1,0.925,High Risk
9820,321.0,2,4182.0,788.0,1,0.99,High Risk
9821,321.0,2,4143.0,790.0,1,1.0,High Risk
9822,305.0,2,4118.0,781.0,1,0.995,High Risk
9823,325.0,2,4134.0,770.0,1,0.985,High Risk
9824,302.0,2,4217.0,762.0,1,0.95,High Risk
9825,395.0,2,2513.0,687.0,1,0.575,Medium Risk
9826,202.0,2,3226.0,670.0,1,0.245,Low Risk
9827,181.0,1,1173.0,181.0,1,1.0,High Risk
9828,184.0,1,12.0,184.0,1,1.0,High Risk
9829,216.0,2,1938.0,602.0,1,0.675,Medium Risk
9830,230.0,2,1962.0,585.0,1,0.32,Low Risk
9831,217.0,2,1966.0,608.0,1,0.555,Medium Risk
9832,224.0,2,2012.0,594.0,1,0.805,High Risk
9833,369.0,2,2534.0,696.0,1,0.155,Low Risk
9834,240.0,2,1903.0,595.0,1,0.845,High Risk
9835,380.0,2,2567.0,686.0,1,0.7,High Risk
9836,163.0,2,2002.0,560.0,1,0.72,High Risk
9837,162.0,2,1938.0,557.0,1,0.535,Medium Risk
9838,367.0,2,2548.0,675.0,1,0.56,Medium Risk
9839,348.0,2,2542.0,654.0,1,0.89,High Risk
9840,354.0,2,2511.0,668.0,1,0.675,Medium Risk
9841,157.0,1,4.0,157.0,1,1.0,High Risk
9842,173.0,2,1938.0,563.0,1,0.515,Medium Risk
9843,144.0,2,1952.0,555.0,1,0.69,Medium Risk
9844,139.0,2,1903.0,538.0,1,0.97,High Risk
9845,165.0,1,1155.0,165.0,1,1.0,High Risk
9846,141.0,2,1957.0,544.0,1,0.7,High Risk
9847,154.0,1,1174.0,154.0,1,1.0,High Risk
9848,134.0,2,1947.0,519.0,1,0.815,High Risk
9849,337.0,2,2558.0,650.0,1,0.91,High Risk
9850,117.0,1,70.0,117.0,1,1.0,High Risk
9851,319.0,2,2557.0,658.0,1,0.805,High Risk
9852,286.0,2,2519.0,650.0,1,0.805,High Risk
9853,287.0,2,2547.0,613.0,1,0.765,High Risk
9854,163.0,1,1147.0,163.0,1,1.0,High Risk
9855,134.0,2,1938.0,500.0,1,0.575,Medium Risk
9856,177.0,1,1155.0,177.0,1,1.0,High Risk
9857,286.0,2,2484.0,614.0,1,0.68,Medium Risk
9858,139.0,1,1120.0,139.0,1,1.0,High Risk
9859,151.0,1,1155.0,151.0,1,1.0,High Risk
9860,256.0,2,2509.0,636.0,1,0.895,High Risk
9861,230.0,3,2379.0,509.0,1,0.835,High Risk
9862,227.0,3,2367.0,491.0,1,0.735,High Risk
9863,191.0,2,3240.0,622.0,1,0.805,High Risk
9864,158.0,2,3261.0,611.0,1,0.575,Medium Risk
9865,136.0,2,3234.0,612.0,1,0.465,Medium Risk
9866,180.0,1,35.0,180.0,1,1.0,High Risk
9867,44.0,2,3158.0,600.0,0,0.07,Low Risk
9868,119.0,1,39.0,119.0,1,0.995,High Risk
9869,299.0,1,37.0,299.0,1,1.0,High Risk
9870,250.0,2,2543.0,586.0,1,0.7,High Risk
9871,134.0,2,1938.0,475.0,1,0.955,High Risk
9872,303.0,1,79.0,303.0,1,1.0,High Risk
9873,251.0,2,2519.0,585.0,1,0.715,High Risk
9874,268.0,1,43.0,268.0,1,1.0,High Risk
9875,121.0,2,1962.0,469.0,1,0.215,Low Risk
9876,252.0,2,2519.0,587.0,1,0.77,High Risk
9877,99.0,2,1938.0,475.0,1,0.955,High Risk
9878,132.0,1,1120.0,132.0,1,1.0,High Risk
9879,101.0,1,1155.0,101.0,1,1.0,High Risk
9880,128.0,2,3284.0,598.0,1,0.24,Low Risk
9881,258.0,2,2519.0,563.0,1,0.96,High Risk
9882,116.0,1,79.0,116.0,1,1.0,High Risk
9883,77.0,1,1170.0,77.0,0,0.0,Low Risk
9884,73.0,1,1149.0,73.0,0,0.0,Low Risk
9885,81.0,1,1229.0,81.0,0,0.0,Low Risk
9886,252.0,2,2519.0,576.0,1,0.705,High Risk
9887,268.0,2,2534.0,573.0,1,0.37,Low Risk
9888,79.0,1,1164.0,79.0,0,0.0,Low Risk
9889,75.0,1,1174.0,75.0,0,0.0,Low Risk
9890,174.0,1,70.0,174.0,1,1.0,High Risk
9891,221.0,2,2528.0,551.0,1,0.825,High Risk
9892,240.0,1,590.0,240.0,1,1.0,High Risk
9893,113.0,2,3240.0,576.0,1,0.785,High Risk
9894,47.0,1,35.0,47.0,0,0.0,Low Risk
9895,65.0,1,1155.0,65.0,0,0.0,Low Risk
9896,58.0,1,1120.0,58.0,0,0.0,Low Risk
9897,109.0,2,1957.0,476.0,1,0.575,Medium Risk
9898,100.0,1,89.0,100.0,1,1.0,High Risk
9899,100.0,1,52.0,100.0,1,1.0,High Risk
9900,9.0,1,6.0,9.0,0,0.0,Low Risk
9901,124.0,1,79.0,124.0,1,1.0,High Risk
9902,50.0,1,1120.0,50.0,0,0.0,Low Risk
9903,13.0,1,37.0,13.0,0,0.0,Low Risk
9904,246.0,1,70.0,246.0,1,1.0,High Risk
9905,28.0,1,70.0,28.0,0,0.0,Low Risk
9906,40.0,1,1155.0,40.0,0,0.0,Low Risk
9907,53.0,1,32.0,53.0,0,0.0,Low Risk
9908,168.0,1,32.0,168.0,1,1.0,High Risk
9909,240.0,1,79.0,240.0,1,1.0,High Risk
9910,293.0,1,70.0,293.0,1,1.0,High Risk
9911,125.0,1,614.0,125.0,1,1.0,High Risk
9912,77.0,1,612.0,77.0,0,0.0,Low Risk
9913,112.0,3,2373.0,458.0,1,0.74,High Risk
9914,95.0,2,1947.0,453.0,1,0.705,High Risk
9915,107.0,2,1926.0,451.0,1,0.85,High Risk
9916,39.0,1,39.0,39.0,0,0.0,Low Risk
9917,225.0,1,120.0,225.0,1,1.0,High Risk
9918,97.0,2,3234.0,522.0,1,0.86,High Risk
9919,127.0,1,68.0,127.0,1,1.0,High Risk
9920,20.0,1,6.0,20.0,0,0.0,Low Risk
9921,15.0,1,6.0,15.0,0,0.0,Low Risk
9922,92.0,2,3234.0,521.0,1,0.875,High Risk
9923,81.0,2,3226.0,544.0,0,0.155,Low Risk
9924,115.0,3,2374.0,431.0,1,0.685,Medium Risk
9925,214.0,1,70.0,214.0,1,1.0,High Risk
9926,144.0,1,68.0,144.0,1,1.0,High Risk
9927,42.0,1,1120.0,42.0,0,0.0,Low Risk
9928,79.0,1,102.0,79.0,0,0.0,Low Risk
9929,92.0,1,40.0,92.0,1,1.0,High Risk
9930,327.0,1,37.0,327.0,1,1.0,High Risk
9931,65.0,3,2363.0,434.0,0,0.12,Low Risk
9932,51.0,2,3273.0,528.0,0,0.15,Low Risk
9933,77.0,1,48.0,77.0,0,0.0,Low Risk
9934,231.0,2,2519.0,526.0,1,0.945,High Risk
9935,45.0,1,1145.0,45.0,0,0.0,Low Risk
9936,78.0,1,163.0,78.0,0,0.0,Low Risk
9937,33.0,1,1134.0,33.0,0,0.0,Low Risk
9938,146.0,1,120.0,146.0,1,1.0,High Risk
9939,20.0,1,85.0,20.0,0,0.0,Low Risk
9940,72.0,1,14.0,72.0,0,0.0,Low Risk
9941,350.0,1,39.0,350.0,1,1.0,High Risk
9942,341.0,1,126.0,341.0,1,1.0,High Risk
9943,309.0,1,4.0,309.0,1,1.0,High Risk
9944,123.0,1,37.0,123.0,1,1.0,High Risk
9945,356.0,1,227.0,356.0,1,0.985,High Risk
9946,108.0,2,1953.0,427.0,1,0.625,Medium Risk
9947,136.0,1,59.0,136.0,1,1.0,High Risk
9948,3.0,1,37.0,3.0,0,0.0,Low Risk
9949,310.0,1,4.0,310.0,1,1.0,High Risk
9950,304.0,1,155.0,304.0,1,0.995,High Risk
9951,267.0,1,32.0,267.0,1,1.0,High Risk
9952,170.0,1,37.0,170.0,1,1.0,High Risk
9953,45.0,1,37.0,45.0,0,0.0,Low Risk
9954,71.0,1,163.0,71.0,0,0.0,Low Risk
9955,135.0,1,39.0,135.0,1,1.0,High Risk
9956,56.0,1,1164.0,56.0,0,0.0,Low Risk
9957,83.0,1,4.0,83.0,0,0.0,Low Risk
9958,221.0,1,39.0,221.0,1,1.0,High Risk
9959,364.0,1,69.0,364.0,1,1.0,High Risk
9960,87.0,1,39.0,87.0,0,0.0,Low Risk
9961,255.0,1,6.0,255.0,1,1.0,High Risk
9962,36.0,1,4.0,36.0,0,0.0,Low Risk
9963,291.0,1,6.0,291.0,1,1.0,High Risk
9964,328.0,1,43.0,328.0,1,1.0,High Risk
9965,151.0,1,39.0,151.0,1,1.0,High Risk
9966,205.0,1,30.0,205.0,1,1.0,High Risk
9967,50.0,1,1120.0,50.0,0,0.0,Low Risk
9968,240.0,1,5.0,240.0,1,1.0,High Risk
9969,201.0,1,35.0,201.0,1,1.0,High Risk
9970,259.0,1,39.0,259.0,1,1.0,High Risk
9971,90.0,2,1962.0,450.0,0,0.055,Low Risk
9972,87.0,1,39.0,87.0,0,0.0,Low Risk
9973,104.0,1,70.0,104.0,1,1.0,High Risk
9974,144.0,1,194.0,144.0,1,1.0,High Risk
9975,210.0,1,126.0,210.0,1,1.0,High Risk
9976,217.0,2,2515.0,525.0,1,0.985,High Risk
9977,180.0,1,60.0,180.0,1,1.0,High Risk
9978,375.0,1,575.0,375.0,1,1.0,High Risk
9979,180.0,1,5.0,180.0,1,1.0,High Risk
9980,85.0,2,1947.0,430.0,0,0.095,Low Risk
9981,76.0,2,1981.0,444.0,0,0.05,Low Risk
9982,356.0,1,69.0,356.0,1,1.0,High Risk
9983,393.0,2,2547.0,511.0,1,0.96,High Risk
9984,277.0,2,4178.0,775.0,1,0.99,High Risk
9985,302.0,2,4153.0,783.0,1,1.0,High Risk
9986,298.0,2,4118.0,769.0,1,1.0,High Risk
9987,115.0,1,7.0,115.0,1,1.0,High Risk
9988,288.0,2,4132.0,790.0,1,1.0,High Risk
9989,302.0,2,4118.0,787.0,1,1.0,High Risk
9990,276.0,2,4148.0,775.0,1,1.0,High Risk
9991,292.0,2,4196.0,769.0,1,0.955,High Risk
9992,276.0,2,4118.0,785.0,1,1.0,High Risk
9993,298.0,2,4139.0,790.0,1,0.99,High Risk
9994,279.0,2,4261.0,790.0,1,1.0,High Risk
9995,301.0,2,4191.0,790.0,1,0.915,High Risk
9996,280.0,2,4127.0,791.0,1,1.0,High Risk
9997,291.0,2,4149.0,785.0,1,1.0,High Risk
9998,297.0,2,2745.0,741.0,1,0.995,High Risk
9999,279.0,2,2806.0,733.0,1,0.955,High Risk
10000,288.0,2,2736.0,756.0,1,1.0,High Risk
10001,246.0,2,2722.0,734.0,1,0.935,High Risk
10002,273.0,2,3018.0,745.0,1,0.975,High Risk
10003,245.0,2,2992.0,756.0,1,0.975,High Risk
10004,352.0,1,49.0,352.0,1,1.0,High Risk
10005,387.0,1,561.0,387.0,1,1.0,High Risk
10006,168.0,1,25.0,168.0,1,1.0,High Risk
10007,70.0,2,1938.0,435.0,0,0.105,Low Risk
10008,117.0,1,59.0,117.0,1,1.0,High Risk
10009,86.0,2,1957.0,448.0,0,0.165,Low Risk
10010,54.0,1,40.0,54.0,0,0.0,Low Risk
10011,225.0,1,5.0,225.0,1,1.0,High Risk
10012,224.0,2,2528.0,505.0,1,0.9,High Risk
10013,227.0,2,2498.0,490.0,1,1.0,High Risk
10014,366.0,1,549.0,366.0,1,1.0,High Risk
10015,377.0,1,608.0,377.0,1,1.0,High Risk
10016,78.0,2,1957.0,435.0,0,0.005,Low Risk
10017,91.0,2,1938.0,423.0,1,0.72,High Risk
10018,381.0,1,578.0,381.0,1,1.0,High Risk
10019,243.0,2,2515.0,491.0,1,1.0,High Risk
10020,89.0,1,630.0,89.0,0,0.0,Low Risk
10021,242.0,2,2498.0,511.0,1,0.98,High Risk
10022,357.0,1,629.0,357.0,1,1.0,High Risk
10023,343.0,1,540.0,343.0,1,1.0,High Risk
10024,257.0,1,92.0,257.0,1,1.0,High Risk
10025,345.0,1,563.0,345.0,1,1.0,High Risk
10026,94.0,1,70.0,94.0,1,1.0,High Risk
10027,269.0,1,39.0,269.0,1,1.0,High Risk
10028,237.0,2,2538.0,507.0,1,0.95,High Risk
10029,132.0,1,37.0,132.0,1,1.0,High Risk
10030,81.0,2,1934.0,402.0,0,0.125,Low Risk
10031,352.0,1,540.0,352.0,1,1.0,High Risk
10032,348.0,1,598.0,348.0,1,1.0,High Risk
10033,77.0,1,5.0,77.0,0,0.0,Low Risk
10034,351.0,1,554.0,351.0,1,1.0,High Risk
10035,230.0,2,2534.0,512.0,1,0.955,High Risk
10036,85.0,2,1957.0,413.0,0,0.06,Low Risk
10037,242.0,2,2548.0,499.0,1,0.99,High Risk
10038,55.0,3,2437.0,412.0,0,0.61,Medium Risk
10039,56.0,1,574.0,56.0,0,0.0,Low Risk
10040,370.0,2,2484.0,512.0,1,0.97,High Risk
10041,369.0,2,2567.0,518.0,1,0.92,High Risk
10042,358.0,1,589.0,358.0,1,1.0,High Risk
10043,91.0,1,1155.0,91.0,1,1.0,High Risk
10044,151.0,1,40.0,151.0,1,1.0,High Risk
10045,238.0,2,2534.0,464.0,1,0.97,High Risk
10046,56.0,1,23.0,56.0,0,0.0,Low Risk
10047,165.0,1,35.0,165.0,1,1.0,High Risk
10048,86.0,1,1155.0,86.0,0,0.0,Low Risk
10049,345.0,1,578.0,345.0,1,1.0,High Risk
10050,196.0,1,32.0,196.0,1,1.0,High Risk
10051,348.0,1,584.0,348.0,1,1.0,High Risk
10052,76.0,1,1120.0,76.0,0,0.0,Low Risk
10053,56.0,1,1120.0,56.0,0,0.0,Low Risk
10054,226.0,2,2543.0,463.0,1,0.98,High Risk
10055,46.0,1,626.0,46.0,0,0.0,Low Risk
10056,51.0,2,1566.0,168.0,0,0.07,Low Risk
10057,370.0,2,2548.0,475.0,1,0.855,High Risk
10058,85.0,1,2395.0,85.0,0,0.0,Low Risk
10059,219.0,1,69.0,219.0,1,1.0,High Risk
10060,358.0,1,617.0,358.0,1,1.0,High Risk
10061,187.0,2,2508.0,477.0,1,0.95,High Risk
10062,352.0,1,608.0,352.0,1,1.0,High Risk
10063,321.0,1,563.0,321.0,1,0.995,High Risk
10064,282.0,1,60.0,282.0,1,1.0,High Risk
10065,314.0,1,554.0,314.0,1,1.0,High Risk
10066,47.0,2,1548.0,162.0,0,0.04,Low Risk
10067,11.0,1,131.0,11.0,0,0.0,Low Risk
10068,198.0,2,2484.0,458.0,1,0.94,High Risk
10069,298.0,1,81.0,298.0,1,1.0,High Risk
10070,74.0,1,70.0,74.0,0,0.0,Low Risk
10071,347.0,1,30.0,347.0,1,1.0,High Risk
10072,209.0,2,2534.0,480.0,1,0.925,High Risk
10073,320.0,1,540.0,320.0,1,1.0,High Risk
10074,180.0,1,29.0,180.0,1,1.0,High Risk
10075,218.0,1,44.0,218.0,1,1.0,High Risk
10076,287.0,1,60.0,287.0,1,1.0,High Risk
10077,66.0,1,5.0,66.0,0,0.0,Low Risk
10078,208.0,1,23.0,208.0,1,1.0,High Risk
10079,93.0,1,23.0,93.0,1,1.0,High Risk
10080,189.0,1,37.0,189.0,1,0.995,High Risk
10081,18.0,1,110.0,18.0,0,0.0,Low Risk
10082,59.0,1,21.0,59.0,0,0.0,Low Risk
10083,190.0,1,99.0,190.0,1,1.0,High Risk
10084,7.0,1,39.0,7.0,0,0.0,Low Risk
10085,287.0,1,27.0,287.0,1,1.0,High Risk
10086,19.0,1,40.0,19.0,0,0.0,Low Risk
10087,167.0,1,49.0,167.0,1,1.0,High Risk
10088,144.0,1,819.0,144.0,1,1.0,High Risk
10089,298.0,1,30.0,298.0,1,1.0,High Risk
10090,291.0,1,561.0,291.0,1,1.0,High Risk
10091,304.0,1,549.0,304.0,1,1.0,High Risk
10092,192.0,1,14.0,192.0,1,1.0,High Risk
10093,349.0,2,2511.0,461.0,1,0.975,High Risk
10094,332.0,2,2515.0,434.0,1,0.97,High Risk
10095,84.0,1,60.0,84.0,0,0.0,Low Risk
10096,277.0,1,31.0,277.0,1,1.0,High Risk
10097,94.0,1,14.0,94.0,1,1.0,High Risk
10098,162.0,1,29.0,162.0,1,1.0,High Risk
10099,179.0,1,69.0,179.0,1,1.0,High Risk
10100,260.0,1,21.0,260.0,1,1.0,High Risk
10101,48.0,1,1178.0,48.0,0,0.0,Low Risk
10102,129.0,1,32.0,129.0,1,1.0,High Risk
10103,147.0,1,793.0,147.0,1,1.0,High Risk
10104,316.0,2,2507.0,455.0,1,0.92,High Risk
10105,256.0,2,2567.0,447.0,1,0.965,High Risk
10106,263.0,2,2534.0,445.0,1,0.805,High Risk
10107,269.0,2,2538.0,454.0,1,0.985,High Risk
10108,140.0,1,806.0,140.0,1,1.0,High Risk
10109,139.0,1,819.0,139.0,1,1.0,High Risk
10110,78.0,1,40.0,78.0,0,0.0,Low Risk
10111,348.0,1,35.0,348.0,1,1.0,High Risk
10112,354.0,1,37.0,354.0,1,1.0,High Risk
10113,242.0,1,25.0,242.0,1,1.0,High Risk
10114,26.0,1,23.0,26.0,0,0.0,Low Risk
10115,306.0,1,5.0,306.0,1,1.0,High Risk
10116,282.0,1,5.0,282.0,1,1.0,High Risk
10117,92.0,1,79.0,92.0,1,1.0,High Risk
10118,160.0,1,60.0,160.0,1,1.0,High Risk
10119,196.0,1,35.0,196.0,1,1.0,High Risk
10120,123.0,1,25.0,123.0,1,1.0,High Risk
10121,360.0,1,49.0,360.0,1,1.0,High Risk
10122,287.0,1,21.0,287.0,1,1.0,High Risk
10123,292.0,1,143.0,292.0,1,1.0,High Risk
10124,107.0,1,30.0,107.0,1,1.0,High Risk
10125,46.0,1,57.0,46.0,0,0.0,Low Risk
10126,149.0,1,27.0,149.0,1,1.0,High Risk
10127,281.0,1,565.0,281.0,1,1.0,High Risk
10128,167.0,1,60.0,167.0,1,1.0,High Risk
10129,214.0,1,5.0,214.0,1,1.0,High Risk
10130,41.0,1,49.0,41.0,0,0.0,Low Risk
10131,229.0,2,2484.0,457.0,1,0.935,High Risk
10132,216.0,1,40.0,216.0,1,1.0,High Risk
10133,237.0,1,21.0,237.0,1,1.0,High Risk
10134,97.0,1,21.0,97.0,1,1.0,High Risk
10135,263.0,1,70.0,263.0,1,1.0,High Risk
10136,283.0,1,104.0,283.0,1,1.0,High Risk
10137,233.0,1,107.0,233.0,1,1.0,High Risk
10138,102.0,1,37.0,102.0,1,1.0,High Risk
10139,55.0,2,4371.0,547.0,0,0.08,Low Risk
10140,156.0,1,1736.0,156.0,1,1.0,High Risk
10141,251.0,1,15.0,251.0,1,1.0,High Risk
10142,122.0,1,1155.0,122.0,1,1.0,High Risk
10143,37.0,1,78.0,37.0,0,0.0,Low Risk
10144,122.0,1,1155.0,122.0,1,1.0,High Risk
10145,141.0,1,1188.0,141.0,1,1.0,High Risk
10146,89.0,1,70.0,89.0,0,0.0,Low Risk
10147,145.0,1,1155.0,145.0,1,1.0,High Risk
10148,126.0,1,1179.0,126.0,1,1.0,High Risk
10149,52.0,2,3223.0,573.0,0,0.145,Low Risk
10150,137.0,1,1183.0,137.0,1,1.0,High Risk
10151,144.0,1,1170.0,144.0,1,1.0,High Risk
10152,140.0,1,1155.0,140.0,1,1.0,High Risk
10153,149.0,1,1134.0,149.0,1,1.0,High Risk
10154,140.0,1,1147.0,140.0,1,1.0,High Risk
10155,54.0,1,74.0,54.0,0,0.0,Low Risk
10156,141.0,1,1155.0,141.0,1,1.0,High Risk
10157,133.0,1,1149.0,133.0,1,1.0,High Risk
10158,233.0,1,50.0,233.0,1,1.0,High Risk
10159,330.0,1,50.0,330.0,1,1.0,High Risk
10160,342.0,1,74.0,342.0,1,1.0,High Risk
10161,124.0,1,1775.0,124.0,1,1.0,High Risk
10162,128.0,1,1174.0,128.0,1,1.0,High Risk
10163,125.0,1,1155.0,125.0,1,1.0,High Risk
10164,0.0,1,73.0,0.0,0,0.0,Low Risk
10165,174.0,1,69.0,174.0,1,1.0,High Risk
10166,173.0,2,4674.0,731.0,1,0.88,High Risk
10167,172.0,2,4909.0,759.0,1,0.955,High Risk
10168,153.0,2,4658.0,738.0,1,0.965,High Risk
10169,160.0,2,4625.0,742.0,1,0.945,High Risk
10170,180.0,2,4648.0,731.0,1,0.875,High Risk
10171,110.0,1,75.0,110.0,1,1.0,High Risk
10172,267.0,1,37.0,267.0,1,1.0,High Risk
10173,322.0,1,42.0,322.0,1,1.0,High Risk
10174,174.0,2,4660.0,759.0,1,0.87,High Risk
10175,131.0,1,42.0,131.0,1,1.0,High Risk
10176,191.0,1,35.0,191.0,1,1.0,High Risk
10177,363.0,1,35.0,363.0,1,1.0,High Risk
10178,175.0,1,40.0,175.0,1,1.0,High Risk
10179,169.0,1,40.0,169.0,1,1.0,High Risk
10180,171.0,2,4935.0,735.0,1,0.985,High Risk
10181,176.0,2,3883.0,740.0,1,0.975,High Risk
10182,136.0,1,32.0,136.0,1,1.0,High Risk
10183,54.0,1,32.0,54.0,0,0.0,Low Risk
10184,167.0,2,4658.0,754.0,1,0.93,High Risk
10185,154.0,1,75.0,154.0,1,1.0,High Risk
10186,28.0,1,40.0,28.0,0,0.0,Low Risk
10187,277.0,1,35.0,277.0,1,1.0,High Risk
10188,211.0,1,32.0,211.0,1,1.0,High Risk
10189,243.0,1,124.0,243.0,1,1.0,High Risk
10190,170.0,2,4208.0,733.0,1,0.91,High Risk
10191,354.0,1,42.0,354.0,1,0.995,High Risk
10192,159.0,2,4169.0,756.0,1,0.96,High Risk
10193,161.0,2,4229.0,741.0,1,0.97,High Risk
10194,149.0,2,3906.0,761.0,1,0.99,High Risk
10195,143.0,2,3912.0,734.0,1,0.905,High Risk
10196,152.0,2,4144.0,746.0,1,0.95,High Risk
10197,155.0,1,35.0,155.0,1,1.0,High Risk
10198,142.0,2,3918.0,748.0,1,0.94,High Risk
10199,119.0,1,70.0,119.0,1,1.0,High Risk
10200,134.0,2,4144.0,754.0,1,0.935,High Risk
10201,144.0,2,3933.0,758.0,1,0.97,High Risk
10202,166.0,2,4921.0,748.0,1,0.995,High Risk
10203,154.0,2,4633.0,732.0,1,0.77,High Risk
10204,154.0,2,4634.0,734.0,1,0.86,High Risk
10205,128.0,1,75.0,128.0,1,1.0,High Risk
10206,177.0,2,4886.0,735.0,1,0.975,High Risk
10207,150.0,2,3883.0,759.0,1,0.975,High Risk
10208,248.0,1,124.0,248.0,1,1.0,High Risk
10209,275.0,1,40.0,275.0,1,1.0,High Risk
10210,143.0,1,40.0,143.0,1,1.0,High Risk
10211,310.0,1,40.0,310.0,1,1.0,High Risk
10212,165.0,2,4900.0,745.0,1,0.95,High Risk
10213,341.0,1,75.0,341.0,1,1.0,High Risk
10214,94.0,1,64.0,94.0,1,1.0,High Risk
10215,146.0,2,4660.0,740.0,1,0.98,High Risk
10216,135.0,2,4625.0,752.0,1,0.88,High Risk
10217,147.0,2,4935.0,751.0,1,0.995,High Risk
10218,135.0,2,4660.0,710.0,1,0.995,High Risk
10219,146.0,2,4662.0,716.0,1,0.915,High Risk
10220,128.0,2,4697.0,707.0,1,0.97,High Risk
10221,304.0,1,75.0,304.0,1,1.0,High Risk
10222,183.0,1,30.0,183.0,1,1.0,High Risk
10223,146.0,2,3937.0,713.0,1,0.945,High Risk
10224,309.0,1,57.0,309.0,1,1.0,High Risk
10225,112.0,1,42.0,112.0,1,1.0,High Risk
10226,132.0,2,4733.0,722.0,1,0.915,High Risk
10227,143.0,2,4660.0,710.0,1,0.995,High Risk
10228,126.0,1,27.0,126.0,1,1.0,High Risk
10229,152.0,2,3937.0,718.0,1,0.965,High Risk
10230,130.0,2,4198.0,701.0,1,0.94,High Risk
10231,129.0,2,4171.0,722.0,1,0.91,High Risk
10232,100.0,2,3937.0,704.0,1,0.93,High Risk
10233,40.0,1,40.0,40.0,0,0.0,Low Risk
10234,299.0,1,120.0,299.0,1,1.0,High Risk
10235,344.0,1,120.0,344.0,1,1.0,High Risk
10236,133.0,1,1134.0,133.0,1,1.0,High Risk
10237,156.0,1,78.0,156.0,1,1.0,High Risk
10238,169.0,1,70.0,169.0,1,1.0,High Risk
10239,10.0,2,39.0,300.0,0,0.055,Low Risk
10240,212.0,1,7.0,212.0,1,1.0,High Risk
10241,314.0,1,120.0,314.0,1,1.0,High Risk
10242,263.0,1,79.0,263.0,1,1.0,High Risk
10243,322.0,1,79.0,322.0,1,1.0,High Risk
10244,175.0,1,15.0,175.0,1,1.0,High Risk
10245,238.0,1,50.0,238.0,1,1.0,High Risk
10246,220.0,1,23.0,220.0,1,1.0,High Risk
10247,133.0,1,1194.0,133.0,1,1.0,High Risk
10248,116.0,1,15.0,116.0,1,1.0,High Risk
10249,171.0,1,35.0,171.0,1,1.0,High Risk
10250,63.0,1,70.0,63.0,0,0.0,Low Risk
10251,279.0,1,15.0,279.0,1,1.0,High Risk
10252,180.0,2,191.0,204.0,1,0.67,Medium Risk
10253,347.0,2,94.0,352.0,1,0.69,Medium Risk
10254,126.0,1,1155.0,126.0,1,1.0,High Risk
10255,351.0,1,90.0,351.0,1,0.995,High Risk
10256,326.0,1,32.0,326.0,1,1.0,High Risk
10257,99.0,2,3918.0,712.0,1,0.905,High Risk
10258,107.0,2,4144.0,727.0,1,0.695,Medium Risk
10259,106.0,2,3937.0,724.0,1,0.865,High Risk
10260,98.0,2,3908.0,721.0,1,0.88,High Risk
10261,123.0,1,15.0,123.0,1,1.0,High Risk
10262,284.0,1,70.0,284.0,1,1.0,High Risk
10263,53.0,1,69.0,53.0,0,0.0,Low Risk
10264,236.0,1,5.0,236.0,1,1.0,High Risk
10265,139.0,1,1120.0,139.0,1,1.0,High Risk
10266,146.0,1,1730.0,146.0,1,1.0,High Risk
10267,31.0,2,4525.0,541.0,0,0.805,High Risk
10268,143.0,1,1736.0,143.0,1,1.0,High Risk
10269,113.0,1,1726.0,113.0,1,1.0,High Risk
10270,114.0,1,1736.0,114.0,1,1.0,High Risk
10271,206.0,1,79.0,206.0,1,1.0,High Risk
10272,103.0,1,1728.0,103.0,1,1.0,High Risk
10273,31.0,2,4435.0,537.0,0,0.15,Low Risk
10274,191.0,1,15.0,191.0,1,1.0,High Risk
10275,136.0,1,1198.0,136.0,1,1.0,High Risk
10276,104.0,1,1151.0,104.0,1,1.0,High Risk
10277,108.0,1,40.0,108.0,1,1.0,High Risk
10278,108.0,1,5.0,108.0,1,1.0,High Risk
10279,29.0,1,15.0,29.0,0,0.0,Low Risk
10280,180.0,1,5.0,180.0,1,1.0,High Risk
10281,49.0,1,39.0,49.0,0,0.0,Low Risk
10282,92.0,1,1129.0,92.0,1,0.985,High Risk
10283,111.0,1,1120.0,111.0,1,1.0,High Risk
10284,289.0,1,125.0,289.0,1,1.0,High Risk
10285,35.0,2,3223.0,540.0,0,0.435,Medium Risk
10286,257.0,1,15.0,257.0,1,1.0,High Risk
10287,74.0,1,69.0,74.0,0,0.0,Low Risk
10288,166.0,1,45.0,166.0,1,1.0,High Risk
10289,276.0,1,15.0,276.0,1,1.0,High Risk
10290,77.0,1,1764.0,77.0,0,0.0,Low Risk
10291,72.0,1,24.0,72.0,0,0.0,Low Risk
10292,40.0,1,1736.0,40.0,0,0.0,Low Risk
10293,148.0,1,15.0,148.0,1,1.0,High Risk
10294,42.0,1,1764.0,42.0,0,0.0,Low Risk
10295,291.0,1,10.0,291.0,1,1.0,High Risk
10296,81.0,1,57.0,81.0,0,0.0,Low Risk
10297,12.0,1,100.0,12.0,0,0.0,Low Risk
10298,43.0,1,1736.0,43.0,0,0.0,Low Risk
10299,308.0,1,93.0,308.0,1,1.0,High Risk
10300,331.0,1,79.0,331.0,1,1.0,High Risk
10301,379.0,1,1120.0,379.0,1,1.0,High Risk
10302,9.0,1,15.0,9.0,0,0.0,Low Risk
10303,251.0,1,70.0,251.0,1,1.0,High Risk
10304,184.0,1,69.0,184.0,1,1.0,High Risk
10305,251.0,1,24.0,251.0,1,1.0,High Risk
10306,40.0,2,3204.0,531.0,0,0.145,Low Risk
10307,54.0,1,5.0,54.0,0,0.0,Low Risk
10308,304.0,1,24.0,304.0,1,1.0,High Risk
10309,50.0,1,81.0,50.0,0,0.0,Low Risk
10310,353.0,1,1183.0,353.0,1,1.0,High Risk
10311,332.0,1,1120.0,332.0,1,1.0,High Risk
10312,33.0,2,4473.0,537.0,0,0.465,Medium Risk
10313,182.0,1,95.0,182.0,1,0.995,High Risk
10314,253.0,1,1155.0,253.0,1,1.0,High Risk
10315,33.0,1,10.0,33.0,0,0.0,Low Risk
10316,230.0,1,1189.0,230.0,1,1.0,High Risk
10317,107.0,1,69.0,107.0,1,1.0,High Risk
10318,218.0,1,109.0,218.0,1,1.0,High Risk
10319,122.0,1,37.0,122.0,1,1.0,High Risk
10320,61.0,1,24.0,61.0,0,0.0,Low Risk
10321,134.0,1,100.0,134.0,1,1.0,High Risk
10322,319.0,1,50.0,319.0,1,1.0,High Risk
10323,160.0,1,15.0,160.0,1,1.0,High Risk
10324,223.0,1,1120.0,223.0,1,1.0,High Risk
10325,283.0,1,69.0,283.0,1,1.0,High Risk
10326,279.0,1,70.0,279.0,1,1.0,High Risk
10327,225.0,1,1179.0,225.0,1,1.0,High Risk
10328,222.0,1,1120.0,222.0,1,1.0,High Risk
10329,204.0,1,50.0,204.0,1,1.0,High Risk
10330,109.0,1,1179.0,109.0,1,1.0,High Risk
10331,103.0,1,1120.0,103.0,1,1.0,High Risk
10332,382.0,2,2670.0,543.0,1,0.96,High Risk
10333,353.0,2,2616.0,523.0,1,0.975,High Risk
10334,202.0,1,1174.0,202.0,1,1.0,High Risk
10335,177.0,1,1155.0,177.0,1,1.0,High Risk
10336,177.0,1,1183.0,177.0,1,1.0,High Risk
10337,288.0,2,2628.0,502.0,1,0.955,High Risk
10338,161.0,1,50.0,161.0,1,1.0,High Risk
10339,168.0,1,24.0,168.0,1,1.0,High Risk
10340,359.0,1,40.0,359.0,1,1.0,High Risk
10341,264.0,1,23.0,264.0,1,1.0,High Risk
10342,21.0,1,15.0,21.0,0,0.0,Low Risk
10343,174.0,1,1155.0,174.0,1,1.0,High Risk
10344,151.0,1,1170.0,151.0,1,1.0,High Risk
10345,135.0,1,1155.0,135.0,1,1.0,High Risk
10346,173.0,1,30.0,173.0,1,1.0,High Risk
10347,198.0,1,15.0,198.0,1,1.0,High Risk
10348,0.0,1,5.0,0.0,0,0.0,Low Risk
10349,48.0,2,4392.0,514.0,0,0.985,High Risk
10350,382.0,2,2988.0,490.0,1,0.99,High Risk
10351,339.0,1,70.0,339.0,1,1.0,High Risk
10352,93.0,1,17.0,93.0,1,0.995,High Risk
10353,294.0,2,2625.0,504.0,1,0.965,High Risk
10354,198.0,1,45.0,198.0,1,1.0,High Risk
10355,298.0,2,2646.0,507.0,1,0.93,High Risk
10356,119.0,1,1184.0,119.0,1,1.0,High Risk
10357,96.0,1,1174.0,96.0,1,1.0,High Risk
10358,121.0,1,1205.0,121.0,1,1.0,High Risk
10359,309.0,1,10.0,309.0,1,1.0,High Risk
10360,252.0,2,3032.0,714.0,1,0.975,High Risk
10361,141.0,1,94.0,141.0,1,1.0,High Risk
10362,273.0,2,2997.0,713.0,1,0.985,High Risk
10363,9.0,1,94.0,9.0,0,0.0,Low Risk
10364,276.0,1,5.0,276.0,1,1.0,High Risk
10365,2.0,1,7.0,2.0,0,0.0,Low Risk
10366,276.0,1,7.0,276.0,1,1.0,High Risk
10367,361.0,1,40.0,361.0,1,1.0,High Risk
10368,341.0,1,7.0,341.0,1,1.0,High Risk
10369,213.0,1,15.0,213.0,1,1.0,High Risk
10370,121.0,1,1155.0,121.0,1,1.0,High Risk
10371,196.0,1,40.0,196.0,1,1.0,High Risk
10372,206.0,1,7.0,206.0,1,1.0,High Risk
10373,160.0,1,75.0,160.0,1,1.0,High Risk
10374,322.0,1,15.0,322.0,1,1.0,High Risk
10375,323.0,1,7.0,323.0,1,1.0,High Risk
10376,332.0,1,40.0,332.0,1,1.0,High Risk
10377,156.0,1,5.0,156.0,1,1.0,High Risk
10378,238.0,1,70.0,238.0,1,1.0,High Risk
10379,195.0,1,79.0,195.0,1,1.0,High Risk
10380,252.0,2,2992.0,714.0,1,0.985,High Risk
10381,271.0,2,2736.0,717.0,1,0.92,High Risk
10382,76.0,1,70.0,76.0,0,0.0,Low Risk
10383,353.0,1,70.0,353.0,1,1.0,High Risk
10384,89.0,1,70.0,89.0,0,0.0,Low Risk
10385,250.0,2,2921.0,711.0,1,1.0,High Risk
10386,41.0,1,609.0,41.0,0,0.0,Low Risk
10387,33.0,1,540.0,33.0,0,0.0,Low Risk
10388,245.0,2,2745.0,725.0,1,0.895,High Risk
10389,105.0,1,1179.0,105.0,1,1.0,High Risk
10390,271.0,2,2771.0,723.0,1,0.71,High Risk
10391,51.0,1,32.0,51.0,0,0.0,Low Risk
10392,357.0,1,30.0,357.0,1,1.0,High Risk
10393,72.0,1,30.0,72.0,0,0.0,Low Risk
10394,136.0,2,4924.0,725.0,1,0.875,High Risk
10395,140.0,2,4658.0,728.0,1,0.62,Medium Risk
10396,23.0,1,99.0,23.0,0,0.0,Low Risk
10397,118.0,1,1170.0,118.0,1,1.0,High Risk
10398,195.0,1,50.0,195.0,1,1.0,High Risk
10399,64.0,1,24.0,64.0,0,0.0,Low Risk
10400,91.0,1,10.0,91.0,1,1.0,High Risk
10401,254.0,2,2689.0,501.0,1,0.81,High Risk
10402,107.0,1,1174.0,107.0,1,1.0,High Risk
10403,134.0,2,4625.0,708.0,1,0.985,High Risk
10404,130.0,2,4895.0,719.0,1,0.93,High Risk
10405,147.0,2,4684.0,707.0,1,0.965,High Risk
10406,215.0,1,75.0,215.0,1,1.0,High Risk
10407,316.0,1,75.0,316.0,1,1.0,High Risk
10408,365.0,1,42.0,365.0,1,1.0,High Risk
10409,148.0,2,4625.0,719.0,1,0.965,High Risk
10410,279.0,1,35.0,279.0,1,1.0,High Risk
10411,75.0,1,1155.0,75.0,0,0.0,Low Risk
10412,62.0,1,1147.0,62.0,0,0.0,Low Risk
10413,357.0,1,60.0,357.0,1,1.0,High Risk
10414,218.0,1,15.0,218.0,1,1.0,High Risk
10415,33.0,1,15.0,33.0,0,0.0,Low Risk
10416,109.0,1,50.0,109.0,1,1.0,High Risk
10417,99.0,1,1155.0,99.0,1,1.0,High Risk
10418,99.0,1,1155.0,99.0,1,1.0,High Risk
10419,127.0,2,4660.0,719.0,1,0.98,High Risk
10420,251.0,1,65.0,251.0,1,1.0,High Risk
10421,90.0,1,79.0,90.0,0,0.0,Low Risk
10422,190.0,1,100.0,190.0,1,1.0,High Risk
10423,87.0,1,1184.0,87.0,0,0.0,Low Risk
10424,136.0,2,2888.0,495.0,1,0.915,High Risk
10425,111.0,1,1170.0,111.0,1,1.0,High Risk
10426,205.0,1,10.0,205.0,1,1.0,High Risk
10427,103.0,1,1149.0,103.0,1,1.0,High Risk
10428,61.0,1,1155.0,61.0,0,0.0,Low Risk
10429,67.0,1,1155.0,67.0,0,0.0,Low Risk
10430,41.0,1,1174.0,41.0,0,0.0,Low Risk
10431,136.0,1,74.0,136.0,1,1.0,High Risk
10432,33.0,1,57.0,33.0,0,0.0,Low Risk
10433,328.0,1,15.0,328.0,1,1.0,High Risk
10434,162.0,1,69.0,162.0,1,1.0,High Risk
10435,33.0,1,1183.0,33.0,0,0.0,Low Risk
10436,41.0,1,1170.0,41.0,0,0.0,Low Risk
10437,33.0,1,1193.0,33.0,0,0.0,Low Risk
10438,36.0,1,1136.0,36.0,0,0.0,Low Risk
10439,383.0,1,561.0,383.0,1,1.0,High Risk
10440,387.0,1,540.0,387.0,1,1.0,High Risk
10441,395.0,1,563.0,395.0,1,1.0,High Risk
10442,15.0,1,7.0,15.0,0,0.0,Low Risk
10443,351.0,1,15.0,351.0,1,1.0,High Risk
10444,336.0,1,50.0,336.0,1,1.0,High Risk
10445,248.0,1,23.0,248.0,1,1.0,High Risk
10446,334.0,1,114.0,334.0,1,0.995,High Risk
10447,264.0,1,55.0,264.0,1,1.0,High Risk
10448,202.0,1,22.0,202.0,1,1.0,High Risk
10449,373.0,1,564.0,373.0,1,1.0,High Risk
10450,254.0,1,15.0,254.0,1,1.0,High Risk
10451,91.0,1,60.0,91.0,1,1.0,High Risk
10452,218.0,1,24.0,218.0,1,1.0,High Risk
10453,213.0,1,50.0,213.0,1,1.0,High Risk
10454,326.0,1,37.0,326.0,1,1.0,High Risk
10455,91.0,1,10.0,91.0,1,1.0,High Risk
10456,261.0,1,15.0,261.0,1,1.0,High Risk
10457,266.0,1,104.0,266.0,1,1.0,High Risk
10458,123.0,1,70.0,123.0,1,1.0,High Risk
10459,227.0,1,50.0,227.0,1,1.0,High Risk
10460,347.0,1,15.0,347.0,1,1.0,High Risk
10461,190.0,1,15.0,190.0,1,1.0,High Risk
10462,90.0,1,142.0,90.0,0,0.0,Low Risk
10463,41.0,1,50.0,41.0,0,0.0,Low Risk
10464,174.0,1,24.0,174.0,1,1.0,High Risk
10465,68.0,1,77.0,68.0,0,0.0,Low Risk
10466,383.0,1,575.0,383.0,1,1.0,High Risk
10467,370.0,1,556.0,370.0,1,1.0,High Risk
10468,132.0,1,24.0,132.0,1,1.0,High Risk
10469,137.0,1,65.0,137.0,1,1.0,High Risk
10470,383.0,1,589.0,383.0,1,1.0,High Risk
10471,375.0,1,563.0,375.0,1,1.0,High Risk
10472,299.0,1,32.0,299.0,1,1.0,High Risk
10473,329.0,1,50.0,329.0,1,1.0,High Risk
10474,134.0,1,79.0,134.0,1,1.0,High Risk
10475,338.0,1,45.0,338.0,1,1.0,High Risk
10476,92.0,1,1147.0,92.0,1,0.995,High Risk
10477,97.0,1,1197.0,97.0,1,1.0,High Risk
10478,221.0,1,24.0,221.0,1,1.0,High Risk
10479,107.0,1,1155.0,107.0,1,1.0,High Risk
10480,98.0,1,1149.0,98.0,1,1.0,High Risk
10481,33.0,1,40.0,33.0,0,0.0,Low Risk
10482,143.0,1,10.0,143.0,1,1.0,High Risk
10483,121.0,1,1129.0,121.0,1,1.0,High Risk
10484,104.0,1,1205.0,104.0,1,1.0,High Risk
10485,111.0,1,1120.0,111.0,1,1.0,High Risk
10486,100.0,1,1149.0,100.0,1,1.0,High Risk
10487,121.0,1,1155.0,121.0,1,1.0,High Risk
10488,377.0,1,549.0,377.0,1,1.0,High Risk
10489,381.0,1,639.0,381.0,1,1.0,High Risk
10490,142.0,1,7.0,142.0,1,1.0,High Risk
10491,66.0,1,7.0,66.0,0,0.0,Low Risk
10492,107.0,1,1174.0,107.0,1,1.0,High Risk
10493,242.0,1,15.0,242.0,1,1.0,High Risk
10494,46.0,1,69.0,46.0,0,0.0,Low Risk
10495,170.0,1,7.0,170.0,1,1.0,High Risk
10496,31.0,1,24.0,31.0,0,0.0,Low Risk
10497,339.0,1,15.0,339.0,1,1.0,High Risk
10498,51.0,1,89.0,51.0,0,0.0,Low Risk
10499,75.0,1,135.0,75.0,0,0.0,Low Risk
10500,86.0,1,100.0,86.0,0,0.0,Low Risk
10501,344.0,1,23.0,344.0,1,1.0,High Risk
10502,384.0,2,2661.0,517.0,1,0.9,High Risk
10503,106.0,1,50.0,106.0,1,1.0,High Risk
10504,69.0,1,50.0,69.0,0,0.0,Low Risk
10505,104.0,1,1155.0,104.0,1,1.0,High Risk
10506,59.0,1,2355.0,59.0,0,0.0,Low Risk
10507,41.0,1,2370.0,41.0,0,0.0,Low Risk
10508,358.0,1,25.0,358.0,1,1.0,High Risk
10509,47.0,2,3153.0,425.0,0,0.065,Low Risk
10510,37.0,2,3118.0,424.0,0,0.135,Low Risk
10511,301.0,1,129.0,301.0,1,1.0,High Risk
10512,196.0,1,32.0,196.0,1,1.0,High Risk
10513,126.0,1,25.0,126.0,1,1.0,High Risk
10514,161.0,1,120.0,161.0,1,0.995,High Risk
10515,242.0,1,70.0,242.0,1,1.0,High Risk
10516,236.0,1,49.0,236.0,1,1.0,High Risk
10517,48.0,2,3102.0,406.0,0,0.13,Low Risk
10518,58.0,2,3173.0,412.0,0,0.09,Low Risk
10519,192.0,1,144.0,192.0,1,0.995,High Risk
10520,231.0,1,70.0,231.0,1,1.0,High Risk
10521,89.0,1,32.0,89.0,0,0.0,Low Risk
10522,165.0,1,43.0,165.0,1,1.0,High Risk
10523,210.0,1,124.0,210.0,1,1.0,High Risk
10524,0.0,1,39.0,0.0,0,0.0,Low Risk
10525,0.0,1,115.0,0.0,0,0.0,Low Risk
10526,346.0,1,32.0,346.0,1,1.0,High Risk
10527,159.0,1,30.0,159.0,1,1.0,High Risk
10528,33.0,1,2295.0,33.0,0,0.0,Low Risk
10529,62.0,1,35.0,62.0,0,0.0,Low Risk
10530,65.0,1,30.0,65.0,0,0.0,Low Risk
10531,173.0,1,129.0,173.0,1,1.0,High Risk
10532,6.0,1,57.0,6.0,0,0.0,Low Risk
10533,36.0,1,2400.0,36.0,0,0.005,Low Risk
10534,208.0,1,40.0,208.0,1,1.0,High Risk
10535,391.0,2,1622.0,426.0,1,0.725,High Risk
10536,76.0,1,70.0,76.0,0,0.0,Low Risk
10537,132.0,1,79.0,132.0,1,1.0,High Risk
10538,50.0,1,2320.0,50.0,0,0.0,Low Risk
10539,39.0,1,2370.0,39.0,0,0.0,Low Risk
10540,123.0,1,35.0,123.0,1,1.0,High Risk
10541,203.0,2,1602.0,420.0,1,0.73,High Risk
10542,144.0,1,150.0,144.0,1,1.0,High Risk
10543,51.0,1,2330.0,51.0,0,0.0,Low Risk
10544,184.0,1,37.0,184.0,1,1.0,High Risk
10545,82.0,1,30.0,82.0,0,0.0,Low Risk
10546,208.0,2,1631.0,407.0,1,0.77,High Risk
10547,120.0,1,5.0,120.0,1,1.0,High Risk
10548,151.0,1,73.0,151.0,1,1.0,High Risk
10549,131.0,1,37.0,131.0,1,1.0,High Risk
10550,330.0,1,99.0,330.0,1,1.0,High Risk
10551,172.0,1,59.0,172.0,1,1.0,High Risk
10552,179.0,1,30.0,179.0,1,1.0,High Risk
10553,130.0,2,4625.0,718.0,1,0.975,High Risk
10554,145.0,2,4667.0,700.0,1,0.85,High Risk
10555,156.0,1,75.0,156.0,1,1.0,High Risk
10556,138.0,2,4716.0,708.0,1,0.985,High Risk
10557,137.0,2,4930.0,724.0,1,0.93,High Risk
10558,127.0,2,4886.0,701.0,1,0.755,High Risk
10559,144.0,2,4919.0,706.0,1,0.94,High Risk
10560,133.0,2,4900.0,711.0,1,0.915,High Risk
10561,135.0,2,4703.0,709.0,1,0.96,High Risk
10562,152.0,2,4947.0,729.0,1,0.875,High Risk
10563,106.0,2,4633.0,678.0,1,0.315,Low Risk
10564,333.0,1,40.0,333.0,1,1.0,High Risk
10565,263.0,1,75.0,263.0,1,1.0,High Risk
10566,345.0,1,49.0,345.0,1,1.0,High Risk
10567,338.0,1,42.0,338.0,1,1.0,High Risk
10568,94.0,2,4973.0,689.0,1,0.805,High Risk
10569,92.0,2,4660.0,696.0,1,0.93,High Risk
10570,99.0,2,4959.0,675.0,1,0.655,Medium Risk
10571,93.0,2,4706.0,683.0,1,0.6,Medium Risk
10572,120.0,2,4625.0,687.0,1,0.74,High Risk
10573,97.0,2,4660.0,692.0,1,0.905,High Risk
10574,172.0,1,62.0,172.0,1,1.0,High Risk
10575,350.0,1,124.0,350.0,1,1.0,High Risk
10576,394.0,1,549.0,394.0,1,1.0,High Risk
10577,368.0,1,549.0,368.0,1,1.0,High Risk
10578,56.0,1,40.0,56.0,0,0.0,Low Risk
10579,155.0,1,17.0,155.0,1,0.995,High Risk
10580,239.0,1,15.0,239.0,1,1.0,High Risk
10581,231.0,1,45.0,231.0,1,1.0,High Risk
10582,356.0,1,24.0,356.0,1,1.0,High Risk
10583,271.0,2,2638.0,478.0,1,0.705,High Risk
10584,104.0,1,1214.0,104.0,1,1.0,High Risk
10585,113.0,1,1155.0,113.0,1,1.0,High Risk
10586,94.0,1,1179.0,94.0,1,1.0,High Risk
10587,97.0,1,1120.0,97.0,1,0.995,High Risk
10588,92.0,1,1155.0,92.0,1,1.0,High Risk
10589,79.0,1,1174.0,79.0,0,0.0,Low Risk
10590,254.0,2,2589.0,486.0,1,0.985,High Risk
10591,79.0,1,1169.0,79.0,0,0.0,Low Risk
10592,37.0,1,70.0,37.0,0,0.0,Low Risk
10593,93.0,1,24.0,93.0,1,1.0,High Risk
10594,83.0,1,1155.0,83.0,0,0.0,Low Risk
10595,83.0,1,1169.0,83.0,0,0.0,Low Risk
10596,262.0,2,2649.0,484.0,1,0.9,High Risk
10597,68.0,1,1155.0,68.0,0,0.0,Low Risk
10598,374.0,1,561.0,374.0,1,1.0,High Risk
10599,75.0,1,1120.0,75.0,0,0.0,Low Risk
10600,84.0,1,1170.0,84.0,0,0.0,Low Risk
10601,393.0,1,563.0,393.0,1,1.0,High Risk
10602,342.0,1,589.0,342.0,1,1.0,High Risk
10603,357.0,1,549.0,357.0,1,1.0,High Risk
10604,359.0,1,567.0,359.0,1,1.0,High Risk
10605,75.0,1,1179.0,75.0,0,0.0,Low Risk
10606,85.0,1,1179.0,85.0,0,0.0,Low Risk
10607,83.0,1,1155.0,83.0,0,0.0,Low Risk
10608,77.0,1,1120.0,77.0,0,0.0,Low Risk
10609,340.0,1,575.0,340.0,1,1.0,High Risk
10610,358.0,1,554.0,358.0,1,1.0,High Risk
10611,335.0,1,549.0,335.0,1,0.99,High Risk
10612,338.0,1,618.0,338.0,1,1.0,High Risk
10613,197.0,1,15.0,197.0,1,1.0,High Risk
10614,223.0,2,2610.0,468.0,1,0.955,High Risk
10615,224.0,2,2589.0,436.0,1,0.935,High Risk
10616,85.0,1,1155.0,85.0,0,0.0,Low Risk
10617,286.0,1,69.0,286.0,1,1.0,High Risk
10618,8.0,1,15.0,8.0,0,0.0,Low Risk
10619,361.0,2,2611.0,447.0,1,0.965,High Risk
10620,345.0,1,556.0,345.0,1,1.0,High Risk
10621,215.0,2,2620.0,457.0,1,0.935,High Risk
10622,206.0,2,2616.0,434.0,1,0.97,High Risk
10623,135.0,2,2612.0,451.0,1,0.905,High Risk
10624,42.0,1,10.0,42.0,0,0.0,Low Risk
10625,263.0,1,50.0,263.0,1,1.0,High Risk
10626,170.0,1,69.0,170.0,1,1.0,High Risk
10627,139.0,1,135.0,139.0,1,0.995,High Risk
10628,217.0,1,17.0,217.0,1,1.0,High Risk
10629,145.0,1,78.0,145.0,1,1.0,High Risk
10630,100.0,2,2624.0,431.0,1,0.9,High Risk
10631,349.0,1,15.0,349.0,1,1.0,High Risk
10632,198.0,1,7.0,198.0,1,1.0,High Risk
10633,294.0,1,15.0,294.0,1,1.0,High Risk
10634,311.0,1,65.0,311.0,1,1.0,High Risk
10635,131.0,1,50.0,131.0,1,1.0,High Risk
10636,221.0,1,74.0,221.0,1,1.0,High Risk
10637,187.0,1,15.0,187.0,1,1.0,High Risk
10638,76.0,1,1155.0,76.0,0,0.0,Low Risk
10639,82.0,1,1170.0,82.0,0,0.0,Low Risk
10640,170.0,1,10.0,170.0,1,1.0,High Risk
10641,192.0,1,124.0,192.0,1,0.995,High Risk
10642,62.0,1,1120.0,62.0,0,0.0,Low Risk
10643,103.0,2,2620.0,449.0,1,0.945,High Risk
10644,64.0,1,1170.0,64.0,0,0.0,Low Risk
10645,67.0,1,1145.0,67.0,0,0.0,Low Risk
10646,77.0,1,1183.0,77.0,0,0.0,Low Risk
10647,344.0,1,563.0,344.0,1,1.0,High Risk
10648,352.0,1,609.0,352.0,1,1.0,High Risk
10649,349.0,1,549.0,349.0,1,1.0,High Risk
10650,344.0,1,554.0,344.0,1,1.0,High Risk
10651,347.0,1,554.0,347.0,1,1.0,High Risk
10652,324.0,1,609.0,324.0,1,1.0,High Risk
10653,363.0,2,2646.0,456.0,1,0.91,High Risk
10654,305.0,1,589.0,305.0,1,1.0,High Risk
10655,318.0,1,604.0,318.0,1,1.0,High Risk
10656,310.0,2,2648.0,397.0,1,0.75,High Risk
10657,165.0,1,57.0,165.0,1,1.0,High Risk
10658,281.0,1,15.0,281.0,1,1.0,High Risk
10659,108.0,2,2641.0,421.0,1,0.995,High Risk
10660,85.0,2,4143.0,1108.0,0,0.03,Low Risk
10661,68.0,1,1134.0,68.0,0,0.0,Low Risk
10662,215.0,1,59.0,215.0,1,1.0,High Risk
10663,281.0,1,21.0,281.0,1,1.0,High Risk
10664,162.0,1,40.0,162.0,1,1.0,High Risk
10665,86.0,1,60.0,86.0,0,0.0,Low Risk
10666,282.0,1,554.0,282.0,1,1.0,High Risk
10667,126.0,1,828.0,126.0,1,1.0,High Risk
10668,118.0,1,819.0,118.0,1,1.0,High Risk
10669,221.0,2,2519.0,401.0,1,0.99,High Risk
10670,189.0,2,2484.0,426.0,1,0.805,High Risk
10671,139.0,1,147.0,139.0,1,1.0,High Risk
10672,283.0,1,629.0,283.0,1,1.0,High Risk
10673,33.0,1,1155.0,33.0,0,0.0,Low Risk
10674,275.0,1,639.0,275.0,1,1.0,High Risk
10675,92.0,1,5.0,92.0,1,1.0,High Risk
10676,13.0,1,99.0,13.0,0,0.0,Low Risk
10677,31.0,1,23.0,31.0,0,0.0,Low Risk
10678,91.0,1,21.0,91.0,1,1.0,High Risk
10679,325.0,1,43.0,325.0,1,1.0,High Risk
10680,199.0,1,1701.0,199.0,1,1.0,High Risk
10681,328.0,1,49.0,328.0,1,1.0,High Risk
10682,103.0,1,799.0,103.0,1,1.0,High Risk
10683,115.0,1,7.0,115.0,1,1.0,High Risk
10684,211.0,1,1779.0,211.0,1,1.0,High Risk
10685,170.0,1,60.0,170.0,1,1.0,High Risk
10686,63.0,1,1205.0,63.0,0,0.0,Low Risk
10687,193.0,1,10.0,193.0,1,1.0,High Risk
10688,101.0,1,24.0,101.0,1,1.0,High Risk
10689,322.0,1,15.0,322.0,1,1.0,High Risk
10690,76.0,1,15.0,76.0,0,0.0,Low Risk
10691,285.0,1,94.0,285.0,1,1.0,High Risk
10692,273.0,1,40.0,273.0,1,1.0,High Risk
10693,200.0,1,15.0,200.0,1,1.0,High Risk
10694,242.0,1,45.0,242.0,1,1.0,High Risk
10695,136.0,1,50.0,136.0,1,1.0,High Risk
10696,62.0,1,1169.0,62.0,0,0.0,Low Risk
10697,30.0,1,69.0,30.0,0,0.0,Low Risk
10698,99.0,1,15.0,99.0,1,1.0,High Risk
10699,317.0,1,15.0,317.0,1,1.0,High Risk
10700,90.0,1,1158.0,90.0,0,0.0,Low Risk
10701,90.0,1,1174.0,90.0,0,0.0,Low Risk
10702,234.0,1,78.0,234.0,1,1.0,High Risk
10703,119.0,2,92.0,322.0,1,0.855,High Risk
10704,24.0,2,44.0,149.0,0,0.075,Low Risk
10705,77.0,1,1151.0,77.0,0,0.0,Low Risk
10706,54.0,1,50.0,54.0,0,0.0,Low Risk
10707,158.0,1,100.0,158.0,1,1.0,High Risk
10708,98.0,1,15.0,98.0,1,1.0,High Risk
10709,177.0,1,50.0,177.0,1,1.0,High Risk
10710,86.0,1,1155.0,86.0,0,0.0,Low Risk
10711,80.0,2,4187.0,1103.0,0,0.05,Low Risk
10712,84.0,1,1179.0,84.0,0,0.0,Low Risk
10713,267.0,1,69.0,267.0,1,1.0,High Risk
10714,246.0,1,15.0,246.0,1,1.0,High Risk
10715,26.0,1,65.0,26.0,0,0.0,Low Risk
10716,350.0,1,15.0,350.0,1,1.0,High Risk
10717,141.0,1,15.0,141.0,1,1.0,High Risk
10718,0.0,1,45.0,0.0,0,0.0,Low Risk
10719,155.0,1,23.0,155.0,1,1.0,High Risk
10720,89.0,1,100.0,89.0,0,0.0,Low Risk
10721,342.0,1,15.0,342.0,1,1.0,High Risk
10722,107.0,1,15.0,107.0,1,1.0,High Risk
10723,79.0,1,15.0,79.0,0,0.0,Low Risk
10724,67.0,1,1205.0,67.0,0,0.0,Low Risk
10725,200.0,1,15.0,200.0,1,1.0,High Risk
10726,200.0,1,5.0,200.0,1,1.0,High Risk
10727,198.0,1,42.0,198.0,1,1.0,High Risk
10728,63.0,2,4132.0,1097.0,0,0.075,Low Risk
10729,89.0,1,1205.0,89.0,0,0.0,Low Risk
10730,124.0,1,50.0,124.0,1,1.0,High Risk
10731,55.0,1,17.0,55.0,0,0.0,Low Risk
10732,39.0,1,15.0,39.0,0,0.0,Low Risk
10733,106.0,1,84.0,106.0,1,0.995,High Risk
10734,44.0,1,15.0,44.0,0,0.0,Low Risk
10735,22.0,1,15.0,22.0,0,0.0,Low Risk
10736,32.0,1,94.0,32.0,0,0.0,Low Risk
10737,73.0,1,95.0,73.0,0,0.0,Low Risk
10738,86.0,1,60.0,86.0,0,0.0,Low Risk
10739,55.0,1,70.0,55.0,0,0.0,Low Risk
10740,299.0,1,37.0,299.0,1,1.0,High Risk
10741,14.0,1,131.0,14.0,0,0.0,Low Risk
10742,332.0,2,4127.0,1102.0,1,0.555,Medium Risk
10743,274.0,1,31.0,274.0,1,1.0,High Risk
10744,274.0,1,50.0,274.0,1,1.0,High Risk
10745,121.0,1,50.0,121.0,1,0.995,High Risk
10746,171.0,1,72.0,171.0,1,1.0,High Risk
10747,68.0,1,1174.0,68.0,0,0.0,Low Risk
10748,334.0,1,540.0,334.0,1,0.99,High Risk
10749,330.0,1,600.0,330.0,1,1.0,High Risk
10750,65.0,1,1155.0,65.0,0,0.0,Low Risk
10751,301.0,1,69.0,301.0,1,1.0,High Risk
10752,158.0,1,50.0,158.0,1,1.0,High Risk
10753,54.0,1,7.0,54.0,0,0.0,Low Risk
10754,273.0,1,79.0,273.0,1,1.0,High Risk
10755,134.0,1,15.0,134.0,1,1.0,High Risk
10756,105.0,1,15.0,105.0,1,1.0,High Risk
10757,333.0,1,554.0,333.0,1,1.0,High Risk
10758,5.0,1,74.0,5.0,0,0.0,Low Risk
10759,107.0,1,15.0,107.0,1,1.0,High Risk
10760,43.0,1,64.0,43.0,0,0.0,Low Risk
10761,115.0,1,50.0,115.0,1,1.0,High Risk
10762,196.0,1,135.0,196.0,1,0.995,High Risk
10763,362.0,1,79.0,362.0,1,1.0,High Risk
10764,75.0,1,50.0,75.0,0,0.0,Low Risk
10765,310.0,1,7.0,310.0,1,1.0,High Risk
10766,234.0,1,79.0,234.0,1,1.0,High Risk
10767,324.0,1,540.0,324.0,1,1.0,High Risk
10768,178.0,1,124.0,178.0,1,1.0,High Risk
10769,289.0,2,4118.0,1126.0,1,0.81,High Risk
10770,331.0,1,604.0,331.0,1,1.0,High Risk
10771,193.0,1,24.0,193.0,1,1.0,High Risk
10772,201.0,1,23.0,201.0,1,1.0,High Risk
10773,129.0,1,24.0,129.0,1,1.0,High Risk
10774,246.0,1,15.0,246.0,1,1.0,High Risk
10775,47.0,1,50.0,47.0,0,0.0,Low Risk
10776,303.0,1,70.0,303.0,1,1.0,High Risk
10777,271.0,1,24.0,271.0,1,1.0,High Risk
10778,65.0,1,181.0,65.0,0,0.0,Low Risk
10779,102.0,1,15.0,102.0,1,1.0,High Risk
10780,40.0,1,15.0,40.0,0,0.0,Low Risk
10781,297.0,1,78.0,297.0,1,1.0,High Risk
10782,85.0,1,1174.0,85.0,0,0.0,Low Risk
10783,275.0,1,50.0,275.0,1,1.0,High Risk
10784,337.0,1,50.0,337.0,1,1.0,High Risk
10785,259.0,1,50.0,259.0,1,1.0,High Risk
10786,67.0,1,1155.0,67.0,0,0.0,Low Risk
10787,152.0,1,120.0,152.0,1,1.0,High Risk
10788,343.0,1,17.0,343.0,1,1.0,High Risk
10789,63.0,1,1120.0,63.0,0,0.0,Low Risk
10790,266.0,1,15.0,266.0,1,1.0,High Risk
10791,233.0,1,74.0,233.0,1,1.0,High Risk
10792,305.0,1,575.0,305.0,1,1.0,High Risk
10793,59.0,1,114.0,59.0,0,0.0,Low Risk
10794,63.0,1,1155.0,63.0,0,0.0,Low Risk
10795,88.0,1,1179.0,88.0,0,0.0,Low Risk
10796,322.0,1,613.0,322.0,1,0.995,High Risk
10797,163.0,1,60.0,163.0,1,1.0,High Risk
10798,86.0,1,1155.0,86.0,0,0.0,Low Risk
10799,78.0,1,1174.0,78.0,0,0.0,Low Risk
10800,182.0,1,24.0,182.0,1,1.0,High Risk
10801,146.0,1,65.0,146.0,1,1.0,High Risk
10802,176.0,1,45.0,176.0,1,1.0,High Risk
10803,302.0,1,78.0,302.0,1,1.0,High Risk
10804,94.0,1,40.0,94.0,1,1.0,High Risk
10805,188.0,1,15.0,188.0,1,1.0,High Risk
10806,288.0,1,50.0,288.0,1,1.0,High Risk
10807,139.0,1,15.0,139.0,1,1.0,High Risk
10808,76.0,1,1120.0,76.0,0,0.0,Low Risk
10809,88.0,1,1155.0,88.0,0,0.0,Low Risk
10810,109.0,1,50.0,109.0,1,1.0,High Risk
10811,333.0,1,563.0,333.0,1,1.0,High Risk
10812,62.0,1,17.0,62.0,0,0.0,Low Risk
10813,76.0,1,1155.0,76.0,0,0.0,Low Risk
10814,35.0,2,4118.0,1078.0,0,0.375,Low Risk
10815,202.0,1,15.0,202.0,1,1.0,High Risk
10816,298.0,1,64.0,298.0,1,1.0,High Risk
10817,211.0,1,83.0,211.0,1,1.0,High Risk
10818,94.0,1,791.0,94.0,1,0.995,High Risk
10819,271.0,1,191.0,271.0,1,1.0,High Risk
10820,325.0,1,32.0,325.0,1,1.0,High Risk
10821,172.0,1,39.0,172.0,1,1.0,High Risk
10822,185.0,1,49.0,185.0,1,1.0,High Risk
10823,246.0,1,565.0,246.0,1,1.0,High Risk
10824,125.0,1,5.0,125.0,1,1.0,High Risk
10825,49.0,1,27.0,49.0,0,0.0,Low Risk
10826,30.0,1,5.0,30.0,0,0.0,Low Risk
10827,75.0,1,13.0,75.0,0,0.0,Low Risk
10828,40.0,1,2355.0,40.0,0,0.0,Low Risk
10829,48.0,1,2322.0,48.0,0,0.0,Low Risk
10830,108.0,1,64.0,108.0,1,1.0,High Risk
10831,232.0,1,540.0,232.0,1,1.0,High Risk
10832,114.0,1,35.0,114.0,1,1.0,High Risk
10833,13.0,1,40.0,13.0,0,0.0,Low Risk
10834,50.0,1,2295.0,50.0,0,0.0,Low Risk
10835,118.0,1,59.0,118.0,1,1.0,High Risk
10836,50.0,1,2361.0,50.0,0,0.0,Low Risk
10837,186.0,1,5.0,186.0,1,1.0,High Risk
10838,24.0,1,69.0,24.0,0,0.0,Low Risk
10839,231.0,1,5.0,231.0,1,1.0,High Risk
10840,154.0,1,93.0,154.0,1,1.0,High Risk
10841,360.0,1,31.0,360.0,1,1.0,High Risk
10842,193.0,1,25.0,193.0,1,1.0,High Risk
10843,137.0,1,49.0,137.0,1,1.0,High Risk
10844,297.0,1,14.0,297.0,1,1.0,High Risk
10845,184.0,1,40.0,184.0,1,1.0,High Risk
10846,305.0,1,5.0,305.0,1,1.0,High Risk
10847,319.0,1,40.0,319.0,1,1.0,High Risk
10848,188.0,1,188.0,188.0,1,1.0,High Risk
10849,227.0,1,565.0,227.0,1,1.0,High Risk
10850,312.0,1,40.0,312.0,1,1.0,High Risk
10851,127.0,1,5.0,127.0,1,1.0,High Risk
10852,309.0,1,5.0,309.0,1,1.0,High Risk
10853,169.0,1,5.0,169.0,1,1.0,High Risk
10854,150.0,1,90.0,150.0,1,1.0,High Risk
10855,90.0,1,25.0,90.0,0,0.0,Low Risk
10856,162.0,1,580.0,162.0,1,1.0,High Risk
10857,100.0,1,25.0,100.0,1,1.0,High Risk
10858,369.0,1,2487.0,369.0,1,1.0,High Risk
10859,373.0,1,2492.0,373.0,1,1.0,High Risk
10860,163.0,1,5.0,163.0,1,1.0,High Risk
10861,178.0,1,5.0,178.0,1,1.0,High Risk
10862,362.0,1,40.0,362.0,1,1.0,High Risk
10863,250.0,1,14.0,250.0,1,1.0,High Risk
10864,295.0,1,40.0,295.0,1,1.0,High Risk
10865,214.0,1,29.0,214.0,1,1.0,High Risk
10866,243.0,1,149.0,243.0,1,0.995,High Risk
10867,97.0,1,5.0,97.0,1,1.0,High Risk
10868,141.0,1,14.0,141.0,1,1.0,High Risk
10869,357.0,1,5.0,357.0,1,1.0,High Risk
10870,58.0,1,5.0,58.0,0,0.0,Low Risk
10871,75.0,1,73.0,75.0,0,0.0,Low Risk
10872,55.0,1,30.0,55.0,0,0.0,Low Risk
10873,133.0,1,35.0,133.0,1,1.0,High Risk
10874,95.0,2,4662.0,676.0,1,0.185,Low Risk
10875,97.0,2,4639.0,681.0,1,0.74,High Risk
10876,92.0,2,4921.0,697.0,1,0.865,High Risk
10877,117.0,2,4663.0,678.0,1,0.655,Medium Risk
10878,100.0,2,4625.0,682.0,1,0.83,High Risk
10879,119.0,2,4664.0,686.0,1,0.54,Medium Risk
10880,106.0,1,35.0,106.0,1,1.0,High Risk
10881,150.0,1,40.0,150.0,1,1.0,High Risk
10882,132.0,1,129.0,132.0,1,1.0,High Risk
10883,97.0,2,4886.0,670.0,1,0.775,High Risk
10884,360.0,1,42.0,360.0,1,1.0,High Risk
10885,114.0,1,75.0,114.0,1,1.0,High Risk
10886,113.0,2,4642.0,683.0,1,0.715,High Risk
10887,114.0,2,4697.0,688.0,1,0.73,High Risk
10888,358.0,1,40.0,358.0,1,1.0,High Risk
10889,117.0,2,4925.0,694.0,1,0.62,Medium Risk
10890,118.0,2,4625.0,689.0,1,0.9,High Risk
10891,185.0,1,40.0,185.0,1,1.0,High Risk
10892,102.0,2,4921.0,682.0,1,0.845,High Risk
10893,92.0,2,4921.0,691.0,1,0.695,Medium Risk
10894,93.0,2,4664.0,697.0,1,0.93,High Risk
10895,117.0,2,4625.0,674.0,1,0.61,Medium Risk
10896,95.0,2,4658.0,694.0,1,0.925,High Risk
10897,236.0,1,75.0,236.0,1,1.0,High Risk
10898,116.0,2,4909.0,671.0,1,0.75,High Risk
10899,87.0,1,75.0,87.0,0,0.0,Low Risk
10900,111.0,2,4664.0,696.0,1,0.895,High Risk
10901,240.0,1,70.0,240.0,1,1.0,High Risk
10902,26.0,1,15.0,26.0,0,0.0,Low Risk
10903,87.0,1,24.0,87.0,0,0.0,Low Risk
10904,317.0,1,549.0,317.0,1,1.0,High Risk
10905,144.0,1,76.0,144.0,1,1.0,High Risk
10906,194.0,1,15.0,194.0,1,1.0,High Risk
10907,161.0,1,15.0,161.0,1,1.0,High Risk
10908,138.0,1,15.0,138.0,1,1.0,High Risk
10909,169.0,1,65.0,169.0,1,1.0,High Risk
10910,321.0,1,563.0,321.0,1,0.995,High Risk
10911,45.0,1,1174.0,45.0,0,0.0,Low Risk
10912,204.0,1,27.0,204.0,1,1.0,High Risk
10913,261.0,1,575.0,261.0,1,1.0,High Risk
10914,37.0,1,60.0,37.0,0,0.0,Low Risk
10915,283.0,1,40.0,283.0,1,1.0,High Risk
10916,323.0,1,570.0,323.0,1,1.0,High Risk
10917,167.0,1,40.0,167.0,1,1.0,High Risk
10918,239.0,1,70.0,239.0,1,1.0,High Risk
10919,363.0,1,69.0,363.0,1,1.0,High Risk
10920,65.0,1,1120.0,65.0,0,0.0,Low Risk
10921,65.0,1,1184.0,65.0,0,0.0,Low Risk
10922,45.0,2,4142.0,1073.0,0,0.125,Low Risk
10923,83.0,1,1120.0,83.0,0,0.0,Low Risk
10924,53.0,1,1120.0,53.0,0,0.0,Low Risk
10925,33.0,1,1120.0,33.0,0,0.0,Low Risk
10926,27.0,1,7.0,27.0,0,0.0,Low Risk
10927,51.0,1,1198.0,51.0,0,0.0,Low Risk
10928,35.0,1,1145.0,35.0,0,0.0,Low Risk
10929,51.0,1,1170.0,51.0,0,0.0,Low Risk
10930,54.0,1,1183.0,54.0,0,0.0,Low Risk
10931,47.0,1,1233.0,47.0,0,0.0,Low Risk
10932,47.0,1,1120.0,47.0,0,0.0,Low Risk
10933,42.0,1,1158.0,42.0,0,0.0,Low Risk
10934,66.0,1,50.0,66.0,0,0.0,Low Risk
10935,162.0,1,10.0,162.0,1,1.0,High Risk
10936,26.0,1,39.0,26.0,0,0.0,Low Risk
10937,149.0,1,100.0,149.0,1,1.0,High Risk
10938,54.0,1,1134.0,54.0,0,0.0,Low Risk
10939,168.0,1,15.0,168.0,1,1.0,High Risk
10940,294.0,2,4163.0,1084.0,1,0.23,Low Risk
10941,313.0,1,571.0,313.0,1,1.0,High Risk
10942,58.0,1,1174.0,58.0,0,0.0,Low Risk
10943,330.0,1,575.0,330.0,1,1.0,High Risk
10944,115.0,2,4625.0,676.0,1,0.665,Medium Risk
10945,112.0,2,4714.0,684.0,1,0.435,Medium Risk
10946,101.0,2,4886.0,697.0,1,0.645,Medium Risk
10947,73.0,2,4660.0,690.0,0,0.935,High Risk
10948,84.0,2,4633.0,676.0,0,0.075,Low Risk
10949,86.0,2,4886.0,696.0,0,0.14,Low Risk
10950,64.0,2,4660.0,675.0,0,0.035,Low Risk
10951,63.0,2,4900.0,686.0,0,0.125,Low Risk
10952,75.0,2,4923.0,692.0,0,0.13,Low Risk
10953,245.0,1,99.0,245.0,1,1.0,High Risk
10954,282.0,1,35.0,282.0,1,0.995,High Risk
10955,28.0,1,35.0,28.0,0,0.0,Low Risk
10956,67.0,2,4900.0,684.0,0,0.11,Low Risk
10957,80.0,2,4633.0,687.0,0,0.115,Low Risk
10958,61.0,2,4919.0,691.0,0,0.705,High Risk
10959,67.0,2,4697.0,675.0,0,0.03,Low Risk
10960,80.0,2,4703.0,683.0,0,0.17,Low Risk
10961,137.0,1,40.0,137.0,1,1.0,High Risk
10962,332.0,1,42.0,332.0,1,1.0,High Risk
10963,335.0,1,35.0,335.0,1,1.0,High Risk
10964,268.0,1,40.0,268.0,1,1.0,High Risk
10965,128.0,1,104.0,128.0,1,1.0,High Risk
10966,72.0,1,99.0,72.0,0,0.0,Low Risk
10967,63.0,2,4660.0,651.0,0,0.11,Low Risk
10968,59.0,1,124.0,59.0,0,0.0,Low Risk
10969,67.0,2,4723.0,657.0,0,0.04,Low Risk
10970,62.0,2,4760.0,641.0,0,0.05,Low Risk
10971,74.0,1,32.0,74.0,0,0.0,Low Risk
10972,200.0,1,32.0,200.0,1,1.0,High Risk
10973,245.0,1,40.0,245.0,1,1.0,High Risk
10974,63.0,1,57.0,63.0,0,0.0,Low Risk
10975,69.0,2,4924.0,640.0,0,0.495,Medium Risk
10976,31.0,1,86.0,31.0,0,0.0,Low Risk
10977,103.0,2,4198.0,667.0,1,0.555,Medium Risk
10978,231.0,1,75.0,231.0,1,1.0,High Risk
10979,281.0,1,37.0,281.0,1,1.0,High Risk
10980,114.0,2,3937.0,659.0,1,0.14,Low Risk
10981,99.0,2,4334.0,663.0,1,0.745,High Risk
10982,79.0,1,76.0,79.0,0,0.0,Low Risk
10983,108.0,2,3883.0,643.0,1,0.56,Medium Risk
10984,78.0,2,4144.0,667.0,0,0.08,Low Risk
10985,87.0,2,4175.0,656.0,0,0.035,Low Risk
10986,79.0,2,3937.0,664.0,0,0.345,Low Risk
10987,75.0,2,3883.0,659.0,0,0.06,Low Risk
10988,81.0,2,4639.0,641.0,0,0.01,Low Risk
10989,67.0,1,35.0,67.0,0,0.0,Low Risk
10990,308.0,1,35.0,308.0,1,1.0,High Risk
10991,297.0,1,99.0,297.0,1,1.0,High Risk
10992,6.0,1,121.0,6.0,0,0.0,Low Risk
10993,31.0,1,184.0,31.0,0,0.0,Low Risk
10994,326.0,1,75.0,326.0,1,1.0,High Risk
10995,68.0,2,4660.0,667.0,0,0.095,Low Risk
10996,164.0,1,37.0,164.0,1,1.0,High Risk
10997,69.0,2,3947.0,654.0,0,0.025,Low Risk
10998,86.0,1,40.0,86.0,0,0.0,Low Risk
10999,198.0,1,57.0,198.0,1,1.0,High Risk
11000,91.0,2,4921.0,646.0,1,0.555,Medium Risk
11001,87.0,2,4664.0,658.0,0,0.0,Low Risk
11002,269.0,1,75.0,269.0,1,1.0,High Risk
11003,152.0,1,79.0,152.0,1,1.0,High Risk
11004,205.0,1,57.0,205.0,1,1.0,High Risk
11005,91.0,2,3918.0,659.0,1,0.02,Low Risk
11006,32.0,1,135.0,32.0,0,0.0,Low Risk
11007,316.0,1,42.0,316.0,1,1.0,High Risk
11008,49.0,1,45.0,49.0,0,0.0,Low Risk
11009,50.0,2,4141.0,1074.0,0,0.195,Low Risk
11010,316.0,1,10.0,316.0,1,1.0,High Risk
11011,92.0,1,50.0,92.0,1,1.0,High Risk
11012,60.0,1,69.0,60.0,0,0.0,Low Risk
11013,212.0,1,15.0,212.0,1,1.0,High Risk
11014,45.0,1,565.0,45.0,0,0.0,Low Risk
11015,20.0,2,80.0,231.0,0,0.73,High Risk
11016,204.0,1,5.0,204.0,1,1.0,High Risk
11017,34.0,1,575.0,34.0,0,0.0,Low Risk
11018,237.0,1,70.0,237.0,1,1.0,High Risk
11019,230.0,1,77.0,230.0,1,1.0,High Risk
11020,335.0,1,7.0,335.0,1,1.0,High Risk
11021,124.0,1,57.0,124.0,1,1.0,High Risk
11022,87.0,1,24.0,87.0,0,0.0,Low Risk
11023,77.0,1,50.0,77.0,0,0.0,Low Risk
11024,314.0,1,79.0,314.0,1,1.0,High Risk
11025,270.0,1,24.0,270.0,1,1.0,High Risk
11026,204.0,1,15.0,204.0,1,1.0,High Risk
11027,152.0,1,40.0,152.0,1,1.0,High Risk
11028,262.0,1,60.0,262.0,1,1.0,High Risk
11029,360.0,1,70.0,360.0,1,1.0,High Risk
11030,46.0,1,31.0,46.0,0,0.0,Low Risk
11031,62.0,2,4144.0,649.0,0,0.055,Low Risk
11032,69.0,2,3897.0,655.0,0,0.14,Low Risk
11033,88.0,2,3883.0,662.0,0,0.08,Low Risk
11034,75.0,2,3918.0,657.0,0,0.03,Low Risk
11035,303.0,1,15.0,303.0,1,1.0,High Risk
11036,303.0,1,70.0,303.0,1,1.0,High Risk
11037,43.0,1,1155.0,43.0,0,0.0,Low Risk
11038,136.0,1,45.0,136.0,1,1.0,High Risk
11039,358.0,1,85.0,358.0,1,0.995,High Risk
11040,46.0,1,35.0,46.0,0,0.0,Low Risk
11041,257.0,1,37.0,257.0,1,1.0,High Risk
11042,37.0,2,4167.0,1095.0,0,0.055,Low Risk
11043,316.0,1,540.0,316.0,1,1.0,High Risk
11044,297.0,1,589.0,297.0,1,1.0,High Risk
11045,292.0,1,608.0,292.0,1,1.0,High Risk
11046,290.0,1,562.0,290.0,1,1.0,High Risk
11047,298.0,1,563.0,298.0,1,1.0,High Risk
11048,130.0,1,24.0,130.0,1,1.0,High Risk
11049,294.0,1,549.0,294.0,1,1.0,High Risk
11050,268.0,1,15.0,268.0,1,1.0,High Risk
11051,226.0,2,4160.0,1066.0,1,0.71,High Risk
11052,37.0,1,50.0,37.0,0,0.0,Low Risk
11053,353.0,1,15.0,353.0,1,1.0,High Risk
11054,114.0,1,10.0,114.0,1,1.0,High Risk
11055,291.0,1,563.0,291.0,1,1.0,High Risk
11056,352.0,1,24.0,352.0,1,1.0,High Risk
11057,143.0,1,35.0,143.0,1,1.0,High Risk
11058,17.0,1,70.0,17.0,0,0.0,Low Risk
11059,58.0,2,4118.0,1063.0,0,0.15,Low Risk
11060,302.0,1,7.0,302.0,1,1.0,High Risk
11061,327.0,1,37.0,327.0,1,1.0,High Risk
11062,33.0,1,1145.0,33.0,0,0.0,Low Risk
11063,39.0,1,1120.0,39.0,0,0.0,Low Risk
11064,13.0,1,79.0,13.0,0,0.0,Low Risk
11065,346.0,1,70.0,346.0,1,1.0,High Risk
11066,336.0,1,70.0,336.0,1,1.0,High Risk
11067,302.0,1,540.0,302.0,1,1.0,High Risk
11068,277.0,1,540.0,277.0,1,1.0,High Risk
11069,291.0,1,24.0,291.0,1,1.0,High Risk
11070,183.0,1,23.0,183.0,1,1.0,High Risk
11071,175.0,1,15.0,175.0,1,1.0,High Risk
11072,266.0,1,74.0,266.0,1,1.0,High Risk
11073,303.0,1,618.0,303.0,1,1.0,High Risk
11074,250.0,1,74.0,250.0,1,1.0,High Risk
11075,275.0,1,554.0,275.0,1,1.0,High Risk
11076,123.0,1,144.0,123.0,1,1.0,High Risk
11077,247.0,1,66.0,247.0,1,1.0,High Risk
11078,297.0,1,30.0,297.0,1,1.0,High Risk
11079,275.0,1,563.0,275.0,1,1.0,High Risk
11080,111.0,1,24.0,111.0,1,1.0,High Risk
11081,61.0,1,57.0,61.0,0,0.0,Low Risk
11082,298.0,1,30.0,298.0,1,1.0,High Risk
11083,290.0,1,575.0,290.0,1,1.0,High Risk
11084,154.0,1,155.0,154.0,1,0.995,High Risk
11085,112.0,1,70.0,112.0,1,1.0,High Risk
11086,176.0,1,35.0,176.0,1,1.0,High Risk
11087,230.0,1,30.0,230.0,1,1.0,High Risk
11088,202.0,1,94.0,202.0,1,1.0,High Risk
11089,289.0,1,570.0,289.0,1,1.0,High Risk
11090,295.0,1,554.0,295.0,1,1.0,High Risk
11091,353.0,1,32.0,353.0,1,1.0,High Risk
11092,278.0,1,549.0,278.0,1,1.0,High Risk
11093,291.0,1,563.0,291.0,1,1.0,High Risk
11094,257.0,1,589.0,257.0,1,1.0,High Risk
11095,265.0,1,540.0,265.0,1,1.0,High Risk
11096,79.0,1,142.0,79.0,0,0.0,Low Risk
11097,270.0,1,134.0,270.0,1,1.0,High Risk
11098,346.0,1,62.0,346.0,1,1.0,High Risk
11099,214.0,1,70.0,214.0,1,1.0,High Risk
11100,260.0,1,563.0,260.0,1,1.0,High Risk
11101,173.0,1,91.0,173.0,1,1.0,High Risk
11102,114.0,1,32.0,114.0,1,1.0,High Risk
11103,114.0,1,85.0,114.0,1,1.0,High Risk
11104,250.0,1,70.0,250.0,1,1.0,High Risk
11105,266.0,1,554.0,266.0,1,1.0,High Risk
11106,27.0,1,45.0,27.0,0,0.0,Low Risk
11107,262.0,1,554.0,262.0,1,1.0,High Risk
11108,230.0,1,72.0,230.0,1,1.0,High Risk
11109,285.0,1,85.0,285.0,1,1.0,High Risk
11110,383.0,2,5971.0,1046.0,1,0.695,Medium Risk
11111,35.0,1,35.0,35.0,0,0.0,Low Risk
11112,58.0,1,1174.0,58.0,0,0.0,Low Risk
11113,342.0,2,6047.0,1038.0,1,0.865,High Risk
11114,256.0,1,589.0,256.0,1,1.0,High Risk
11115,243.0,2,4183.0,1064.0,1,0.62,Medium Risk
11116,266.0,1,625.0,266.0,1,1.0,High Risk
11117,245.0,1,563.0,245.0,1,1.0,High Risk
11118,198.0,2,4158.0,1043.0,1,0.855,High Risk
11119,186.0,2,4158.0,1012.0,1,0.905,High Risk
11120,245.0,1,563.0,245.0,1,1.0,High Risk
11121,330.0,2,5962.0,1006.0,1,0.74,High Risk
11122,245.0,2,5997.0,986.0,1,0.83,High Risk
11123,290.0,1,94.0,290.0,1,1.0,High Risk
11124,249.0,1,30.0,249.0,1,1.0,High Risk
11125,77.0,1,35.0,77.0,0,0.0,Low Risk
11126,323.0,1,35.0,323.0,1,1.0,High Risk
11127,161.0,1,35.0,161.0,1,1.0,High Risk
11128,264.0,1,90.0,264.0,1,1.0,High Risk
11129,187.0,2,4142.0,978.0,1,0.845,High Risk
11130,260.0,1,575.0,260.0,1,1.0,High Risk
11131,264.0,1,575.0,264.0,1,1.0,High Risk
11132,254.0,1,561.0,254.0,1,1.0,High Risk
11133,245.0,1,563.0,245.0,1,1.0,High Risk
11134,254.0,1,556.0,254.0,1,1.0,High Risk
11135,125.0,1,144.0,125.0,1,1.0,High Risk
11136,267.0,1,575.0,267.0,1,1.0,High Risk
11137,267.0,1,554.0,267.0,1,1.0,High Risk
11138,54.0,1,1184.0,54.0,0,0.0,Low Risk
11139,286.0,1,37.0,286.0,1,1.0,High Risk
11140,261.0,1,549.0,261.0,1,1.0,High Risk
11141,34.0,1,1120.0,34.0,0,0.0,Low Risk
11142,155.0,1,166.0,155.0,1,0.995,High Risk
11143,307.0,1,72.0,307.0,1,1.0,High Risk
11144,347.0,1,40.0,347.0,1,1.0,High Risk
11145,199.0,1,90.0,199.0,1,0.995,High Risk
11146,312.0,1,37.0,312.0,1,1.0,High Risk
11147,48.0,1,37.0,48.0,0,0.0,Low Risk
11148,157.0,1,70.0,157.0,1,1.0,High Risk
11149,220.0,1,70.0,220.0,1,1.0,High Risk
11150,29.0,1,124.0,29.0,0,0.0,Low Risk
11151,323.0,1,70.0,323.0,1,1.0,High Risk
11152,142.0,1,134.0,142.0,1,1.0,High Risk
11153,52.0,1,1205.0,52.0,0,0.0,Low Risk
11154,245.0,1,549.0,245.0,1,1.0,High Risk
11155,358.0,1,37.0,358.0,1,1.0,High Risk
11156,143.0,1,70.0,143.0,1,1.0,High Risk
11157,328.0,1,70.0,328.0,1,1.0,High Risk
11158,112.0,1,32.0,112.0,1,1.0,High Risk
11159,236.0,1,37.0,236.0,1,1.0,High Risk
11160,48.0,1,32.0,48.0,0,0.0,Low Risk
11161,239.0,1,37.0,239.0,1,1.0,High Risk
11162,39.0,1,72.0,39.0,0,0.0,Low Risk
11163,237.0,1,70.0,237.0,1,1.0,High Risk
11164,358.0,1,37.0,358.0,1,1.0,High Risk
11165,232.0,1,563.0,232.0,1,1.0,High Risk
11166,255.0,1,191.0,255.0,1,1.0,High Risk
11167,230.0,1,70.0,230.0,1,1.0,High Risk
11168,352.0,1,124.0,352.0,1,1.0,High Risk
11169,244.0,2,2997.0,656.0,1,0.66,Medium Risk
11170,223.0,1,79.0,223.0,1,1.0,High Risk
11171,270.0,2,2745.0,665.0,1,0.51,Medium Risk
11172,258.0,2,2722.0,644.0,1,0.735,High Risk
11173,249.0,2,2932.0,667.0,1,0.825,High Risk
11174,267.0,2,2736.0,660.0,1,0.64,Medium Risk
11175,273.0,2,3007.0,657.0,1,0.65,Medium Risk
11176,271.0,2,3018.0,656.0,1,0.76,High Risk
11177,207.0,1,101.0,207.0,1,1.0,High Risk
11178,199.0,1,24.0,199.0,1,1.0,High Risk
11179,76.0,2,4233.0,658.0,0,0.08,Low Risk
11180,227.0,1,22.0,227.0,1,1.0,High Risk
11181,84.0,2,4633.0,668.0,0,0.025,Low Risk
11182,81.0,2,4674.0,663.0,0,0.08,Low Risk
11183,214.0,2,6006.0,978.0,1,0.735,High Risk
11184,103.0,1,32.0,103.0,1,1.0,High Risk
11185,107.0,1,37.0,107.0,1,1.0,High Risk
11186,308.0,1,39.0,308.0,1,1.0,High Risk
11187,36.0,1,1174.0,36.0,0,0.0,Low Risk
11188,27.0,1,32.0,27.0,0,0.0,Low Risk
11189,39.0,1,1179.0,39.0,0,0.0,Low Risk
11190,222.0,1,549.0,222.0,1,1.0,High Risk
11191,98.0,1,37.0,98.0,1,1.0,High Risk
11192,256.0,1,94.0,256.0,1,1.0,High Risk
11193,218.0,1,85.0,218.0,1,1.0,High Risk
11194,89.0,2,4886.0,640.0,0,0.075,Low Risk
11195,63.0,2,4634.0,642.0,0,0.0,Low Risk
11196,56.0,2,4909.0,663.0,0,0.07,Low Risk
11197,55.0,2,4633.0,655.0,0,0.025,Low Risk
11198,55.0,2,4741.0,662.0,0,0.02,Low Risk
11199,59.0,2,4662.0,658.0,0,0.0,Low Risk
11200,50.0,2,4694.0,651.0,0,0.11,Low Risk
11201,44.0,2,4660.0,657.0,0,0.025,Low Risk
11202,50.0,2,5012.0,619.0,0,0.095,Low Risk
11203,31.0,2,4672.0,631.0,0,0.16,Low Risk
11204,55.0,2,4625.0,615.0,0,0.015,Low Risk
11205,197.0,1,42.0,197.0,1,1.0,High Risk
11206,192.0,1,121.0,192.0,1,0.995,High Risk
11207,169.0,1,201.0,169.0,1,1.0,High Risk
11208,32.0,2,4921.0,633.0,0,0.125,Low Risk
11209,303.0,1,42.0,303.0,1,1.0,High Risk
11210,270.0,1,75.0,270.0,1,1.0,High Risk
11211,231.0,1,35.0,231.0,1,1.0,High Risk
11212,258.0,1,37.0,258.0,1,1.0,High Risk
11213,270.0,1,40.0,270.0,1,1.0,High Risk
11214,335.0,1,59.0,335.0,1,1.0,High Risk
11215,121.0,1,42.0,121.0,1,1.0,High Risk
11216,289.0,1,79.0,289.0,1,1.0,High Risk
11217,231.0,1,564.0,231.0,1,1.0,High Risk
11218,11.0,1,61.0,11.0,0,0.0,Low Risk
11219,35.0,1,1155.0,35.0,0,0.0,Low Risk
11220,67.0,1,13.0,67.0,0,0.0,Low Risk
11221,33.0,1,1179.0,33.0,0,0.0,Low Risk
11222,45.0,1,1155.0,45.0,0,0.0,Low Risk
11223,40.0,1,94.0,40.0,0,0.0,Low Risk
11224,123.0,1,35.0,123.0,1,1.0,High Risk
11225,232.0,1,624.0,232.0,1,1.0,High Risk
11226,215.0,1,604.0,215.0,1,1.0,High Risk
11227,316.0,1,35.0,316.0,1,1.0,High Risk
11228,308.0,1,35.0,308.0,1,1.0,High Risk
11229,89.0,1,37.0,89.0,0,0.0,Low Risk
11230,55.0,1,1147.0,55.0,0,0.0,Low Risk
11231,125.0,2,4223.0,978.0,1,0.805,High Risk
11232,243.0,1,609.0,243.0,1,1.0,High Risk
11233,226.0,2,5985.0,983.0,1,0.865,High Risk
11234,228.0,2,5997.0,986.0,1,0.83,High Risk
11235,200.0,2,5976.0,981.0,1,0.915,High Risk
11236,40.0,1,1155.0,40.0,0,0.0,Low Risk
11237,32.0,1,1179.0,32.0,0,0.0,Low Risk
11238,185.0,1,30.0,185.0,1,1.0,High Risk
11239,32.0,1,1155.0,32.0,0,0.0,Low Risk
11240,211.0,1,32.0,211.0,1,1.0,High Risk
11241,238.0,1,32.0,238.0,1,0.995,High Risk
11242,48.0,1,1149.0,48.0,0,0.0,Low Risk
11243,328.0,1,37.0,328.0,1,1.0,High Risk
11244,55.0,1,1170.0,55.0,0,0.0,Low Risk
11245,298.0,1,30.0,298.0,1,1.0,High Risk
11246,51.0,1,1188.0,51.0,0,0.0,Low Risk
11247,57.0,1,1170.0,57.0,0,0.0,Low Risk
11248,198.0,2,5978.0,953.0,1,0.91,High Risk
11249,58.0,1,1134.0,58.0,0,0.0,Low Risk
11250,215.0,1,540.0,215.0,1,1.0,High Risk
11251,215.0,1,549.0,215.0,1,1.0,High Risk
11252,157.0,2,5971.0,955.0,1,0.77,High Risk
11253,181.0,2,6047.0,950.0,1,1.0,High Risk
11254,31.0,1,1174.0,31.0,0,0.0,Low Risk
11255,380.0,1,554.0,380.0,1,1.0,High Risk
11256,216.0,1,599.0,216.0,1,1.0,High Risk
11257,241.0,1,570.0,241.0,1,1.0,High Risk
11258,236.0,1,540.0,236.0,1,1.0,High Risk
11259,226.0,1,549.0,226.0,1,1.0,High Risk
11260,385.0,1,563.0,385.0,1,1.0,High Risk
11261,386.0,1,563.0,386.0,1,1.0,High Risk
11262,396.0,1,561.0,396.0,1,1.0,High Risk
11263,371.0,1,540.0,371.0,1,1.0,High Risk
11264,6.0,1,35.0,6.0,0,0.0,Low Risk
11265,232.0,1,90.0,232.0,1,1.0,High Risk
11266,324.0,1,22.0,324.0,1,1.0,High Risk
11267,216.0,1,724.0,216.0,1,1.0,High Risk
11268,119.0,2,4167.0,961.0,1,0.865,High Risk
11269,155.0,2,6031.0,946.0,1,0.995,High Risk
11270,189.0,1,94.0,189.0,1,1.0,High Risk
11271,235.0,1,609.0,235.0,1,1.0,High Risk
11272,223.0,1,613.0,223.0,1,1.0,High Risk
11273,221.0,1,571.0,221.0,1,1.0,High Risk
11274,376.0,1,575.0,376.0,1,1.0,High Risk
11275,372.0,1,575.0,372.0,1,1.0,High Risk
11276,354.0,1,615.0,354.0,1,1.0,High Risk
11277,360.0,1,599.0,360.0,1,1.0,High Risk
11278,3.0,1,30.0,3.0,0,0.0,Low Risk
11279,318.0,1,7.0,318.0,1,1.0,High Risk
11280,55.0,1,30.0,55.0,0,0.0,Low Risk
11281,256.0,1,32.0,256.0,1,1.0,High Risk
11282,347.0,1,540.0,347.0,1,1.0,High Risk
11283,363.0,1,575.0,363.0,1,0.995,High Risk
11284,161.0,1,157.0,161.0,1,1.0,High Risk
11285,365.0,1,600.0,365.0,1,0.995,High Risk
11286,198.0,1,90.0,198.0,1,1.0,High Risk
11287,261.0,1,35.0,261.0,1,1.0,High Risk
11288,344.0,1,540.0,344.0,1,1.0,High Risk
11289,355.0,1,561.0,355.0,1,1.0,High Risk
11290,356.0,1,561.0,356.0,1,1.0,High Risk
11291,237.0,1,600.0,237.0,1,1.0,High Risk
11292,242.0,1,575.0,242.0,1,1.0,High Risk
11293,216.0,1,554.0,216.0,1,1.0,High Risk
11294,236.0,1,561.0,236.0,1,1.0,High Risk
11295,220.0,1,650.0,220.0,1,1.0,High Risk
11296,219.0,1,600.0,219.0,1,1.0,High Risk
11297,93.0,1,133.0,93.0,1,1.0,High Risk
11298,226.0,1,600.0,226.0,1,1.0,High Risk
11299,188.0,1,578.0,188.0,1,1.0,High Risk
11300,92.0,2,4145.0,966.0,1,0.905,High Risk
11301,340.0,1,549.0,340.0,1,1.0,High Risk
11302,356.0,1,540.0,356.0,1,1.0,High Risk
11303,202.0,1,1764.0,202.0,1,1.0,High Risk
11304,45.0,1,21.0,45.0,0,0.0,Low Risk
11305,190.0,1,37.0,190.0,1,1.0,High Risk
11306,23.0,1,120.0,23.0,0,0.0,Low Risk
11307,268.0,1,561.0,268.0,1,1.0,High Risk
11308,119.0,1,804.0,119.0,1,1.0,High Risk
11309,212.0,1,1769.0,212.0,1,1.0,High Risk
11310,168.0,1,1786.0,168.0,1,1.0,High Risk
11311,218.0,1,94.0,218.0,1,1.0,High Risk
11312,197.0,1,1739.0,197.0,1,1.0,High Risk
11313,382.0,1,2478.0,382.0,1,1.0,High Risk
11314,178.0,1,1736.0,178.0,1,1.0,High Risk
11315,180.0,1,84.0,180.0,1,0.995,High Risk
11316,97.0,1,40.0,97.0,1,1.0,High Risk
11317,244.0,1,618.0,244.0,1,1.0,High Risk
11318,333.0,1,14.0,333.0,1,1.0,High Risk
11319,33.0,1,1174.0,33.0,0,0.0,Low Risk
11320,248.0,1,554.0,248.0,1,1.0,High Risk
11321,175.0,1,1736.0,175.0,1,1.0,High Risk
11322,169.0,1,1701.0,169.0,1,1.0,High Risk
11323,270.0,1,600.0,270.0,1,1.0,High Risk
11324,372.0,1,2443.0,372.0,1,1.0,High Risk
11325,306.0,1,25.0,306.0,1,1.0,High Risk
11326,183.0,1,14.0,183.0,1,1.0,High Risk
11327,83.0,1,40.0,83.0,0,0.0,Low Risk
11328,346.0,1,575.0,346.0,1,1.0,High Risk
11329,354.0,1,549.0,354.0,1,1.0,High Risk
11330,338.0,1,575.0,338.0,1,1.0,High Risk
11331,365.0,1,609.0,365.0,1,0.995,High Risk
11332,13.0,1,15.0,13.0,0,0.0,Low Risk
11333,226.0,1,40.0,226.0,1,1.0,High Risk
11334,330.0,1,70.0,330.0,1,1.0,High Risk
11335,339.0,1,549.0,339.0,1,0.995,High Risk
11336,323.0,1,578.0,323.0,1,1.0,High Risk
11337,308.0,1,600.0,308.0,1,1.0,High Risk
11338,106.0,1,50.0,106.0,1,1.0,High Risk
11339,360.0,1,69.0,360.0,1,1.0,High Risk
11340,180.0,1,15.0,180.0,1,1.0,High Risk
11341,148.0,1,15.0,148.0,1,1.0,High Risk
11342,1.0,1,74.0,1.0,0,0.0,Low Risk
11343,119.0,1,69.0,119.0,1,1.0,High Risk
11344,299.0,1,2422.0,299.0,1,1.0,High Risk
11345,245.0,1,2419.0,245.0,1,1.0,High Risk
11346,345.0,1,74.0,345.0,1,1.0,High Risk
11347,333.0,1,575.0,333.0,1,1.0,High Risk
11348,132.0,1,50.0,132.0,1,1.0,High Risk
11349,247.0,1,15.0,247.0,1,1.0,High Risk
11350,164.0,1,125.0,164.0,1,1.0,High Risk
11351,101.0,1,15.0,101.0,1,1.0,High Risk
11352,223.0,1,70.0,223.0,1,1.0,High Risk
11353,143.0,1,10.0,143.0,1,1.0,High Risk
11354,192.0,1,40.0,192.0,1,1.0,High Risk
11355,206.0,1,40.0,206.0,1,1.0,High Risk
11356,238.0,1,10.0,238.0,1,1.0,High Risk
11357,2.0,1,50.0,2.0,0,0.0,Low Risk
11358,14.0,1,50.0,14.0,0,0.0,Low Risk
11359,251.0,1,39.0,251.0,1,1.0,High Risk
11360,270.0,1,7.0,270.0,1,1.0,High Risk
11361,185.0,1,59.0,185.0,1,1.0,High Risk
11362,219.0,1,35.0,219.0,1,1.0,High Risk
11363,140.0,1,35.0,140.0,1,1.0,High Risk
11364,216.0,1,57.0,216.0,1,1.0,High Risk
11365,194.0,1,45.0,194.0,1,1.0,High Risk
11366,355.0,1,32.0,355.0,1,1.0,High Risk
11367,175.0,1,57.0,175.0,1,1.0,High Risk
11368,277.0,1,70.0,277.0,1,1.0,High Risk
11369,312.0,1,615.0,312.0,1,1.0,High Risk
11370,231.0,1,70.0,231.0,1,1.0,High Risk
11371,33.0,1,160.0,33.0,0,0.0,Low Risk
11372,184.0,1,40.0,184.0,1,1.0,High Risk
11373,327.0,1,575.0,327.0,1,1.0,High Risk
11374,150.0,2,5976.0,953.0,1,0.875,High Risk
11375,307.0,1,600.0,307.0,1,1.0,High Risk
11376,138.0,1,35.0,138.0,1,1.0,High Risk
11377,228.0,1,30.0,228.0,1,1.0,High Risk
11378,107.0,1,184.0,107.0,1,1.0,High Risk
11379,295.0,1,30.0,295.0,1,1.0,High Risk
11380,90.0,1,27.0,90.0,0,0.0,Low Risk
11381,300.0,1,5.0,300.0,1,1.0,High Risk
11382,255.0,1,29.0,255.0,1,1.0,High Risk
11383,19.0,1,5.0,19.0,0,0.0,Low Risk
11384,180.0,1,68.0,180.0,1,1.0,High Risk
11385,217.0,1,40.0,217.0,1,1.0,High Risk
11386,139.0,1,59.0,139.0,1,1.0,High Risk
11387,130.0,1,5.0,130.0,1,1.0,High Risk
11388,105.0,1,5.0,105.0,1,1.0,High Risk
11389,309.0,1,69.0,309.0,1,1.0,High Risk
11390,16.0,1,40.0,16.0,0,0.0,Low Risk
11391,199.0,1,29.0,199.0,1,1.0,High Risk
11392,43.0,1,1174.0,43.0,0,0.0,Low Risk
11393,237.0,1,643.0,237.0,1,1.0,High Risk
11394,376.0,1,589.0,376.0,1,1.0,High Risk
11395,3.0,1,25.0,3.0,0,0.0,Low Risk
11396,242.0,1,571.0,242.0,1,1.0,High Risk
11397,171.0,1,1726.0,171.0,1,1.0,High Risk
11398,245.0,1,27.0,245.0,1,1.0,High Risk
11399,367.0,1,540.0,367.0,1,1.0,High Risk
11400,269.0,2,2786.0,621.0,1,0.99,High Risk
11401,251.0,2,2738.0,638.0,1,0.985,High Risk
11402,259.0,2,2983.0,621.0,1,0.91,High Risk
11403,246.0,2,2722.0,628.0,1,0.975,High Risk
11404,268.0,1,70.0,268.0,1,1.0,High Risk
11405,242.0,2,2983.0,610.0,1,0.88,High Risk
11406,266.0,1,124.0,266.0,1,1.0,High Risk
11407,237.0,2,3018.0,611.0,1,0.91,High Risk
11408,235.0,2,2757.0,619.0,1,0.985,High Risk
11409,236.0,2,2771.0,628.0,1,0.975,High Risk
11410,237.0,2,2746.0,617.0,1,1.0,High Risk
11411,218.0,2,2983.0,633.0,1,0.75,High Risk
11412,219.0,2,2771.0,614.0,1,0.99,High Risk
11413,231.0,2,3018.0,638.0,1,0.935,High Risk
11414,36.0,1,23.0,36.0,0,0.0,Low Risk
11415,385.0,1,575.0,385.0,1,1.0,High Risk
11416,386.0,1,615.0,386.0,1,1.0,High Risk
11417,175.0,1,1765.0,175.0,1,1.0,High Risk
11418,134.0,1,21.0,134.0,1,1.0,High Risk
11419,172.0,1,1732.0,172.0,1,1.0,High Risk
11420,126.0,1,60.0,126.0,1,1.0,High Risk
11421,244.0,1,23.0,244.0,1,1.0,High Risk
11422,236.0,1,59.0,236.0,1,1.0,High Risk
11423,132.0,1,1736.0,132.0,1,1.0,High Risk
11424,230.0,1,584.0,230.0,1,1.0,High Risk
11425,296.0,1,75.0,296.0,1,1.0,High Risk
11426,96.0,1,25.0,96.0,1,1.0,High Risk
11427,216.0,1,554.0,216.0,1,1.0,High Risk
11428,152.0,1,1701.0,152.0,1,1.0,High Risk
11429,128.0,1,1739.0,128.0,1,1.0,High Risk
11430,150.0,1,1778.0,150.0,1,0.995,High Risk
11431,396.0,1,2639.0,396.0,1,0.99,High Risk
11432,328.0,1,60.0,328.0,1,1.0,High Risk
11433,388.0,1,578.0,388.0,1,1.0,High Risk
11434,151.0,1,1765.0,151.0,1,1.0,High Risk
11435,102.0,1,1736.0,102.0,1,1.0,High Risk
11436,256.0,1,23.0,256.0,1,1.0,High Risk
11437,378.0,1,608.0,378.0,1,1.0,High Risk
11438,162.0,1,1739.0,162.0,1,1.0,High Risk
11439,237.0,1,617.0,237.0,1,1.0,High Risk
11440,94.0,1,1701.0,94.0,1,1.0,High Risk
11441,224.0,1,554.0,224.0,1,1.0,High Risk
11442,370.0,1,598.0,370.0,1,1.0,High Risk
11443,93.0,1,1710.0,93.0,1,1.0,High Risk
11444,240.0,1,554.0,240.0,1,1.0,High Risk
11445,88.0,1,828.0,88.0,0,0.0,Low Risk
11446,369.0,1,2490.0,369.0,1,1.0,High Risk
11447,133.0,1,1739.0,133.0,1,1.0,High Risk
11448,81.0,1,793.0,81.0,0,0.0,Low Risk
11449,341.0,1,2480.0,341.0,1,1.0,High Risk
11450,338.0,1,2515.0,338.0,1,1.0,High Risk
11451,91.0,1,799.0,91.0,1,0.985,High Risk
11452,132.0,1,1710.0,132.0,1,1.0,High Risk
11453,152.0,1,1736.0,152.0,1,1.0,High Risk
11454,73.0,1,40.0,73.0,0,0.0,Low Risk
11455,82.0,1,13.0,82.0,0,0.0,Low Risk
11456,354.0,1,29.0,354.0,1,1.0,High Risk
11457,103.0,1,1728.0,103.0,1,1.0,High Risk
11458,280.0,1,5.0,280.0,1,1.0,High Risk
11459,221.0,1,563.0,221.0,1,1.0,High Risk
11460,373.0,1,540.0,373.0,1,1.0,High Risk
11461,109.0,1,1751.0,109.0,1,1.0,High Risk
11462,106.0,1,1755.0,106.0,1,1.0,High Risk
11463,354.0,1,554.0,354.0,1,1.0,High Risk
11464,206.0,1,575.0,206.0,1,1.0,High Risk
11465,276.0,1,2443.0,276.0,1,1.0,High Risk
11466,282.0,1,2492.0,282.0,1,1.0,High Risk
11467,212.0,1,549.0,212.0,1,1.0,High Risk
11468,104.0,1,1732.0,104.0,1,1.0,High Risk
11469,73.0,1,1701.0,73.0,0,0.0,Low Risk
11470,319.0,1,563.0,319.0,1,0.995,High Risk
11471,87.0,1,1736.0,87.0,0,0.0,Low Risk
11472,189.0,1,561.0,189.0,1,1.0,High Risk
11473,205.0,1,540.0,205.0,1,1.0,High Risk
11474,312.0,1,608.0,312.0,1,1.0,High Risk
11475,52.0,1,14.0,52.0,0,0.0,Low Risk
11476,293.0,1,99.0,293.0,1,1.0,High Risk
11477,77.0,1,59.0,77.0,0,0.0,Low Risk
11478,330.0,1,575.0,330.0,1,1.0,High Risk
11479,315.0,1,554.0,315.0,1,1.0,High Risk
11480,312.0,1,600.0,312.0,1,1.0,High Risk
11481,207.0,1,617.0,207.0,1,1.0,High Risk
11482,333.0,1,564.0,333.0,1,1.0,High Risk
11483,20.0,1,40.0,20.0,0,0.0,Low Risk
11484,55.0,1,110.0,55.0,0,0.0,Low Risk
11485,182.0,1,589.0,182.0,1,1.0,High Risk
11486,99.0,1,23.0,99.0,1,1.0,High Risk
11487,313.0,1,589.0,313.0,1,1.0,High Risk
11488,180.0,1,589.0,180.0,1,1.0,High Risk
11489,276.0,1,5.0,276.0,1,1.0,High Risk
11490,47.0,1,30.0,47.0,0,0.0,Low Risk
11491,170.0,1,549.0,170.0,1,1.0,High Risk
11492,354.0,1,5.0,354.0,1,1.0,High Risk
11493,343.0,1,68.0,343.0,1,1.0,High Risk
11494,4.0,1,5.0,4.0,0,0.0,Low Risk
11495,327.0,1,5.0,327.0,1,1.0,High Risk
11496,177.0,1,608.0,177.0,1,1.0,High Risk
11497,115.0,1,49.0,115.0,1,1.0,High Risk
11498,241.0,1,59.0,241.0,1,1.0,High Risk
11499,170.0,1,35.0,170.0,1,1.0,High Risk
11500,154.0,1,23.0,154.0,1,1.0,High Risk
11501,258.0,1,2481.0,258.0,1,0.995,High Risk
11502,223.0,1,2566.0,223.0,1,1.0,High Risk
11503,152.0,1,1736.0,152.0,1,1.0,High Risk
11504,141.0,1,1775.0,141.0,1,1.0,High Risk
11505,152.0,1,1736.0,152.0,1,1.0,High Risk
11506,89.0,1,1736.0,89.0,0,0.0,Low Risk
11507,278.0,1,561.0,278.0,1,1.0,High Risk
11508,218.0,1,49.0,218.0,1,1.0,High Risk
11509,77.0,1,799.0,77.0,0,0.0,Low Risk
11510,80.0,1,804.0,80.0,0,0.0,Low Risk
11511,118.0,1,1764.0,118.0,1,1.0,High Risk
11512,183.0,1,80.0,183.0,1,1.0,High Risk
11513,169.0,1,30.0,169.0,1,1.0,High Risk
11514,279.0,1,23.0,279.0,1,1.0,High Risk
11515,14.0,1,59.0,14.0,0,0.0,Low Risk
11516,171.0,1,554.0,171.0,1,1.0,High Risk
11517,229.0,1,5.0,229.0,1,1.0,High Risk
11518,284.0,1,563.0,284.0,1,1.0,High Risk
11519,74.0,1,1736.0,74.0,0,0.0,Low Risk
11520,89.0,1,921.0,89.0,0,0.0,Low Risk
11521,106.0,1,1775.0,106.0,1,1.0,High Risk
11522,26.0,1,5.0,26.0,0,0.0,Low Risk
11523,293.0,1,540.0,293.0,1,1.0,High Risk
11524,40.0,1,806.0,40.0,0,0.0,Low Risk
11525,238.0,1,2478.0,238.0,1,1.0,High Risk
11526,284.0,1,575.0,284.0,1,1.0,High Risk
11527,70.0,1,1732.0,70.0,0,0.0,Low Risk
11528,314.0,1,75.0,314.0,1,1.0,High Risk
11529,173.0,1,40.0,173.0,1,1.0,High Risk
11530,172.0,1,23.0,172.0,1,1.0,High Risk
11531,126.0,1,5.0,126.0,1,1.0,High Risk
11532,118.0,1,184.0,118.0,1,1.0,High Risk
11533,56.0,1,5.0,56.0,0,0.0,Low Risk
11534,62.0,1,29.0,62.0,0,0.0,Low Risk
11535,40.0,1,25.0,40.0,0,0.0,Low Risk
11536,73.0,1,1751.0,73.0,0,0.0,Low Risk
11537,72.0,1,1775.0,72.0,0,0.0,Low Risk
11538,45.0,1,14.0,45.0,0,0.0,Low Risk
11539,4.0,1,21.0,4.0,0,0.0,Low Risk
11540,247.0,1,99.0,247.0,1,1.0,High Risk
11541,279.0,1,29.0,279.0,1,1.0,High Risk
11542,274.0,1,589.0,274.0,1,1.0,High Risk
11543,96.0,1,23.0,96.0,1,1.0,High Risk
11544,314.0,1,563.0,314.0,1,1.0,High Risk
11545,358.0,1,127.0,358.0,1,1.0,High Risk
11546,176.0,1,49.0,176.0,1,1.0,High Risk
11547,160.0,1,30.0,160.0,1,1.0,High Risk
11548,266.0,1,37.0,266.0,1,1.0,High Risk
11549,26.0,1,37.0,26.0,0,0.0,Low Risk
11550,332.0,1,35.0,332.0,1,1.0,High Risk
11551,164.0,1,29.0,164.0,1,1.0,High Risk
11552,91.0,1,68.0,91.0,1,1.0,High Risk
11553,214.0,1,21.0,214.0,1,1.0,High Risk
11554,206.0,1,49.0,206.0,1,1.0,High Risk
11555,323.0,1,5.0,323.0,1,1.0,High Risk
11556,135.0,1,143.0,135.0,1,1.0,High Risk
11557,199.0,1,60.0,199.0,1,1.0,High Risk
11558,181.0,1,5.0,181.0,1,1.0,High Risk
11559,247.0,1,5.0,247.0,1,1.0,High Risk
11560,349.0,1,5.0,349.0,1,1.0,High Risk
11561,280.0,1,94.0,280.0,1,1.0,High Risk
11562,187.0,1,25.0,187.0,1,1.0,High Risk
11563,320.0,1,30.0,320.0,1,1.0,High Risk
11564,124.0,1,13.0,124.0,1,1.0,High Risk
11565,118.0,1,59.0,118.0,1,1.0,High Risk
11566,70.0,1,6.0,70.0,0,0.0,Low Risk
11567,63.0,1,1701.0,63.0,0,0.0,Low Risk
11568,233.0,1,23.0,233.0,1,1.0,High Risk
11569,195.0,1,4.0,195.0,1,1.0,High Risk
11570,315.0,1,49.0,315.0,1,1.0,High Risk
11571,88.0,1,1736.0,88.0,0,0.0,Low Risk
11572,237.0,2,2835.0,631.0,1,0.905,High Risk
11573,213.0,2,2997.0,613.0,1,0.93,High Risk
11574,233.0,2,2722.0,616.0,1,0.975,High Risk
11575,239.0,1,70.0,239.0,1,1.0,High Risk
11576,232.0,2,3018.0,637.0,1,0.915,High Risk
11577,231.0,2,2722.0,637.0,1,0.99,High Risk
11578,213.0,2,2743.0,609.0,1,0.935,High Risk
11579,225.0,2,2736.0,629.0,1,0.98,High Risk
11580,240.0,2,2731.0,622.0,1,1.0,High Risk
11581,239.0,2,3051.0,636.0,1,0.79,High Risk
11582,238.0,2,2749.0,628.0,1,0.985,High Risk
11583,199.0,2,2757.0,632.0,1,0.945,High Risk
11584,199.0,2,2821.0,623.0,1,1.0,High Risk
11585,216.0,1,34.0,216.0,1,1.0,High Risk
11586,245.0,1,554.0,245.0,1,1.0,High Risk
11587,63.0,1,1739.0,63.0,0,0.0,Low Risk
11588,272.0,1,549.0,272.0,1,1.0,High Risk
11589,203.0,1,49.0,203.0,1,1.0,High Risk
11590,154.0,1,5.0,154.0,1,1.0,High Risk
11591,260.0,1,584.0,260.0,1,1.0,High Risk
11592,250.0,1,567.0,250.0,1,1.0,High Risk
11593,73.0,1,1755.0,73.0,0,0.0,Low Risk
11594,155.0,1,554.0,155.0,1,1.0,High Risk
11595,85.0,1,1710.0,85.0,0,0.0,Low Risk
11596,206.0,1,2520.0,206.0,1,1.0,High Risk
11597,88.0,1,1751.0,88.0,0,0.0,Low Risk
11598,257.0,1,615.0,257.0,1,1.0,High Risk
11599,247.0,1,598.0,247.0,1,1.0,High Risk
11600,78.0,1,1701.0,78.0,0,0.0,Low Risk
11601,43.0,1,1736.0,43.0,0,0.0,Low Risk
11602,159.0,1,565.0,159.0,1,1.0,High Risk
11603,52.0,1,1755.0,52.0,0,0.0,Low Risk
11604,154.0,1,561.0,154.0,1,1.0,High Risk
11605,47.0,1,1736.0,47.0,0,0.0,Low Risk
11606,47.0,1,1751.0,47.0,0,0.0,Low Risk
11607,267.0,1,589.0,267.0,1,1.0,High Risk
11608,229.0,1,609.0,229.0,1,1.0,High Risk
11609,42.0,1,1745.0,42.0,0,0.0,Low Risk
11610,235.0,1,609.0,235.0,1,1.0,High Risk
11611,238.0,1,575.0,238.0,1,1.0,High Risk
11612,65.0,1,1775.0,65.0,0,0.0,Low Risk
11613,174.0,1,562.0,174.0,1,1.0,High Risk
11614,383.0,1,1183.0,383.0,1,1.0,High Risk
11615,375.0,1,1155.0,375.0,1,1.0,High Risk
11616,223.0,1,540.0,223.0,1,1.0,High Risk
11617,61.0,1,1736.0,61.0,0,0.0,Low Risk
11618,43.0,1,806.0,43.0,0,0.0,Low Risk
11619,53.0,1,1701.0,53.0,0,0.0,Low Risk
11620,47.0,1,819.0,47.0,0,0.0,Low Risk
11621,353.0,1,574.0,353.0,1,1.0,High Risk
11622,282.0,1,590.0,282.0,1,1.0,High Risk
11623,154.0,1,59.0,154.0,1,1.0,High Risk
11624,214.0,1,554.0,214.0,1,1.0,High Risk
11625,26.0,1,34.0,26.0,0,0.0,Low Risk
11626,337.0,1,78.0,337.0,1,0.995,High Risk
11627,174.0,1,565.0,174.0,1,1.0,High Risk
11628,217.0,1,589.0,217.0,1,1.0,High Risk
11629,238.0,1,563.0,238.0,1,1.0,High Risk
11630,236.0,1,60.0,236.0,1,1.0,High Risk
11631,374.0,1,1164.0,374.0,1,1.0,High Risk
11632,387.0,1,1149.0,387.0,1,1.0,High Risk
11633,173.0,1,2492.0,173.0,1,1.0,High Risk
11634,265.0,1,565.0,265.0,1,1.0,High Risk
11635,36.0,1,1775.0,36.0,0,0.0,Low Risk
11636,49.0,1,1728.0,49.0,0,0.0,Low Risk
11637,36.0,1,1701.0,36.0,0,0.0,Low Risk
11638,54.0,1,1715.0,54.0,0,0.0,Low Risk
11639,230.0,1,549.0,230.0,1,1.0,High Risk
11640,342.0,1,1155.0,342.0,1,1.0,High Risk
11641,349.0,1,1149.0,349.0,1,1.0,High Risk
11642,132.0,1,589.0,132.0,1,1.0,High Risk
11643,348.0,1,1198.0,348.0,1,1.0,High Risk
11644,340.0,1,1120.0,340.0,1,1.0,High Risk
11645,219.0,1,604.0,219.0,1,1.0,High Risk
11646,135.0,1,554.0,135.0,1,1.0,High Risk
11647,346.0,1,1155.0,346.0,1,1.0,High Risk
11648,152.0,1,2563.0,152.0,1,1.0,High Risk
11649,144.0,1,2476.0,144.0,1,1.0,High Risk
11650,130.0,1,589.0,130.0,1,1.0,High Risk
11651,235.0,1,575.0,235.0,1,1.0,High Risk
11652,128.0,1,575.0,128.0,1,1.0,High Risk
11653,224.0,1,554.0,224.0,1,1.0,High Risk
11654,351.0,1,1188.0,351.0,1,1.0,High Risk
11655,134.0,1,563.0,134.0,1,1.0,High Risk
11656,196.0,1,565.0,196.0,1,1.0,High Risk
11657,312.0,1,1169.0,312.0,1,1.0,High Risk
11658,142.0,1,40.0,142.0,1,1.0,High Risk
11659,83.0,1,29.0,83.0,0,0.0,Low Risk
11660,80.0,1,39.0,80.0,0,0.0,Low Risk
11661,15.0,1,4.0,15.0,0,0.0,Low Risk
11662,89.0,1,69.0,89.0,0,0.0,Low Risk
11663,69.0,1,5.0,69.0,0,0.0,Low Risk
11664,126.0,1,575.0,126.0,1,1.0,High Risk
11665,112.0,1,2511.0,112.0,1,1.0,High Risk
11666,257.0,1,587.0,257.0,1,1.0,High Risk
11667,226.0,1,575.0,226.0,1,1.0,High Risk
11668,390.0,1,1170.0,390.0,1,1.0,High Risk
11669,377.0,1,1174.0,377.0,1,1.0,High Risk
11670,374.0,1,1120.0,374.0,1,1.0,High Risk
11671,320.0,1,40.0,320.0,1,1.0,High Risk
11672,329.0,1,1155.0,329.0,1,1.0,High Risk
11673,211.0,1,29.0,211.0,1,1.0,High Risk
11674,136.0,1,609.0,136.0,1,1.0,High Risk
11675,210.0,1,575.0,210.0,1,1.0,High Risk
11676,135.0,1,629.0,135.0,1,1.0,High Risk
11677,339.0,1,29.0,339.0,1,1.0,High Risk
11678,77.0,1,13.0,77.0,0,0.0,Low Risk
11679,196.0,1,654.0,196.0,1,0.995,High Risk
11680,150.0,1,612.0,150.0,1,1.0,High Risk
11681,71.0,1,621.0,71.0,0,0.0,Low Risk
11682,232.0,1,132.0,232.0,1,1.0,High Risk
11683,11.0,1,29.0,11.0,0,0.0,Low Risk
11684,255.0,1,58.0,255.0,1,1.0,High Risk
11685,62.0,1,549.0,62.0,0,0.0,Low Risk
11686,187.0,1,600.0,187.0,1,1.0,High Risk
11687,323.0,1,1243.0,323.0,1,1.0,High Risk
11688,395.0,1,1155.0,395.0,1,1.0,High Risk
11689,187.0,1,39.0,187.0,1,1.0,High Risk
11690,105.0,1,549.0,105.0,1,1.0,High Risk
11691,95.0,1,2524.0,95.0,1,1.0,High Risk
11692,103.0,1,2456.0,103.0,1,0.995,High Risk
11693,74.0,1,2481.0,74.0,0,0.005,Low Risk
11694,360.0,1,1755.0,360.0,1,0.995,High Risk
11695,205.0,1,575.0,205.0,1,1.0,High Risk
11696,324.0,1,1174.0,324.0,1,1.0,High Risk
11697,74.0,1,69.0,74.0,0,0.0,Low Risk
11698,328.0,1,84.0,328.0,1,1.0,High Risk
11699,290.0,1,69.0,290.0,1,1.0,High Risk
11700,66.0,1,163.0,66.0,0,0.0,Low Risk
11701,194.0,1,6.0,194.0,1,1.0,High Risk
11702,208.0,1,58.0,208.0,1,1.0,High Risk
11703,76.0,1,29.0,76.0,0,0.0,Low Risk
11704,21.0,1,69.0,21.0,0,0.0,Low Risk
11705,227.0,1,42.0,227.0,1,1.0,High Risk
11706,351.0,1,39.0,351.0,1,1.0,High Risk
11707,12.0,1,67.0,12.0,0,0.0,Low Risk
11708,170.0,1,63.0,170.0,1,1.0,High Risk
11709,140.0,1,89.0,140.0,1,1.0,High Risk
11710,137.0,1,29.0,137.0,1,1.0,High Risk
11711,285.0,1,4.0,285.0,1,1.0,High Risk
11712,195.0,1,589.0,195.0,1,1.0,High Risk
11713,100.0,1,575.0,100.0,1,1.0,High Risk
11714,34.0,2,4148.0,952.0,0,0.89,High Risk
11715,217.0,1,72.0,217.0,1,1.0,High Risk
11716,257.0,1,86.0,257.0,1,1.0,High Risk
11717,195.0,1,554.0,195.0,1,1.0,High Risk
11718,203.0,1,575.0,203.0,1,1.0,High Risk
11719,184.0,1,600.0,184.0,1,1.0,High Risk
11720,194.0,1,567.0,194.0,1,1.0,High Risk
11721,33.0,1,30.0,33.0,0,0.0,Low Risk
11722,174.0,1,37.0,174.0,1,1.0,High Risk
11723,192.0,1,563.0,192.0,1,1.0,High Risk
11724,121.0,1,70.0,121.0,1,0.995,High Risk
11725,184.0,1,70.0,184.0,1,1.0,High Risk
11726,178.0,1,39.0,178.0,1,1.0,High Risk
11727,31.0,1,30.0,31.0,0,0.0,Low Risk
11728,297.0,1,35.0,297.0,1,0.995,High Risk
11729,338.0,1,150.0,338.0,1,1.0,High Risk
11730,297.0,1,70.0,297.0,1,1.0,High Risk
11731,148.0,1,5.0,148.0,1,1.0,High Risk
11732,203.0,1,70.0,203.0,1,1.0,High Risk
11733,54.0,2,4133.0,972.0,0,0.075,Low Risk
11734,208.0,1,549.0,208.0,1,1.0,High Risk
11735,338.0,1,74.0,338.0,1,1.0,High Risk
11736,271.0,1,35.0,271.0,1,1.0,High Risk
11737,322.0,1,30.0,322.0,1,1.0,High Risk
11738,229.0,1,165.0,229.0,1,1.0,High Risk
11739,104.0,1,120.0,104.0,1,1.0,High Risk
11740,349.0,1,7.0,349.0,1,1.0,High Risk
11741,82.0,1,30.0,82.0,0,0.0,Low Risk
11742,310.0,1,35.0,310.0,1,1.0,High Risk
11743,330.0,1,72.0,330.0,1,1.0,High Risk
11744,333.0,1,66.0,333.0,1,1.0,High Risk
11745,120.0,1,54.0,120.0,1,1.0,High Risk
11746,325.0,1,589.0,325.0,1,1.0,High Risk
11747,195.0,1,40.0,195.0,1,1.0,High Risk
11748,288.0,1,32.0,288.0,1,1.0,High Risk
11749,32.0,2,4188.0,938.0,0,0.12,Low Risk
11750,201.0,1,600.0,201.0,1,1.0,High Risk
11751,102.0,1,30.0,102.0,1,1.0,High Risk
11752,229.0,1,134.0,229.0,1,1.0,High Risk
11753,255.0,1,32.0,255.0,1,1.0,High Risk
11754,183.0,1,724.0,183.0,1,1.0,High Risk
11755,138.0,1,194.0,138.0,1,1.0,High Risk
11756,47.0,1,5.0,47.0,0,0.0,Low Risk
11757,272.0,1,70.0,272.0,1,1.0,High Risk
11758,12.0,1,94.0,12.0,0,0.0,Low Risk
11759,299.0,1,563.0,299.0,1,1.0,High Risk
11760,224.0,1,37.0,224.0,1,1.0,High Risk
11761,283.0,1,549.0,283.0,1,1.0,High Risk
11762,132.0,1,70.0,132.0,1,1.0,High Risk
11763,122.0,1,94.0,122.0,1,0.995,High Risk
11764,111.0,1,70.0,111.0,1,1.0,High Risk
11765,147.0,1,30.0,147.0,1,1.0,High Risk
11766,140.0,2,5978.0,937.0,1,0.72,High Risk
11767,253.0,1,30.0,253.0,1,1.0,High Risk
11768,309.0,1,70.0,309.0,1,1.0,High Risk
11769,284.0,1,600.0,284.0,1,1.0,High Risk
11770,234.0,1,30.0,234.0,1,1.0,High Risk
11771,192.0,1,540.0,192.0,1,1.0,High Risk
11772,20.0,1,77.0,20.0,0,0.0,Low Risk
11773,311.0,1,5.0,311.0,1,1.0,High Risk
11774,91.0,1,216.0,91.0,1,0.99,High Risk
11775,34.0,1,30.0,34.0,0,0.0,Low Risk
11776,209.0,1,37.0,209.0,1,1.0,High Risk
11777,243.0,1,70.0,243.0,1,1.0,High Risk
11778,237.0,1,194.0,237.0,1,0.99,High Risk
11779,279.0,1,722.0,279.0,1,1.0,High Risk
11780,14.0,1,30.0,14.0,0,0.0,Low Risk
11781,282.0,1,722.0,282.0,1,1.0,High Risk
11782,21.0,1,37.0,21.0,0,0.0,Low Risk
11783,190.0,1,567.0,190.0,1,1.0,High Risk
11784,141.0,1,70.0,141.0,1,1.0,High Risk
11785,204.0,1,564.0,204.0,1,1.0,High Risk
11786,392.0,2,6029.0,940.0,1,1.0,High Risk
11787,87.0,1,37.0,87.0,0,0.0,Low Risk
11788,207.0,1,620.0,207.0,1,1.0,High Risk
11789,199.0,1,604.0,199.0,1,1.0,High Risk
11790,195.0,1,575.0,195.0,1,1.0,High Risk
11791,187.0,1,575.0,187.0,1,1.0,High Risk
11792,280.0,1,600.0,280.0,1,1.0,High Risk
11793,172.0,1,70.0,172.0,1,1.0,High Risk
11794,126.0,1,70.0,126.0,1,1.0,High Risk
11795,330.0,1,27.0,330.0,1,1.0,High Risk
11796,341.0,1,68.0,341.0,1,1.0,High Risk
11797,257.0,1,49.0,257.0,1,1.0,High Risk
11798,39.0,1,2310.0,39.0,0,0.0,Low Risk
11799,266.0,1,25.0,266.0,1,1.0,High Risk
11800,66.0,1,35.0,66.0,0,0.0,Low Risk
11801,51.0,1,2360.0,51.0,0,0.0,Low Risk
11802,137.0,1,5.0,137.0,1,1.0,High Risk
11803,7.0,1,5.0,7.0,0,0.0,Low Risk
11804,39.0,1,2365.0,39.0,0,0.01,Low Risk
11805,297.0,1,54.0,297.0,1,1.0,High Risk
11806,53.0,1,4.0,53.0,0,0.0,Low Risk
11807,105.0,1,39.0,105.0,1,1.0,High Risk
11808,16.0,1,72.0,16.0,0,0.0,Low Risk
11809,374.0,1,2478.0,374.0,1,1.0,High Risk
11810,29.0,1,39.0,29.0,0,0.0,Low Risk
11811,37.0,1,2355.0,37.0,0,0.0,Low Risk
11812,72.0,1,35.0,72.0,0,0.0,Low Risk
11813,167.0,1,32.0,167.0,1,1.0,High Risk
11814,93.0,1,120.0,93.0,1,1.0,High Risk
11815,310.0,1,5.0,310.0,1,1.0,High Risk
11816,153.0,1,13.0,153.0,1,1.0,High Risk
11817,46.0,1,2341.0,46.0,0,0.0,Low Risk
11818,46.0,1,2401.0,46.0,0,0.0,Low Risk
11819,364.0,1,57.0,364.0,1,1.0,High Risk
11820,165.0,1,70.0,165.0,1,1.0,High Risk
11821,3.0,1,29.0,3.0,0,0.0,Low Risk
11822,235.0,1,39.0,235.0,1,1.0,High Risk
11823,393.0,1,2476.0,393.0,1,1.0,High Risk
11824,140.0,1,44.0,140.0,1,1.0,High Risk
11825,45.0,1,2305.0,45.0,0,0.0,Low Risk
11826,144.0,1,79.0,144.0,1,1.0,High Risk
11827,319.0,1,35.0,319.0,1,1.0,High Risk
11828,235.0,1,90.0,235.0,1,1.0,High Risk
11829,379.0,1,2451.0,379.0,1,0.995,High Risk
11830,54.0,1,5.0,54.0,0,0.0,Low Risk
11831,32.0,1,14.0,32.0,0,0.0,Low Risk
11832,272.0,1,40.0,272.0,1,1.0,High Risk
11833,321.0,1,14.0,321.0,1,1.0,High Risk
11834,97.0,1,29.0,97.0,1,1.0,High Risk
11835,144.0,1,13.0,144.0,1,1.0,High Risk
11836,320.0,1,39.0,320.0,1,1.0,High Risk
11837,51.0,1,2335.0,51.0,0,0.0,Low Risk
11838,138.0,1,70.0,138.0,1,1.0,High Risk
11839,194.0,1,30.0,194.0,1,1.0,High Risk
11840,357.0,1,39.0,357.0,1,1.0,High Risk
11841,99.0,1,37.0,99.0,1,1.0,High Risk
11842,329.0,1,35.0,329.0,1,1.0,High Risk
11843,225.0,1,86.0,225.0,1,1.0,High Risk
11844,291.0,1,49.0,291.0,1,1.0,High Risk
11845,303.0,1,40.0,303.0,1,1.0,High Risk
11846,33.0,2,4634.0,629.0,0,0.035,Low Risk
11847,363.0,1,75.0,363.0,1,0.995,High Risk
11848,262.0,1,37.0,262.0,1,1.0,High Risk
11849,357.0,1,40.0,357.0,1,1.0,High Risk
11850,50.0,1,50.0,50.0,0,0.0,Low Risk
11851,41.0,2,4658.0,615.0,0,0.065,Low Risk
11852,57.0,2,4633.0,628.0,0,0.04,Low Risk
11853,69.0,1,40.0,69.0,0,0.0,Low Risk
11854,246.0,1,40.0,246.0,1,1.0,High Risk
11855,41.0,2,4660.0,627.0,0,0.065,Low Risk
11856,61.0,1,71.0,61.0,0,0.0,Low Risk
11857,187.0,1,5.0,187.0,1,1.0,High Risk
11858,53.0,2,4886.0,630.0,0,0.035,Low Risk
11859,12.0,1,5.0,12.0,0,0.0,Low Risk
11860,197.0,1,5.0,197.0,1,1.0,High Risk
11861,34.0,2,4664.0,614.0,0,0.02,Low Risk
11862,188.0,1,70.0,188.0,1,1.0,High Risk
11863,184.0,1,540.0,184.0,1,1.0,High Risk
11864,284.0,1,30.0,284.0,1,1.0,High Risk
11865,189.0,1,571.0,189.0,1,1.0,High Risk
11866,118.0,1,37.0,118.0,1,1.0,High Risk
11867,309.0,1,6.0,309.0,1,1.0,High Risk
11868,181.0,1,39.0,181.0,1,1.0,High Risk
11869,46.0,1,34.0,46.0,0,0.0,Low Risk
11870,131.0,1,40.0,131.0,1,1.0,High Risk
11871,279.0,1,69.0,279.0,1,1.0,High Risk
11872,188.0,1,561.0,188.0,1,1.0,High Risk
11873,194.0,1,540.0,194.0,1,1.0,High Risk
11874,191.0,1,540.0,191.0,1,1.0,High Risk
11875,282.0,1,549.0,282.0,1,1.0,High Risk
11876,290.0,1,556.0,290.0,1,1.0,High Risk
11877,285.0,1,575.0,285.0,1,1.0,High Risk
11878,110.0,2,5962.0,913.0,1,0.77,High Risk
11879,294.0,1,554.0,294.0,1,1.0,High Risk
11880,289.0,1,563.0,289.0,1,1.0,High Risk
11881,276.0,1,549.0,276.0,1,1.0,High Risk
11882,71.0,2,5997.0,927.0,0,0.03,Low Risk
11883,155.0,1,101.0,155.0,1,1.0,High Risk
11884,313.0,1,30.0,313.0,1,1.0,High Risk
11885,33.0,1,35.0,33.0,0,0.0,Low Risk
11886,304.0,1,549.0,304.0,1,1.0,High Risk
11887,287.0,1,599.0,287.0,1,1.0,High Risk
11888,276.0,1,578.0,276.0,1,1.0,High Risk
11889,277.0,1,540.0,277.0,1,1.0,High Risk
11890,64.0,2,5971.0,923.0,0,0.015,Low Risk
11891,80.0,1,70.0,80.0,0,0.0,Low Risk
11892,261.0,1,70.0,261.0,1,1.0,High Risk
11893,156.0,1,561.0,156.0,1,1.0,High Risk
11894,349.0,2,6056.0,919.0,1,1.0,High Risk
11895,327.0,1,32.0,327.0,1,1.0,High Risk
11896,365.0,2,6029.0,932.0,1,1.0,High Risk
11897,302.0,1,600.0,302.0,1,1.0,High Risk
11898,265.0,1,562.0,265.0,1,1.0,High Risk
11899,271.0,1,540.0,271.0,1,1.0,High Risk
11900,273.0,1,600.0,273.0,1,1.0,High Risk
11901,257.0,1,540.0,257.0,1,1.0,High Risk
11902,83.0,2,5971.0,931.0,0,0.075,Low Risk
11903,129.0,1,32.0,129.0,1,1.0,High Risk
11904,274.0,2,6054.0,919.0,1,1.0,High Risk
11905,36.0,2,4761.0,626.0,0,0.09,Low Risk
11906,34.0,2,4625.0,596.0,0,0.01,Low Risk
11907,59.0,2,4625.0,594.0,0,0.015,Low Risk
11908,66.0,2,4169.0,604.0,0,0.075,Low Risk
11909,53.0,2,4662.0,597.0,0,0.105,Low Risk
11910,84.0,2,3981.0,602.0,0,0.005,Low Risk
11911,72.0,2,3883.0,579.0,0,0.14,Low Risk
11912,155.0,1,40.0,155.0,1,1.0,High Risk
11913,34.0,2,4660.0,606.0,0,0.105,Low Risk
11914,54.0,2,4684.0,608.0,0,0.435,Medium Risk
11915,299.0,1,60.0,299.0,1,1.0,High Risk
11916,215.0,1,14.0,215.0,1,1.0,High Risk
11917,140.0,1,59.0,140.0,1,1.0,High Risk
11918,331.0,1,5.0,331.0,1,1.0,High Risk
11919,114.0,1,5.0,114.0,1,1.0,High Risk
11920,169.0,1,59.0,169.0,1,1.0,High Risk
11921,63.0,1,92.0,63.0,0,0.0,Low Risk
11922,35.0,2,4648.0,596.0,0,0.01,Low Risk
11923,185.0,1,69.0,185.0,1,1.0,High Risk
11924,31.0,1,22.0,31.0,0,0.0,Low Risk
11925,351.0,1,91.0,351.0,1,0.995,High Risk
11926,147.0,1,135.0,147.0,1,1.0,High Risk
11927,42.0,2,3937.0,586.0,0,0.38,Low Risk
11928,41.0,2,3914.0,608.0,0,0.115,Low Risk
11929,229.0,1,59.0,229.0,1,1.0,High Risk
11930,56.0,2,4674.0,601.0,0,0.08,Low Risk
11931,32.0,2,4900.0,579.0,0,0.035,Low Risk
11932,374.0,2,3883.0,596.0,1,0.74,High Risk
11933,379.0,2,4169.0,607.0,1,0.555,Medium Risk
11934,55.0,2,3918.0,581.0,0,0.13,Low Risk
11935,48.0,2,4173.0,589.0,0,0.045,Low Risk
11936,56.0,2,3952.0,592.0,0,0.095,Low Risk
11937,46.0,2,3947.0,595.0,0,0.015,Low Risk
11938,41.0,2,4179.0,579.0,0,0.38,Low Risk
11939,48.0,2,4173.0,585.0,0,0.095,Low Risk
11940,47.0,2,3961.0,601.0,0,0.035,Low Risk
11941,388.0,2,4207.0,608.0,1,0.635,Medium Risk
11942,208.0,1,59.0,208.0,1,1.0,High Risk
11943,57.0,2,3972.0,602.0,0,0.005,Low Risk
11944,43.0,2,4144.0,596.0,0,0.15,Low Risk
11945,266.0,1,64.0,266.0,1,1.0,High Risk
11946,314.0,1,13.0,314.0,1,1.0,High Risk
11947,340.0,2,3912.0,590.0,1,0.68,Medium Risk
11948,331.0,1,76.0,331.0,1,0.995,High Risk
11949,272.0,1,40.0,272.0,1,1.0,High Risk
11950,285.0,1,72.0,285.0,1,1.0,High Risk
11951,360.0,2,3918.0,584.0,1,0.49,Medium Risk
11952,311.0,2,4242.0,586.0,1,0.205,Low Risk
11953,339.0,1,40.0,339.0,1,1.0,High Risk
11954,308.0,2,3900.0,606.0,1,0.765,High Risk
11955,311.0,2,4179.0,600.0,1,0.185,Low Risk
11956,155.0,1,14.0,155.0,1,1.0,High Risk
11957,100.0,1,64.0,100.0,1,1.0,High Risk
11958,170.0,1,40.0,170.0,1,1.0,High Risk
11959,37.0,2,4208.0,595.0,0,0.065,Low Risk
11960,34.0,2,3918.0,598.0,0,0.08,Low Risk
11961,132.0,1,5.0,132.0,1,1.0,High Risk
11962,310.0,2,3892.0,602.0,1,0.74,High Risk
11963,243.0,1,40.0,243.0,1,1.0,High Risk
11964,311.0,1,59.0,311.0,1,1.0,High Risk
11965,246.0,1,124.0,246.0,1,1.0,High Risk
11966,129.0,1,7.0,129.0,1,1.0,High Risk
11967,285.0,2,3918.0,582.0,1,0.525,Medium Risk
11968,157.0,1,70.0,157.0,1,1.0,High Risk
11969,248.0,1,32.0,248.0,1,1.0,High Risk
11970,20.0,1,40.0,20.0,0,0.0,Low Risk
11971,347.0,1,79.0,347.0,1,1.0,High Risk
11972,934.0,1,3578.0,934.0,1,1.0,High Risk
11973,245.0,1,540.0,245.0,1,1.0,High Risk
11974,31.0,1,7.0,31.0,0,0.0,Low Risk
11975,311.0,1,7.0,311.0,1,1.0,High Risk
11976,937.0,1,3578.0,937.0,1,0.995,High Risk
11977,64.0,2,5971.0,888.0,0,0.64,Medium Risk
11978,246.0,1,70.0,246.0,1,1.0,High Risk
11979,28.0,1,81.0,28.0,0,0.0,Low Risk
11980,83.0,1,79.0,83.0,0,0.0,Low Risk
11981,357.0,1,30.0,357.0,1,1.0,High Risk
11982,47.0,1,92.0,47.0,0,0.0,Low Risk
11983,329.0,1,70.0,329.0,1,1.0,High Risk
11984,191.0,1,7.0,191.0,1,1.0,High Risk
11985,39.0,1,35.0,39.0,0,0.0,Low Risk
11986,119.0,1,81.0,119.0,1,1.0,High Risk
11987,196.0,2,2757.0,586.0,1,0.98,High Risk
11988,54.0,2,3942.0,604.0,0,0.19,Low Risk
11989,53.0,2,4194.0,590.0,0,0.085,Low Risk
11990,257.0,1,70.0,257.0,1,1.0,High Risk
11991,279.0,1,30.0,279.0,1,1.0,High Risk
11992,239.0,1,35.0,239.0,1,0.995,High Risk
11993,259.0,1,608.0,259.0,1,1.0,High Risk
11994,156.0,1,565.0,156.0,1,1.0,High Risk
11995,155.0,1,540.0,155.0,1,1.0,High Risk
11996,213.0,2,6060.0,886.0,1,1.0,High Risk
11997,218.0,2,6035.0,907.0,1,0.99,High Risk
11998,163.0,1,608.0,163.0,1,1.0,High Risk
11999,396.0,2,5329.0,885.0,1,1.0,High Risk
12000,180.0,1,554.0,180.0,1,1.0,High Risk
12001,15.0,1,94.0,15.0,0,0.0,Low Risk
12002,113.0,1,37.0,113.0,1,1.0,High Risk
12003,291.0,1,67.0,291.0,1,1.0,High Risk
12004,281.0,1,32.0,281.0,1,1.0,High Risk
12005,90.0,1,57.0,90.0,0,0.0,Low Risk
12006,283.0,1,32.0,283.0,1,0.995,High Risk
12007,90.0,1,39.0,90.0,0,0.0,Low Risk
12008,297.0,1,15.0,297.0,1,1.0,High Risk
12009,257.0,1,60.0,257.0,1,1.0,High Risk
12010,53.0,1,7.0,53.0,0,0.0,Low Risk
12011,90.0,1,64.0,90.0,0,0.0,Low Risk
12012,212.0,1,15.0,212.0,1,1.0,High Risk
12013,143.0,1,5.0,143.0,1,1.0,High Risk
12014,222.0,1,13.0,222.0,1,1.0,High Risk
12015,173.0,1,14.0,173.0,1,1.0,High Risk
12016,168.0,1,563.0,168.0,1,1.0,High Risk
12017,176.0,1,561.0,176.0,1,1.0,High Risk
12018,168.0,1,563.0,168.0,1,1.0,High Risk
12019,159.0,1,608.0,159.0,1,1.0,High Risk
12020,258.0,1,613.0,258.0,1,1.0,High Risk
12021,24.0,1,107.0,24.0,0,0.0,Low Risk
12022,167.0,1,564.0,167.0,1,1.0,High Risk
12023,249.0,1,7.0,249.0,1,1.0,High Risk
12024,309.0,1,32.0,309.0,1,1.0,High Risk
12025,260.0,1,107.0,260.0,1,1.0,High Risk
12026,153.0,1,30.0,153.0,1,1.0,High Risk
12027,161.0,1,604.0,161.0,1,1.0,High Risk
12028,171.0,1,37.0,171.0,1,1.0,High Risk
12029,157.0,1,600.0,157.0,1,1.0,High Risk
12030,300.0,1,121.0,300.0,1,1.0,High Risk
12031,151.0,1,30.0,151.0,1,1.0,High Risk
12032,165.0,1,70.0,165.0,1,1.0,High Risk
12033,163.0,1,549.0,163.0,1,1.0,High Risk
12034,163.0,1,589.0,163.0,1,1.0,High Risk
12035,160.0,1,540.0,160.0,1,1.0,High Risk
12036,167.0,1,562.0,167.0,1,1.0,High Risk
12037,165.0,1,624.0,165.0,1,1.0,High Risk
12038,7.0,1,32.0,7.0,0,0.0,Low Risk
12039,260.0,1,564.0,260.0,1,1.0,High Risk
12040,257.0,1,561.0,257.0,1,1.0,High Risk
12041,249.0,1,565.0,249.0,1,1.0,High Risk
12042,170.0,1,561.0,170.0,1,1.0,High Risk
12043,169.0,1,589.0,169.0,1,1.0,High Risk
12044,39.0,1,30.0,39.0,0,0.0,Low Risk
12045,294.0,1,37.0,294.0,1,1.0,High Risk
12046,227.0,1,35.0,227.0,1,1.0,High Risk
12047,346.0,1,37.0,346.0,1,1.0,High Risk
12048,170.0,1,554.0,170.0,1,1.0,High Risk
12049,272.0,1,51.0,272.0,1,1.0,High Risk
12050,332.0,1,35.0,332.0,1,1.0,High Risk
12051,358.0,1,70.0,358.0,1,1.0,High Risk
12052,316.0,1,35.0,316.0,1,1.0,High Risk
12053,177.0,1,30.0,177.0,1,1.0,High Risk
12054,92.0,1,70.0,92.0,1,1.0,High Risk
12055,198.0,1,30.0,198.0,1,1.0,High Risk
12056,161.0,1,70.0,161.0,1,1.0,High Risk
12057,165.0,1,599.0,165.0,1,1.0,High Risk
12058,37.0,2,6021.0,909.0,0,0.895,High Risk
12059,181.0,1,589.0,181.0,1,1.0,High Risk
12060,171.0,1,600.0,171.0,1,1.0,High Risk
12061,242.0,1,127.0,242.0,1,1.0,High Risk
12062,324.0,1,30.0,324.0,1,1.0,High Risk
12063,107.0,1,120.0,107.0,1,1.0,High Risk
12064,43.0,1,37.0,43.0,0,0.0,Low Risk
12065,292.0,1,30.0,292.0,1,1.0,High Risk
12066,218.0,1,70.0,218.0,1,1.0,High Risk
12067,270.0,1,618.0,270.0,1,1.0,High Risk
12068,242.0,1,85.0,242.0,1,1.0,High Risk
12069,78.0,1,37.0,78.0,0,0.0,Low Risk
12070,348.0,1,70.0,348.0,1,1.0,High Risk
12071,359.0,1,5.0,359.0,1,1.0,High Risk
12072,234.0,1,32.0,234.0,1,1.0,High Risk
12073,282.0,1,37.0,282.0,1,1.0,High Risk
12074,165.0,1,540.0,165.0,1,1.0,High Risk
12075,53.0,2,6021.0,894.0,0,0.14,Low Risk
12076,268.0,1,563.0,268.0,1,1.0,High Risk
12077,34.0,1,30.0,34.0,0,0.0,Low Risk
12078,311.0,1,7.0,311.0,1,1.0,High Risk
12079,205.0,1,15.0,205.0,1,1.0,High Risk
12080,205.0,1,7.0,205.0,1,1.0,High Risk
12081,257.0,1,549.0,257.0,1,1.0,High Risk
12082,178.0,1,609.0,178.0,1,1.0,High Risk
12083,174.0,1,604.0,174.0,1,1.0,High Risk
12084,177.0,1,50.0,177.0,1,1.0,High Risk
12085,223.0,1,40.0,223.0,1,1.0,High Risk
12086,103.0,1,7.0,103.0,1,1.0,High Risk
12087,310.0,1,13.0,310.0,1,1.0,High Risk
12088,153.0,1,40.0,153.0,1,1.0,High Risk
12089,354.0,1,32.0,354.0,1,1.0,High Risk
12090,323.0,1,37.0,323.0,1,1.0,High Risk
12091,159.0,1,37.0,159.0,1,1.0,High Risk
12092,65.0,1,98.0,65.0,0,0.0,Low Risk
12093,217.0,1,30.0,217.0,1,1.0,High Risk
12094,22.0,1,70.0,22.0,0,0.0,Low Risk
12095,276.0,1,68.0,276.0,1,1.0,High Risk
12096,224.0,1,5.0,224.0,1,1.0,High Risk
12097,274.0,1,7.0,274.0,1,1.0,High Risk
12098,182.0,2,2771.0,591.0,1,0.965,High Risk
12099,186.0,2,2745.0,606.0,1,0.985,High Risk
12100,198.0,2,2983.0,579.0,1,0.84,High Risk
12101,200.0,2,3006.0,581.0,1,0.965,High Risk
12102,194.0,2,2795.0,591.0,1,0.97,High Risk
12103,197.0,2,2731.0,606.0,1,0.985,High Risk
12104,256.0,1,86.0,256.0,1,1.0,High Risk
12105,373.0,2,3490.0,580.0,1,0.95,High Risk
12106,392.0,2,3361.0,602.0,1,0.9,High Risk
12107,286.0,2,3956.0,592.0,1,0.465,Medium Risk
12108,286.0,2,3897.0,580.0,1,0.72,High Risk
12109,167.0,1,32.0,167.0,1,1.0,High Risk
12110,345.0,1,37.0,345.0,1,1.0,High Risk
12111,247.0,1,540.0,247.0,1,1.0,High Risk
12112,245.0,1,554.0,245.0,1,1.0,High Risk
12113,264.0,1,561.0,264.0,1,1.0,High Risk
12114,56.0,2,5997.0,893.0,0,0.06,Low Risk
12115,49.0,2,5996.0,902.0,0,0.32,Low Risk
12116,332.0,1,35.0,332.0,1,1.0,High Risk
12117,277.0,2,3937.0,549.0,1,0.985,High Risk
12118,283.0,2,3932.0,562.0,1,0.99,High Risk
12119,247.0,2,3914.0,573.0,1,0.92,High Risk
12120,247.0,2,3946.0,548.0,1,0.815,High Risk
12121,255.0,2,4144.0,574.0,1,0.99,High Risk
12122,250.0,2,4144.0,574.0,1,0.99,High Risk
12123,182.0,1,14.0,182.0,1,1.0,High Risk
12124,86.0,1,40.0,86.0,0,0.0,Low Risk
12125,15.0,1,30.0,15.0,0,0.0,Low Risk
12126,180.0,1,604.0,180.0,1,1.0,High Risk
12127,49.0,1,45.0,49.0,0,0.0,Low Risk
12128,262.0,1,565.0,262.0,1,1.0,High Risk
12129,215.0,1,40.0,215.0,1,1.0,High Risk
12130,267.0,1,5.0,267.0,1,1.0,High Risk
12131,346.0,1,32.0,346.0,1,1.0,High Risk
12132,119.0,1,30.0,119.0,1,1.0,High Risk
12133,317.0,1,160.0,317.0,1,1.0,High Risk
12134,150.0,1,70.0,150.0,1,1.0,High Risk
12135,80.0,1,40.0,80.0,0,0.0,Low Risk
12136,154.0,1,554.0,154.0,1,1.0,High Risk
12137,144.0,1,575.0,144.0,1,1.0,High Risk
12138,310.0,2,5314.0,901.0,1,0.885,High Risk
12139,128.0,1,599.0,128.0,1,1.0,High Risk
12140,236.0,1,554.0,236.0,1,1.0,High Risk
12141,346.0,1,39.0,346.0,1,1.0,High Risk
12142,137.0,1,604.0,137.0,1,1.0,High Risk
12143,137.0,1,557.0,137.0,1,1.0,High Risk
12144,230.0,1,563.0,230.0,1,1.0,High Risk
12145,237.0,1,549.0,237.0,1,1.0,High Risk
12146,216.0,1,575.0,216.0,1,1.0,High Risk
12147,127.0,1,604.0,127.0,1,1.0,High Risk
12148,75.0,1,157.0,75.0,0,0.0,Low Risk
12149,224.0,1,540.0,224.0,1,1.0,High Risk
12150,151.0,1,32.0,151.0,1,1.0,High Risk
12151,53.0,1,49.0,53.0,0,0.0,Low Risk
12152,223.0,1,608.0,223.0,1,1.0,High Risk
12153,83.0,1,37.0,83.0,0,0.0,Low Risk
12154,313.0,1,35.0,313.0,1,1.0,High Risk
12155,228.0,1,563.0,228.0,1,1.0,High Risk
12156,232.0,1,609.0,232.0,1,1.0,High Risk
12157,216.0,1,617.0,216.0,1,1.0,High Risk
12158,166.0,1,70.0,166.0,1,1.0,High Risk
12159,218.0,1,599.0,218.0,1,1.0,High Risk
12160,126.0,1,563.0,126.0,1,1.0,High Risk
12161,133.0,1,674.0,133.0,1,1.0,High Risk
12162,150.0,1,575.0,150.0,1,1.0,High Risk
12163,137.0,1,563.0,137.0,1,1.0,High Risk
12164,133.0,1,600.0,133.0,1,1.0,High Risk
12165,350.0,2,4807.0,890.0,1,0.91,High Risk
12166,229.0,1,549.0,229.0,1,1.0,High Risk
12167,224.0,1,557.0,224.0,1,1.0,High Risk
12168,128.0,1,540.0,128.0,1,1.0,High Risk
12169,148.0,1,540.0,148.0,1,1.0,High Risk
12170,128.0,1,685.0,128.0,1,1.0,High Risk
12171,147.0,1,575.0,147.0,1,1.0,High Risk
12172,266.0,1,124.0,266.0,1,1.0,High Risk
12173,353.0,2,4809.0,909.0,1,0.895,High Risk
12174,241.0,1,589.0,241.0,1,1.0,High Risk
12175,147.0,1,554.0,147.0,1,1.0,High Risk
12176,145.0,1,570.0,145.0,1,1.0,High Risk
12177,213.0,1,540.0,213.0,1,1.0,High Risk
12178,231.0,1,554.0,231.0,1,1.0,High Risk
12179,221.0,1,540.0,221.0,1,1.0,High Risk
12180,243.0,1,540.0,243.0,1,1.0,High Risk
12181,213.0,1,152.0,213.0,1,1.0,High Risk
12182,193.0,1,589.0,193.0,1,1.0,High Risk
12183,19.0,1,37.0,19.0,0,0.0,Low Risk
12184,208.0,1,549.0,208.0,1,1.0,High Risk
12185,245.0,1,45.0,245.0,1,1.0,High Risk
12186,126.0,1,639.0,126.0,1,1.0,High Risk
12187,122.0,1,549.0,122.0,1,1.0,High Risk
12188,132.0,1,575.0,132.0,1,1.0,High Risk
12189,336.0,1,120.0,336.0,1,1.0,High Risk
12190,149.0,1,600.0,149.0,1,1.0,High Risk
12191,63.0,1,15.0,63.0,0,0.0,Low Risk
12192,197.0,1,35.0,197.0,1,1.0,High Risk
12193,145.0,1,32.0,145.0,1,1.0,High Risk
12194,217.0,1,32.0,217.0,1,1.0,High Risk
12195,84.0,1,70.0,84.0,0,0.0,Low Risk
12196,198.0,1,639.0,198.0,1,1.0,High Risk
12197,236.0,1,40.0,236.0,1,1.0,High Risk
12198,182.0,1,39.0,182.0,1,1.0,High Risk
12199,302.0,1,35.0,302.0,1,1.0,High Risk
12200,196.0,1,45.0,196.0,1,1.0,High Risk
12201,236.0,1,92.0,236.0,1,1.0,High Risk
12202,168.0,1,30.0,168.0,1,1.0,High Risk
12203,85.0,1,32.0,85.0,0,0.0,Low Risk
12204,96.0,1,70.0,96.0,1,1.0,High Risk
12205,185.0,1,563.0,185.0,1,1.0,High Risk
12206,264.0,1,70.0,264.0,1,1.0,High Risk
12207,177.0,1,70.0,177.0,1,1.0,High Risk
12208,174.0,1,30.0,174.0,1,1.0,High Risk
12209,180.0,1,60.0,180.0,1,1.0,High Risk
12210,350.0,2,4802.0,902.0,1,0.9,High Risk
12211,98.0,1,554.0,98.0,1,1.0,High Risk
12212,107.0,1,584.0,107.0,1,1.0,High Risk
12213,66.0,1,30.0,66.0,0,0.0,Low Risk
12214,98.0,1,618.0,98.0,1,1.0,High Risk
12215,101.0,1,629.0,101.0,1,0.995,High Risk
12216,127.0,1,50.0,127.0,1,1.0,High Risk
12217,184.0,1,613.0,184.0,1,1.0,High Risk
12218,209.0,1,563.0,209.0,1,1.0,High Risk
12219,44.0,1,39.0,44.0,0,0.0,Low Risk
12220,279.0,1,40.0,279.0,1,1.0,High Risk
12221,308.0,1,1174.0,308.0,1,1.0,High Risk
12222,199.0,1,39.0,199.0,1,1.0,High Risk
12223,121.0,1,575.0,121.0,1,1.0,High Risk
12224,347.0,1,1155.0,347.0,1,1.0,High Risk
12225,360.0,1,1183.0,360.0,1,0.995,High Risk
12226,354.0,1,1184.0,354.0,1,1.0,High Risk
12227,197.0,1,589.0,197.0,1,1.0,High Risk
12228,120.0,1,598.0,120.0,1,1.0,High Risk
12229,303.0,1,63.0,303.0,1,1.0,High Risk
12230,112.0,1,28.0,112.0,1,1.0,High Risk
12231,307.0,1,1155.0,307.0,1,1.0,High Risk
12232,111.0,1,598.0,111.0,1,1.0,High Risk
12233,297.0,1,1120.0,297.0,1,1.0,High Risk
12234,33.0,1,640.0,33.0,0,0.0,Low Risk
12235,394.0,1,2478.0,394.0,1,1.0,High Risk
12236,358.0,1,40.0,358.0,1,1.0,High Risk
12237,153.0,1,7.0,153.0,1,1.0,High Risk
12238,340.0,1,69.0,340.0,1,1.0,High Risk
12239,204.0,1,618.0,204.0,1,1.0,High Risk
12240,198.0,1,540.0,198.0,1,1.0,High Risk
12241,124.0,1,70.0,124.0,1,1.0,High Risk
12242,229.0,1,70.0,229.0,1,1.0,High Risk
12243,193.0,1,554.0,193.0,1,1.0,High Risk
12244,24.0,1,35.0,24.0,0,0.0,Low Risk
12245,260.0,1,40.0,260.0,1,1.0,High Risk
12246,220.0,1,40.0,220.0,1,1.0,High Risk
12247,165.0,1,32.0,165.0,1,1.0,High Risk
12248,78.0,1,111.0,78.0,0,0.0,Low Risk
12249,132.0,1,50.0,132.0,1,1.0,High Risk
12250,359.0,1,50.0,359.0,1,1.0,High Risk
12251,126.0,1,65.0,126.0,1,1.0,High Risk
12252,317.0,1,45.0,317.0,1,1.0,High Risk
12253,345.0,1,15.0,345.0,1,1.0,High Risk
12254,203.0,1,40.0,203.0,1,1.0,High Risk
12255,339.0,1,10.0,339.0,1,1.0,High Risk
12256,340.0,1,40.0,340.0,1,1.0,High Risk
12257,130.0,1,74.0,130.0,1,1.0,High Risk
12258,199.0,1,540.0,199.0,1,1.0,High Risk
12259,220.0,1,15.0,220.0,1,1.0,High Risk
12260,79.0,1,50.0,79.0,0,0.0,Low Risk
12261,97.0,1,93.0,97.0,1,1.0,High Risk
12262,202.0,1,78.0,202.0,1,1.0,High Risk
12263,107.0,1,50.0,107.0,1,1.0,High Risk
12264,166.0,1,24.0,166.0,1,1.0,High Risk
12265,191.0,1,540.0,191.0,1,1.0,High Risk
12266,208.0,1,563.0,208.0,1,1.0,High Risk
12267,199.0,1,604.0,199.0,1,1.0,High Risk
12268,315.0,2,4862.0,888.0,1,0.715,High Risk
12269,191.0,1,567.0,191.0,1,1.0,High Risk
12270,185.0,1,575.0,185.0,1,1.0,High Risk
12271,179.0,1,618.0,179.0,1,1.0,High Risk
12272,173.0,1,50.0,173.0,1,1.0,High Risk
12273,312.0,1,39.0,312.0,1,1.0,High Risk
12274,1.0,1,39.0,1.0,0,0.0,Low Risk
12275,335.0,1,50.0,335.0,1,1.0,High Risk
12276,83.0,1,69.0,83.0,0,0.0,Low Risk
12277,201.0,1,2393.0,201.0,1,1.0,High Risk
12278,358.0,1,23.0,358.0,1,1.0,High Risk
12279,228.0,1,10.0,228.0,1,1.0,High Risk
12280,92.0,1,125.0,92.0,1,1.0,High Risk
12281,266.0,1,15.0,266.0,1,1.0,High Risk
12282,311.0,2,4828.0,853.0,1,0.95,High Risk
12283,272.0,1,37.0,272.0,1,1.0,High Risk
12284,286.0,2,4828.0,868.0,1,0.925,High Risk
12285,189.0,1,40.0,189.0,1,0.995,High Risk
12286,11.0,1,70.0,11.0,0,0.0,Low Risk
12287,195.0,1,30.0,195.0,1,1.0,High Risk
12288,180.0,1,609.0,180.0,1,1.0,High Risk
12289,179.0,1,39.0,179.0,1,1.0,High Risk
12290,349.0,1,35.0,349.0,1,1.0,High Risk
12291,17.0,1,7.0,17.0,0,0.0,Low Risk
12292,6.0,1,43.0,6.0,0,0.0,Low Risk
12293,182.0,1,35.0,182.0,1,1.0,High Risk
12294,149.0,1,152.0,149.0,1,1.0,High Risk
12295,241.0,1,37.0,241.0,1,1.0,High Risk
12296,137.0,1,35.0,137.0,1,1.0,High Risk
12297,159.0,1,570.0,159.0,1,1.0,High Risk
12298,147.0,1,37.0,147.0,1,1.0,High Risk
12299,134.0,1,70.0,134.0,1,1.0,High Risk
12300,336.0,1,30.0,336.0,1,1.0,High Risk
12301,285.0,1,134.0,285.0,1,0.995,High Risk
12302,43.0,1,57.0,43.0,0,0.0,Low Risk
12303,163.0,1,554.0,163.0,1,1.0,High Risk
12304,96.0,1,37.0,96.0,1,1.0,High Risk
12305,121.0,1,37.0,121.0,1,1.0,High Risk
12306,269.0,1,7.0,269.0,1,1.0,High Risk
12307,293.0,2,4828.0,874.0,1,0.98,High Risk
12308,262.0,1,68.0,262.0,1,1.0,High Risk
12309,51.0,1,5.0,51.0,0,0.0,Low Risk
12310,323.0,1,60.0,323.0,1,1.0,High Risk
12311,386.0,2,3333.0,557.0,1,0.985,High Risk
12312,361.0,2,3337.0,572.0,1,0.975,High Risk
12313,144.0,1,14.0,144.0,1,1.0,High Risk
12314,183.0,2,2906.0,565.0,1,0.945,High Risk
12315,195.0,2,2745.0,568.0,1,0.97,High Risk
12316,93.0,1,15.0,93.0,1,1.0,High Risk
12317,183.0,2,2835.0,568.0,1,0.985,High Risk
12318,130.0,1,40.0,130.0,1,1.0,High Risk
12319,178.0,1,561.0,178.0,1,1.0,High Risk
12320,108.0,1,575.0,108.0,1,1.0,High Risk
12321,202.0,2,2731.0,556.0,1,0.985,High Risk
12322,197.0,2,3061.0,547.0,1,0.975,High Risk
12323,184.0,2,3042.0,555.0,1,1.0,High Risk
12324,184.0,2,2745.0,552.0,1,0.935,High Risk
12325,205.0,2,2731.0,567.0,1,0.995,High Risk
12326,189.0,2,2997.0,552.0,1,1.0,High Risk
12327,163.0,1,561.0,163.0,1,1.0,High Risk
12328,117.0,1,74.0,117.0,1,1.0,High Risk
12329,155.0,1,2442.0,155.0,1,0.995,High Risk
12330,158.0,1,40.0,158.0,1,1.0,High Risk
12331,227.0,1,32.0,227.0,1,1.0,High Risk
12332,243.0,2,4144.0,550.0,1,0.965,High Risk
12333,221.0,2,4144.0,577.0,1,0.9,High Risk
12334,200.0,1,120.0,200.0,1,1.0,High Risk
12335,181.0,1,554.0,181.0,1,1.0,High Risk
12336,101.0,1,32.0,101.0,1,1.0,High Risk
12337,322.0,1,32.0,322.0,1,1.0,High Risk
12338,122.0,1,30.0,122.0,1,1.0,High Risk
12339,164.0,1,567.0,164.0,1,1.0,High Risk
12340,172.0,1,575.0,172.0,1,1.0,High Risk
12341,119.0,1,554.0,119.0,1,1.0,High Risk
12342,112.0,1,561.0,112.0,1,1.0,High Risk
12343,112.0,1,556.0,112.0,1,1.0,High Risk
12344,237.0,2,3937.0,547.0,1,0.885,High Risk
12345,237.0,2,3883.0,575.0,1,0.86,High Risk
12346,188.0,1,5.0,188.0,1,1.0,High Risk
12347,283.0,1,5.0,283.0,1,1.0,High Risk
12348,144.0,1,5.0,144.0,1,1.0,High Risk
12349,213.0,2,4167.0,555.0,1,0.925,High Risk
12350,123.0,1,66.0,123.0,1,1.0,High Risk
12351,25.0,1,60.0,25.0,0,0.0,Low Risk
12352,257.0,2,4828.0,875.0,1,0.98,High Risk
12353,164.0,1,540.0,164.0,1,1.0,High Risk
12354,120.0,1,45.0,120.0,1,1.0,High Risk
12355,334.0,1,70.0,334.0,1,1.0,High Risk
12356,174.0,1,604.0,174.0,1,1.0,High Risk
12357,174.0,1,589.0,174.0,1,1.0,High Risk
12358,288.0,1,99.0,288.0,1,1.0,High Risk
12359,165.0,1,562.0,165.0,1,1.0,High Risk
12360,111.0,1,540.0,111.0,1,1.0,High Risk
12361,328.0,1,30.0,328.0,1,1.0,High Risk
12362,12.0,1,32.0,12.0,0,0.0,Low Risk
12363,82.0,1,7.0,82.0,0,0.0,Low Risk
12364,22.0,1,5.0,22.0,0,0.0,Low Risk
12365,296.0,1,32.0,296.0,1,1.0,High Risk
12366,144.0,1,540.0,144.0,1,1.0,High Risk
12367,296.0,1,59.0,296.0,1,1.0,High Risk
12368,226.0,1,70.0,226.0,1,1.0,High Risk
12369,210.0,1,5.0,210.0,1,1.0,High Risk
12370,140.0,1,609.0,140.0,1,1.0,High Risk
12371,121.0,1,563.0,121.0,1,1.0,High Risk
12372,145.0,1,564.0,145.0,1,1.0,High Risk
12373,150.0,1,554.0,150.0,1,1.0,High Risk
12374,128.0,1,561.0,128.0,1,1.0,High Risk
12375,108.0,1,589.0,108.0,1,1.0,High Risk
12376,97.0,1,564.0,97.0,1,1.0,High Risk
12377,300.0,2,5314.0,858.0,1,0.96,High Risk
12378,99.0,1,557.0,99.0,1,1.0,High Risk
12379,257.0,2,5317.0,864.0,1,0.945,High Risk
12380,246.0,1,15.0,246.0,1,1.0,High Risk
12381,308.0,1,70.0,308.0,1,1.0,High Risk
12382,0.0,1,37.0,0.0,0,0.0,Low Risk
12383,152.0,1,600.0,152.0,1,1.0,High Risk
12384,145.0,1,600.0,145.0,1,1.0,High Risk
12385,129.0,1,549.0,129.0,1,1.0,High Risk
12386,262.0,2,4829.0,878.0,1,0.925,High Risk
12387,127.0,1,549.0,127.0,1,1.0,High Risk
12388,233.0,1,94.0,233.0,1,1.0,High Risk
12389,53.0,1,70.0,53.0,0,0.0,Low Risk
12390,274.0,1,37.0,274.0,1,1.0,High Risk
12391,145.0,1,540.0,145.0,1,1.0,High Risk
12392,129.0,1,613.0,129.0,1,1.0,High Risk
12393,152.0,1,554.0,152.0,1,1.0,High Risk
12394,145.0,1,615.0,145.0,1,1.0,High Risk
12395,142.0,1,540.0,142.0,1,1.0,High Risk
12396,137.0,1,554.0,137.0,1,1.0,High Risk
12397,253.0,2,4892.0,823.0,1,0.79,High Risk
12398,226.0,2,4828.0,841.0,1,0.985,High Risk
12399,132.0,1,554.0,132.0,1,1.0,High Risk
12400,152.0,1,561.0,152.0,1,1.0,High Risk
12401,43.0,1,30.0,43.0,0,0.0,Low Risk
12402,138.0,1,40.0,138.0,1,1.0,High Risk
12403,337.0,1,30.0,337.0,1,1.0,High Risk
12404,129.0,1,554.0,129.0,1,1.0,High Risk
12405,130.0,1,625.0,130.0,1,1.0,High Risk
12406,314.0,1,70.0,314.0,1,1.0,High Risk
12407,346.0,1,30.0,346.0,1,1.0,High Risk
12408,101.0,1,561.0,101.0,1,1.0,High Risk
12409,220.0,2,4218.0,574.0,1,0.975,High Risk
12410,224.0,2,3918.0,572.0,1,0.935,High Risk
12411,236.0,2,4017.0,554.0,1,0.97,High Risk
12412,362.0,2,3577.0,576.0,1,0.985,High Risk
12413,343.0,2,3586.0,563.0,1,1.0,High Risk
12414,335.0,2,3617.0,558.0,1,1.0,High Risk
12415,317.0,2,3391.0,574.0,1,0.975,High Risk
12416,310.0,2,3588.0,576.0,1,0.985,High Risk
12417,333.0,2,3598.0,551.0,1,1.0,High Risk
12418,306.0,2,3337.0,557.0,1,1.0,High Risk
12419,319.0,2,3400.0,573.0,1,0.92,High Risk
12420,91.0,1,40.0,91.0,1,1.0,High Risk
12421,221.0,2,4144.0,552.0,1,0.985,High Risk
12422,185.0,2,4208.0,574.0,1,0.965,High Risk
12423,191.0,2,3912.0,525.0,1,0.995,High Risk
12424,208.0,2,3937.0,543.0,1,0.995,High Risk
12425,285.0,1,29.0,285.0,1,1.0,High Risk
12426,202.0,2,3952.0,523.0,1,0.94,High Risk
12427,107.0,1,40.0,107.0,1,1.0,High Risk
12428,55.0,1,5.0,55.0,0,0.0,Low Risk
12429,179.0,1,40.0,179.0,1,1.0,High Risk
12430,203.0,2,3937.0,530.0,1,0.995,High Risk
12431,212.0,1,5.0,212.0,1,1.0,High Risk
12432,212.0,2,4158.0,546.0,1,0.945,High Risk
12433,197.0,2,4179.0,543.0,1,0.96,High Risk
12434,200.0,2,3883.0,532.0,1,0.915,High Risk
12435,193.0,2,3883.0,527.0,1,0.995,High Risk
12436,184.0,2,3918.0,526.0,1,0.98,High Risk
12437,204.0,2,3951.0,535.0,1,0.925,High Risk
12438,108.0,1,5.0,108.0,1,1.0,High Risk
12439,133.0,1,124.0,133.0,1,1.0,High Risk
12440,319.0,1,69.0,319.0,1,1.0,High Risk
12441,192.0,1,34.0,192.0,1,1.0,High Risk
12442,237.0,1,89.0,237.0,1,1.0,High Risk
12443,330.0,1,5.0,330.0,1,1.0,High Risk
12444,102.0,1,722.0,102.0,1,0.995,High Risk
12445,114.0,1,549.0,114.0,1,1.0,High Risk
12446,137.0,1,29.0,137.0,1,1.0,High Risk
12447,265.0,1,6.0,265.0,1,1.0,High Risk
12448,21.0,1,6.0,21.0,0,0.0,Low Risk
12449,73.0,1,32.0,73.0,0,0.0,Low Risk
12450,349.0,1,7.0,349.0,1,1.0,High Risk
12451,145.0,1,578.0,145.0,1,1.0,High Risk
12452,279.0,1,35.0,279.0,1,1.0,High Risk
12453,358.0,1,32.0,358.0,1,1.0,High Risk
12454,111.0,1,632.0,111.0,1,1.0,High Risk
12455,116.0,1,567.0,116.0,1,1.0,High Risk
12456,45.0,1,13.0,45.0,0,0.0,Low Risk
12457,250.0,1,157.0,250.0,1,0.995,High Risk
12458,143.0,1,70.0,143.0,1,1.0,High Risk
12459,171.0,1,42.0,171.0,1,1.0,High Risk
12460,130.0,1,40.0,130.0,1,1.0,High Risk
12461,97.0,1,649.0,97.0,1,0.995,High Risk
12462,21.0,1,35.0,21.0,0,0.0,Low Risk
12463,102.0,1,567.0,102.0,1,1.0,High Risk
12464,115.0,1,575.0,115.0,1,1.0,High Risk
12465,75.0,1,30.0,75.0,0,0.0,Low Risk
12466,308.0,1,35.0,308.0,1,1.0,High Risk
12467,362.0,1,30.0,362.0,1,1.0,High Risk
12468,10.0,1,30.0,10.0,0,0.0,Low Risk
12469,35.0,1,70.0,35.0,0,0.0,Low Risk
12470,286.0,1,30.0,286.0,1,1.0,High Risk
12471,252.0,1,107.0,252.0,1,1.0,High Risk
12472,102.0,1,600.0,102.0,1,1.0,High Risk
12473,326.0,1,32.0,326.0,1,1.0,High Risk
12474,334.0,1,133.0,334.0,1,1.0,High Risk
12475,114.0,1,600.0,114.0,1,1.0,High Risk
12476,203.0,1,122.0,203.0,1,1.0,High Risk
12477,183.0,1,5.0,183.0,1,1.0,High Risk
12478,60.0,1,70.0,60.0,0,0.0,Low Risk
12479,113.0,1,589.0,113.0,1,1.0,High Risk
12480,106.0,1,589.0,106.0,1,1.0,High Risk
12481,69.0,1,540.0,69.0,0,0.0,Low Risk
12482,217.0,1,30.0,217.0,1,1.0,High Risk
12483,63.0,1,30.0,63.0,0,0.0,Low Risk
12484,219.0,1,32.0,219.0,1,1.0,High Risk
12485,79.0,1,540.0,79.0,0,0.0,Low Risk
12486,29.0,1,90.0,29.0,0,0.0,Low Risk
12487,233.0,2,5343.0,835.0,1,1.0,High Risk
12488,78.0,1,90.0,78.0,0,0.0,Low Risk
12489,83.0,1,5.0,83.0,0,0.0,Low Risk
12490,34.0,1,35.0,34.0,0,0.0,Low Risk
12491,260.0,1,44.0,260.0,1,1.0,High Risk
12492,186.0,1,44.0,186.0,1,1.0,High Risk
12493,75.0,1,589.0,75.0,0,0.0,Low Risk
12494,67.0,1,549.0,67.0,0,0.0,Low Risk
12495,42.0,1,90.0,42.0,0,0.0,Low Risk
12496,108.0,1,70.0,108.0,1,1.0,High Risk
12497,293.0,1,70.0,293.0,1,1.0,High Risk
12498,110.0,1,30.0,110.0,1,1.0,High Risk
12499,299.0,1,5.0,299.0,1,1.0,High Risk
12500,69.0,1,540.0,69.0,0,0.0,Low Risk
12501,239.0,1,35.0,239.0,1,0.995,High Risk
12502,126.0,1,37.0,126.0,1,1.0,High Risk
12503,350.0,1,32.0,350.0,1,1.0,High Risk
12504,313.0,1,7.0,313.0,1,1.0,High Risk
12505,245.0,1,32.0,245.0,1,1.0,High Risk
12506,88.0,1,617.0,88.0,0,0.0,Low Risk
12507,84.0,1,540.0,84.0,0,0.0,Low Risk
12508,89.0,1,575.0,89.0,0,0.0,Low Risk
12509,69.0,1,561.0,69.0,0,0.0,Low Risk
12510,88.0,1,575.0,88.0,0,0.0,Low Risk
12511,149.0,1,554.0,149.0,1,1.0,High Risk
12512,224.0,2,4843.0,823.0,1,0.44,Medium Risk
12513,271.0,1,30.0,271.0,1,1.0,High Risk
12514,31.0,1,64.0,31.0,0,0.0,Low Risk
12515,124.0,1,70.0,124.0,1,1.0,High Risk
12516,130.0,1,540.0,130.0,1,1.0,High Risk
12517,124.0,1,599.0,124.0,1,1.0,High Risk
12518,100.0,1,79.0,100.0,1,1.0,High Risk
12519,31.0,1,5.0,31.0,0,0.0,Low Risk
12520,97.0,1,24.0,97.0,1,1.0,High Risk
12521,127.0,1,549.0,127.0,1,1.0,High Risk
12522,165.0,1,22.0,165.0,1,1.0,High Risk
12523,292.0,1,121.0,292.0,1,1.0,High Risk
12524,331.0,2,3337.0,530.0,1,0.98,High Risk
12525,323.0,2,3598.0,540.0,1,0.99,High Risk
12526,310.0,2,3302.0,525.0,1,0.995,High Risk
12527,307.0,2,3563.0,545.0,1,0.99,High Risk
12528,242.0,1,57.0,242.0,1,1.0,High Risk
12529,134.0,1,76.0,134.0,1,1.0,High Risk
12530,328.0,2,3617.0,527.0,1,1.0,High Risk
12531,23.0,1,40.0,23.0,0,0.0,Low Risk
12532,329.0,2,3337.0,543.0,1,1.0,High Risk
12533,322.0,2,3337.0,542.0,1,1.0,High Risk
12534,192.0,2,3918.0,534.0,1,1.0,High Risk
12535,198.0,2,4179.0,522.0,1,0.995,High Risk
12536,168.0,1,5.0,168.0,1,1.0,High Risk
12537,231.0,1,40.0,231.0,1,1.0,High Risk
12538,77.0,1,60.0,77.0,0,0.0,Low Risk
12539,195.0,2,4198.0,524.0,1,0.995,High Risk
12540,178.0,2,4144.0,529.0,1,1.0,High Risk
12541,284.0,2,3626.0,528.0,1,0.99,High Risk
12542,277.0,2,3337.0,543.0,1,1.0,High Risk
12543,286.0,2,3337.0,528.0,1,0.96,High Risk
12544,161.0,1,13.0,161.0,1,1.0,High Risk
12545,162.0,2,3971.0,520.0,1,0.945,High Risk
12546,165.0,2,3883.0,545.0,1,0.975,High Risk
12547,280.0,2,3337.0,527.0,1,0.99,High Risk
12548,274.0,2,3598.0,529.0,1,0.995,High Risk
12549,38.0,1,49.0,38.0,0,0.0,Low Risk
12550,244.0,1,94.0,244.0,1,1.0,High Risk
12551,90.0,1,112.0,90.0,0,0.0,Low Risk
12552,131.0,1,40.0,131.0,1,1.0,High Risk
12553,64.0,1,104.0,64.0,0,0.0,Low Risk
12554,155.0,1,5.0,155.0,1,1.0,High Risk
12555,208.0,1,5.0,208.0,1,1.0,High Risk
12556,309.0,1,35.0,309.0,1,1.0,High Risk
12557,365.0,1,30.0,365.0,1,1.0,High Risk
12558,259.0,1,7.0,259.0,1,1.0,High Risk
12559,108.0,1,35.0,108.0,1,1.0,High Risk
12560,362.0,1,64.0,362.0,1,0.995,High Risk
12561,98.0,1,554.0,98.0,1,1.0,High Risk
12562,209.0,1,30.0,209.0,1,1.0,High Risk
12563,244.0,1,5.0,244.0,1,1.0,High Risk
12564,152.0,1,57.0,152.0,1,1.0,High Risk
12565,135.0,1,35.0,135.0,1,1.0,High Risk
12566,32.0,1,35.0,32.0,0,0.0,Low Risk
12567,847.0,1,3578.0,847.0,1,1.0,High Risk
12568,229.0,1,40.0,229.0,1,1.0,High Risk
12569,95.0,1,567.0,95.0,1,1.0,High Risk
12570,193.0,1,40.0,193.0,1,1.0,High Risk
12571,274.0,1,22.0,274.0,1,1.0,High Risk
12572,304.0,2,3563.0,530.0,1,0.99,High Risk
12573,273.0,2,3617.0,525.0,1,1.0,High Risk
12574,246.0,2,3337.0,522.0,1,1.0,High Risk
12575,266.0,2,3337.0,527.0,1,0.99,High Risk
12576,252.0,2,3302.0,543.0,1,0.98,High Risk
12577,252.0,1,40.0,252.0,1,1.0,High Risk
12578,335.0,1,94.0,335.0,1,1.0,High Risk
12579,318.0,1,37.0,318.0,1,1.0,High Risk
12580,87.0,1,35.0,87.0,0,0.0,Low Risk
12581,337.0,1,70.0,337.0,1,1.0,High Risk
12582,164.0,1,70.0,164.0,1,1.0,High Risk
12583,120.0,1,629.0,120.0,1,1.0,High Risk
12584,229.0,2,4829.0,824.0,1,0.745,High Risk
12585,84.0,1,575.0,84.0,0,0.0,Low Risk
12586,86.0,1,565.0,86.0,0,0.0,Low Risk
12587,80.0,1,563.0,80.0,0,0.0,Low Risk
12588,62.0,1,565.0,62.0,0,0.0,Low Risk
12589,272.0,1,37.0,272.0,1,1.0,High Risk
12590,71.0,1,589.0,71.0,0,0.0,Low Risk
12591,23.0,1,70.0,23.0,0,0.0,Low Risk
12592,305.0,1,7.0,305.0,1,1.0,High Risk
12593,111.0,2,5279.0,847.0,1,0.965,High Risk
12594,178.0,2,3990.0,541.0,1,0.98,High Risk
12595,215.0,1,30.0,215.0,1,1.0,High Risk
12596,91.0,1,68.0,91.0,1,1.0,High Risk
12597,149.0,1,39.0,149.0,1,1.0,High Risk
12598,366.0,1,2482.0,366.0,1,1.0,High Risk
12599,140.0,1,32.0,140.0,1,1.0,High Risk
12600,43.0,1,43.0,43.0,0,0.0,Low Risk
12601,321.0,1,6.0,321.0,1,1.0,High Risk
12602,218.0,1,6.0,218.0,1,1.0,High Risk
12603,347.0,1,39.0,347.0,1,1.0,High Risk
12604,41.0,1,2373.0,41.0,0,0.0,Low Risk
12605,124.0,1,4.0,124.0,1,1.0,High Risk
12606,60.0,1,2345.0,60.0,0,0.0,Low Risk
12607,377.0,1,2544.0,377.0,1,1.0,High Risk
12608,379.0,1,2451.0,379.0,1,0.995,High Risk
12609,339.0,1,2511.0,339.0,1,1.0,High Risk
12610,257.0,1,13.0,257.0,1,1.0,High Risk
12611,7.0,1,39.0,7.0,0,0.0,Low Risk
12612,228.0,1,4.0,228.0,1,1.0,High Risk
12613,47.0,1,2396.0,47.0,0,0.0,Low Risk
12614,218.0,1,35.0,218.0,1,1.0,High Risk
12615,255.0,1,144.0,255.0,1,1.0,High Risk
12616,119.0,1,32.0,119.0,1,1.0,High Risk
12617,130.0,1,819.0,130.0,1,1.0,High Risk
12618,52.0,1,35.0,52.0,0,0.0,Low Risk
12619,354.0,1,2481.0,354.0,1,0.995,High Risk
12620,134.0,1,806.0,134.0,1,1.0,High Risk
12621,162.0,1,79.0,162.0,1,1.0,High Risk
12622,42.0,1,2310.0,42.0,0,0.0,Low Risk
12623,221.0,1,572.0,221.0,1,1.0,High Risk
12624,340.0,1,4.0,340.0,1,1.0,High Risk
12625,250.0,1,63.0,250.0,1,1.0,High Risk
12626,103.0,1,79.0,103.0,1,1.0,High Risk
12627,188.0,1,39.0,188.0,1,0.995,High Risk
12628,142.0,1,39.0,142.0,1,1.0,High Risk
12629,255.0,1,70.0,255.0,1,1.0,High Risk
12630,355.0,1,2466.0,355.0,1,0.995,High Risk
12631,348.0,1,2481.0,348.0,1,0.995,High Risk
12632,9.0,1,48.0,9.0,0,0.0,Low Risk
12633,295.0,1,163.0,295.0,1,1.0,High Risk
12634,65.0,1,39.0,65.0,0,0.0,Low Risk
12635,168.0,1,4.0,168.0,1,1.0,High Risk
12636,358.0,1,2452.0,358.0,1,1.0,High Risk
12637,340.0,1,2480.0,340.0,1,1.0,High Risk
12638,140.0,1,28.0,140.0,1,1.0,High Risk
12639,126.0,1,30.0,126.0,1,1.0,High Risk
12640,336.0,1,70.0,336.0,1,1.0,High Risk
12641,180.0,2,3937.0,540.0,1,0.985,High Risk
12642,235.0,1,64.0,235.0,1,1.0,High Risk
12643,10.0,1,14.0,10.0,0,0.0,Low Risk
12644,269.0,1,5.0,269.0,1,1.0,High Risk
12645,115.0,1,40.0,115.0,1,1.0,High Risk
12646,156.0,2,4198.0,537.0,1,0.815,High Risk
12647,209.0,1,14.0,209.0,1,1.0,High Risk
12648,129.0,1,13.0,129.0,1,1.0,High Risk
12649,176.0,2,4144.0,522.0,1,1.0,High Risk
12650,155.0,2,3946.0,532.0,1,0.85,High Risk
12651,246.0,1,40.0,246.0,1,1.0,High Risk
12652,172.0,2,3918.0,510.0,1,1.0,High Risk
12653,173.0,2,3908.0,488.0,1,0.995,High Risk
12654,163.0,2,3976.0,514.0,1,0.965,High Risk
12655,183.0,1,60.0,183.0,1,1.0,High Risk
12656,136.0,2,4144.0,513.0,1,1.0,High Risk
12657,139.0,2,4144.0,491.0,1,1.0,High Risk
12658,105.0,1,5.0,105.0,1,1.0,High Risk
12659,123.0,2,3937.0,496.0,1,0.895,High Risk
12660,131.0,2,4179.0,488.0,1,0.99,High Risk
12661,138.0,2,3918.0,507.0,1,1.0,High Risk
12662,139.0,2,3961.0,493.0,1,0.965,High Risk
12663,119.0,2,3918.0,503.0,1,1.0,High Risk
12664,114.0,2,3883.0,501.0,1,0.995,High Risk
12665,96.0,2,3942.0,502.0,1,0.99,High Risk
12666,104.0,2,4207.0,509.0,1,1.0,High Risk
12667,122.0,1,2453.0,122.0,1,1.0,High Risk
12668,37.0,1,2398.0,37.0,0,0.0,Low Risk
12669,106.0,1,564.0,106.0,1,1.0,High Risk
12670,40.0,1,30.0,40.0,0,0.0,Low Risk
12671,364.0,1,43.0,364.0,1,1.0,High Risk
12672,124.0,1,194.0,124.0,1,1.0,High Risk
12673,234.0,1,30.0,234.0,1,1.0,High Risk
12674,253.0,1,5.0,253.0,1,1.0,High Risk
12675,37.0,1,70.0,37.0,0,0.0,Low Risk
12676,131.0,1,30.0,131.0,1,1.0,High Risk
12677,337.0,1,5.0,337.0,1,1.0,High Risk
12678,97.0,1,30.0,97.0,1,1.0,High Risk
12679,303.0,1,30.0,303.0,1,1.0,High Risk
12680,356.0,1,40.0,356.0,1,1.0,High Risk
12681,97.0,1,540.0,97.0,1,1.0,High Risk
12682,60.0,1,14.0,60.0,0,0.0,Low Risk
12683,352.0,1,60.0,352.0,1,0.99,High Risk
12684,119.0,1,554.0,119.0,1,1.0,High Risk
12685,5.0,1,35.0,5.0,0,0.0,Low Risk
12686,146.0,1,30.0,146.0,1,1.0,High Risk
12687,61.0,1,94.0,61.0,0,0.0,Low Risk
12688,208.0,1,30.0,208.0,1,1.0,High Risk
12689,381.0,1,1215.0,381.0,1,1.0,High Risk
12690,208.0,1,44.0,208.0,1,1.0,High Risk
12691,361.0,1,39.0,361.0,1,1.0,High Risk
12692,230.0,1,30.0,230.0,1,1.0,High Risk
12693,202.0,1,43.0,202.0,1,1.0,High Risk
12694,199.0,1,120.0,199.0,1,1.0,High Risk
12695,212.0,1,70.0,212.0,1,1.0,High Risk
12696,356.0,1,151.0,356.0,1,1.0,High Risk
12697,313.0,1,233.0,313.0,1,0.995,High Risk
12698,289.0,1,70.0,289.0,1,1.0,High Risk
12699,33.0,1,30.0,33.0,0,0.0,Low Risk
12700,179.0,1,1274.0,179.0,1,1.0,High Risk
12701,37.0,1,30.0,37.0,0,0.0,Low Risk
12702,121.0,1,589.0,121.0,1,1.0,High Risk
12703,6.0,1,94.0,6.0,0,0.0,Low Risk
12704,108.0,1,35.0,108.0,1,1.0,High Risk
12705,119.0,1,600.0,119.0,1,1.0,High Risk
12706,73.0,1,94.0,73.0,0,0.0,Low Risk
12707,89.0,1,540.0,89.0,0,0.0,Low Risk
12708,70.0,1,565.0,70.0,0,0.0,Low Risk
12709,76.0,1,575.0,76.0,0,0.0,Low Risk
12710,61.0,1,549.0,61.0,0,0.0,Low Risk
12711,165.0,1,30.0,165.0,1,1.0,High Risk
12712,341.0,1,35.0,341.0,1,1.0,High Risk
12713,167.0,1,39.0,167.0,1,1.0,High Risk
12714,40.0,1,35.0,40.0,0,0.0,Low Risk
12715,328.0,1,45.0,328.0,1,1.0,High Risk
12716,72.0,1,540.0,72.0,0,0.0,Low Risk
12717,287.0,1,27.0,287.0,1,1.0,High Risk
12718,247.0,1,30.0,247.0,1,1.0,High Risk
12719,102.0,1,567.0,102.0,1,1.0,High Risk
12720,15.0,1,40.0,15.0,0,0.0,Low Risk
12721,67.0,1,35.0,67.0,0,0.0,Low Risk
12722,103.0,1,589.0,103.0,1,1.0,High Risk
12723,315.0,1,32.0,315.0,1,1.0,High Risk
12724,116.0,1,628.0,116.0,1,1.0,High Risk
12725,72.0,1,589.0,72.0,0,0.0,Low Risk
12726,232.0,2,4828.0,850.0,1,0.975,High Risk
12727,95.0,1,563.0,95.0,1,1.0,High Risk
12728,216.0,1,35.0,216.0,1,1.0,High Risk
12729,293.0,1,70.0,293.0,1,1.0,High Risk
12730,359.0,1,72.0,359.0,1,1.0,High Risk
12731,208.0,2,4828.0,836.0,1,0.975,High Risk
12732,208.0,2,4828.0,836.0,1,0.975,High Risk
12733,298.0,1,74.0,298.0,1,1.0,High Risk
12734,112.0,1,567.0,112.0,1,1.0,High Risk
12735,198.0,1,70.0,198.0,1,1.0,High Risk
12736,332.0,1,35.0,332.0,1,1.0,High Risk
12737,269.0,1,43.0,269.0,1,1.0,High Risk
12738,169.0,1,35.0,169.0,1,1.0,High Risk
12739,104.0,1,37.0,104.0,1,1.0,High Risk
12740,90.0,1,573.0,90.0,0,0.0,Low Risk
12741,178.0,1,37.0,178.0,1,1.0,High Risk
12742,101.0,1,33.0,101.0,1,1.0,High Risk
12743,113.0,1,615.0,113.0,1,1.0,High Risk
12744,338.0,1,40.0,338.0,1,1.0,High Risk
12745,99.0,1,567.0,99.0,1,1.0,High Risk
12746,273.0,1,44.0,273.0,1,1.0,High Risk
12747,120.0,1,540.0,120.0,1,1.0,High Risk
12748,278.0,1,1142.0,278.0,1,1.0,High Risk
12749,113.0,1,36.0,113.0,1,1.0,High Risk
12750,131.0,1,78.0,131.0,1,1.0,High Risk
12751,355.0,1,1155.0,355.0,1,1.0,High Risk
12752,323.0,1,1155.0,323.0,1,1.0,High Risk
12753,297.0,1,1164.0,297.0,1,1.0,High Risk
12754,279.0,1,1193.0,279.0,1,1.0,High Risk
12755,99.0,1,69.0,99.0,1,1.0,High Risk
12756,165.0,1,6.0,165.0,1,1.0,High Risk
12757,302.0,1,151.0,302.0,1,1.0,High Risk
12758,274.0,1,39.0,274.0,1,1.0,High Risk
12759,348.0,1,1755.0,348.0,1,1.0,High Risk
12760,372.0,1,2476.0,372.0,1,1.0,High Risk
12761,289.0,1,1183.0,289.0,1,1.0,High Risk
12762,220.0,1,69.0,220.0,1,1.0,High Risk
12763,282.0,1,1164.0,282.0,1,1.0,High Risk
12764,313.0,1,1736.0,313.0,1,1.0,High Risk
12765,341.0,1,2457.0,341.0,1,1.0,High Risk
12766,310.0,1,2535.0,310.0,1,1.0,High Risk
12767,181.0,1,69.0,181.0,1,1.0,High Risk
12768,11.0,1,14.0,11.0,0,0.0,Low Risk
12769,27.0,1,29.0,27.0,0,0.0,Low Risk
12770,320.0,1,29.0,320.0,1,1.0,High Risk
12771,341.0,1,5.0,341.0,1,1.0,High Risk
12772,260.0,1,83.0,260.0,1,0.995,High Risk
12773,197.0,1,39.0,197.0,1,1.0,High Risk
12774,303.0,1,89.0,303.0,1,1.0,High Risk
12775,298.0,1,1234.0,298.0,1,0.995,High Risk
12776,285.0,1,1155.0,285.0,1,1.0,High Risk
12777,317.0,1,2478.0,317.0,1,1.0,High Risk
12778,272.0,1,1179.0,272.0,1,1.0,High Risk
12779,97.0,1,589.0,97.0,1,1.0,High Risk
12780,246.0,1,1147.0,246.0,1,1.0,High Risk
12781,306.0,1,1751.0,306.0,1,1.0,High Risk
12782,105.0,1,567.0,105.0,1,1.0,High Risk
12783,125.0,1,70.0,125.0,1,1.0,High Risk
12784,331.0,1,59.0,331.0,1,1.0,High Risk
12785,356.0,1,35.0,356.0,1,1.0,High Risk
12786,359.0,1,37.0,359.0,1,1.0,High Risk
12787,202.0,1,39.0,202.0,1,1.0,High Risk
12788,309.0,1,72.0,309.0,1,1.0,High Risk
12789,159.0,1,1215.0,159.0,1,1.0,High Risk
12790,126.0,1,1251.0,126.0,1,1.0,High Risk
12791,205.0,1,47.0,205.0,1,1.0,High Risk
12792,212.0,1,72.0,212.0,1,1.0,High Risk
12793,196.0,1,33.0,196.0,1,1.0,High Risk
12794,287.0,1,39.0,287.0,1,0.995,High Risk
12795,118.0,1,1250.0,118.0,1,0.995,High Risk
12796,315.0,1,72.0,315.0,1,1.0,High Risk
12797,207.0,1,37.0,207.0,1,1.0,High Risk
12798,291.0,1,68.0,291.0,1,1.0,High Risk
12799,316.0,1,68.0,316.0,1,1.0,High Risk
12800,47.0,1,1229.0,47.0,0,0.0,Low Risk
12801,114.0,1,72.0,114.0,1,1.0,High Risk
12802,347.0,1,83.0,347.0,1,1.0,High Risk
12803,56.0,1,33.0,56.0,0,0.0,Low Risk
12804,237.0,1,69.0,237.0,1,1.0,High Risk
12805,310.0,1,72.0,310.0,1,1.0,High Risk
12806,125.0,1,33.0,125.0,1,1.0,High Risk
12807,824.0,1,3578.0,824.0,1,1.0,High Risk
12808,94.0,1,608.0,94.0,1,1.0,High Risk
12809,222.0,1,30.0,222.0,1,1.0,High Risk
12810,138.0,1,30.0,138.0,1,1.0,High Risk
12811,251.0,1,32.0,251.0,1,1.0,High Risk
12812,95.0,1,549.0,95.0,1,1.0,High Risk
12813,118.0,1,70.0,118.0,1,1.0,High Risk
12814,104.0,1,564.0,104.0,1,1.0,High Risk
12815,140.0,1,30.0,140.0,1,1.0,High Risk
12816,116.0,1,724.0,116.0,1,0.995,High Risk
12817,119.0,1,563.0,119.0,1,1.0,High Risk
12818,220.0,1,30.0,220.0,1,1.0,High Risk
12819,114.0,1,554.0,114.0,1,1.0,High Risk
12820,200.0,2,4802.0,837.0,1,0.92,High Risk
12821,44.0,1,37.0,44.0,0,0.0,Low Risk
12822,72.0,1,639.0,72.0,0,0.0,Low Risk
12823,268.0,1,37.0,268.0,1,1.0,High Risk
12824,255.0,1,59.0,255.0,1,1.0,High Risk
12825,356.0,1,70.0,356.0,1,1.0,High Risk
12826,103.0,1,32.0,103.0,1,1.0,High Risk
12827,292.0,1,32.0,292.0,1,1.0,High Risk
12828,55.0,1,14.0,55.0,0,0.0,Low Risk
12829,77.0,1,549.0,77.0,0,0.0,Low Risk
12830,208.0,2,4802.0,845.0,1,0.925,High Risk
12831,161.0,2,4802.0,838.0,1,0.925,High Risk
12832,361.0,1,70.0,361.0,1,1.0,High Risk
12833,87.0,1,687.0,87.0,0,0.0,Low Risk
12834,62.0,1,722.0,62.0,0,0.0,Low Risk
12835,80.0,1,562.0,80.0,0,0.0,Low Risk
12836,83.0,1,604.0,83.0,0,0.0,Low Risk
12837,69.0,1,599.0,69.0,0,0.0,Low Risk
12838,72.0,1,575.0,72.0,0,0.0,Low Risk
12839,69.0,1,540.0,69.0,0,0.0,Low Risk
12840,288.0,1,30.0,288.0,1,1.0,High Risk
12841,67.0,1,540.0,67.0,0,0.0,Low Risk
12842,67.0,1,659.0,67.0,0,0.0,Low Risk
12843,132.0,2,4828.0,840.0,1,0.985,High Risk
12844,71.0,1,39.0,71.0,0,0.0,Low Risk
12845,65.0,1,563.0,65.0,0,0.0,Low Risk
12846,73.0,1,608.0,73.0,0,0.0,Low Risk
12847,123.0,2,4828.0,825.0,1,0.775,High Risk
12848,87.0,1,722.0,87.0,0,0.0,Low Risk
12849,88.0,1,561.0,88.0,0,0.0,Low Risk
12850,80.0,1,600.0,80.0,0,0.0,Low Risk
12851,77.0,1,540.0,77.0,0,0.0,Low Risk
12852,87.0,1,540.0,87.0,0,0.0,Low Risk
12853,76.0,1,589.0,76.0,0,0.0,Low Risk
12854,72.0,1,589.0,72.0,0,0.0,Low Risk
12855,79.0,1,584.0,79.0,0,0.0,Low Risk
12856,69.0,1,624.0,69.0,0,0.0,Low Risk
12857,88.0,1,604.0,88.0,0,0.0,Low Risk
12858,75.0,1,600.0,75.0,0,0.0,Low Risk
12859,341.0,2,4712.0,850.0,1,0.48,Medium Risk
12860,393.0,2,4153.0,831.0,1,0.99,High Risk
12861,84.0,1,549.0,84.0,0,0.0,Low Risk
12862,346.0,1,153.0,346.0,1,0.995,High Risk
12863,303.0,1,70.0,303.0,1,1.0,High Risk
12864,232.0,1,70.0,232.0,1,1.0,High Risk
12865,183.0,1,85.0,183.0,1,1.0,High Risk
12866,130.0,2,4892.0,819.0,1,0.675,Medium Risk
12867,110.0,2,4828.0,807.0,1,0.68,Medium Risk
12868,92.0,2,4802.0,806.0,1,0.67,Medium Risk
12869,97.0,2,4829.0,805.0,1,0.78,High Risk
12870,324.0,1,35.0,324.0,1,1.0,High Risk
12871,38.0,1,624.0,38.0,0,0.0,Low Risk
12872,49.0,1,674.0,49.0,0,0.005,Low Risk
12873,40.0,1,556.0,40.0,0,0.0,Low Risk
12874,52.0,1,629.0,52.0,0,0.0,Low Risk
12875,90.0,1,540.0,90.0,0,0.0,Low Risk
12876,65.0,1,37.0,65.0,0,0.0,Low Risk
12877,117.0,1,37.0,117.0,1,0.995,High Risk
12878,60.0,1,79.0,60.0,0,0.0,Low Risk
12879,52.0,1,589.0,52.0,0,0.0,Low Risk
12880,305.0,1,64.0,305.0,1,1.0,High Risk
12881,55.0,1,554.0,55.0,0,0.0,Low Risk
12882,58.0,1,549.0,58.0,0,0.0,Low Risk
12883,48.0,1,604.0,48.0,0,0.0,Low Risk
12884,35.0,1,575.0,35.0,0,0.0,Low Risk
12885,31.0,1,604.0,31.0,0,0.0,Low Risk
12886,37.0,1,540.0,37.0,0,0.0,Low Risk
12887,55.0,1,563.0,55.0,0,0.0,Low Risk
12888,56.0,1,549.0,56.0,0,0.0,Low Risk
12889,328.0,1,35.0,328.0,1,1.0,High Risk
12890,37.0,1,70.0,37.0,0,0.0,Low Risk
12891,156.0,1,32.0,156.0,1,1.0,High Risk
12892,236.0,1,30.0,236.0,1,1.0,High Risk
12893,237.0,1,5.0,237.0,1,1.0,High Risk
12894,225.0,1,59.0,225.0,1,1.0,High Risk
12895,317.0,1,70.0,317.0,1,1.0,High Risk
12896,52.0,1,540.0,52.0,0,0.0,Low Risk
12897,44.0,1,549.0,44.0,0,0.0,Low Risk
12898,320.0,1,39.0,320.0,1,1.0,High Risk
12899,198.0,1,604.0,198.0,1,1.0,High Risk
12900,93.0,1,574.0,93.0,1,1.0,High Risk
12901,159.0,1,540.0,159.0,1,1.0,High Risk
12902,119.0,1,575.0,119.0,1,1.0,High Risk
12903,166.0,1,564.0,166.0,1,1.0,High Risk
12904,175.0,1,540.0,175.0,1,1.0,High Risk
12905,284.0,1,1198.0,284.0,1,1.0,High Risk
12906,161.0,1,575.0,161.0,1,1.0,High Risk
12907,293.0,1,2443.0,293.0,1,1.0,High Risk
12908,268.0,1,1120.0,268.0,1,1.0,High Risk
12909,62.0,1,575.0,62.0,0,0.0,Low Risk
12910,77.0,1,549.0,77.0,0,0.0,Low Risk
12911,296.0,1,6.0,296.0,1,1.0,High Risk
12912,142.0,1,36.0,142.0,1,1.0,High Risk
12913,87.0,1,4.0,87.0,0,0.0,Low Risk
12914,29.0,1,48.0,29.0,0,0.0,Low Risk
12915,145.0,1,6.0,145.0,1,1.0,High Risk
12916,59.0,1,28.0,59.0,0,0.0,Low Risk
12917,151.0,1,4.0,151.0,1,1.0,High Risk
12918,173.0,1,554.0,173.0,1,1.0,High Risk
12919,315.0,1,69.0,315.0,1,1.0,High Risk
12920,211.0,1,58.0,211.0,1,1.0,High Risk
12921,284.0,1,1736.0,284.0,1,1.0,High Risk
12922,292.0,1,2465.0,292.0,1,0.995,High Risk
12923,274.0,1,2466.0,274.0,1,0.995,High Risk
12924,226.0,1,1174.0,226.0,1,1.0,High Risk
12925,238.0,1,1129.0,238.0,1,1.0,High Risk
12926,271.0,1,2457.0,271.0,1,1.0,High Risk
12927,213.0,1,2443.0,213.0,1,1.0,High Risk
12928,164.0,1,36.0,164.0,1,1.0,High Risk
12929,296.0,1,36.0,296.0,1,1.0,High Risk
12930,132.0,1,84.0,132.0,1,1.0,High Risk
12931,231.0,1,1243.0,231.0,1,1.0,High Risk
12932,6.0,1,69.0,6.0,0,0.0,Low Risk
12933,62.0,1,589.0,62.0,0,0.0,Low Risk
12934,172.0,1,563.0,172.0,1,1.0,High Risk
12935,3.0,1,36.0,3.0,0,0.0,Low Risk
12936,203.0,1,5.0,203.0,1,1.0,High Risk
12937,241.0,1,124.0,241.0,1,1.0,High Risk
12938,343.0,1,39.0,343.0,1,1.0,High Risk
12939,231.0,1,1120.0,231.0,1,1.0,High Risk
12940,297.0,1,1710.0,297.0,1,1.0,High Risk
12941,221.0,1,1120.0,221.0,1,1.0,High Risk
12942,365.0,1,39.0,365.0,1,1.0,High Risk
12943,231.0,1,6.0,231.0,1,1.0,High Risk
12944,61.0,1,40.0,61.0,0,0.0,Low Risk
12945,301.0,1,1155.0,301.0,1,1.0,High Risk
12946,111.0,1,5.0,111.0,1,1.0,High Risk
12947,100.0,1,54.0,100.0,1,1.0,High Risk
12948,63.0,1,39.0,63.0,0,0.0,Low Risk
12949,74.0,1,69.0,74.0,0,0.0,Low Risk
12950,280.0,1,93.0,280.0,1,1.0,High Risk
12951,130.0,1,89.0,130.0,1,1.0,High Risk
12952,97.0,1,36.0,97.0,1,1.0,High Risk
12953,150.0,1,39.0,150.0,1,1.0,High Risk
12954,270.0,1,4.0,270.0,1,1.0,High Risk
12955,295.0,1,1178.0,295.0,1,1.0,High Risk
12956,41.0,1,44.0,41.0,0,0.0,Low Risk
12957,201.0,1,68.0,201.0,1,1.0,High Risk
12958,93.0,1,39.0,93.0,1,1.0,High Risk
12959,70.0,1,663.0,70.0,0,0.005,Low Risk
12960,338.0,1,39.0,338.0,1,1.0,High Risk
12961,166.0,1,600.0,166.0,1,1.0,High Risk
12962,154.0,1,685.0,154.0,1,1.0,High Risk
12963,365.0,1,29.0,365.0,1,1.0,High Risk
12964,161.0,1,69.0,161.0,1,1.0,High Risk
12965,337.0,1,36.0,337.0,1,1.0,High Risk
12966,273.0,1,39.0,273.0,1,1.0,High Risk
12967,304.0,1,29.0,304.0,1,1.0,High Risk
12968,205.0,1,5.0,205.0,1,1.0,High Risk
12969,130.0,1,40.0,130.0,1,1.0,High Risk
12970,198.0,1,36.0,198.0,1,1.0,High Risk
12971,92.0,1,36.0,92.0,1,1.0,High Risk
12972,52.0,1,99.0,52.0,0,0.0,Low Risk
12973,95.0,1,69.0,95.0,1,1.0,High Risk
12974,64.0,1,34.0,64.0,0,0.0,Low Risk
12975,37.0,1,36.0,37.0,0,0.0,Low Risk
12976,67.0,1,39.0,67.0,0,0.0,Low Risk
12977,304.0,1,5.0,304.0,1,1.0,High Risk
12978,179.0,1,124.0,179.0,1,1.0,High Risk
12979,23.0,1,40.0,23.0,0,0.0,Low Risk
12980,227.0,1,6.0,227.0,1,1.0,High Risk
12981,126.0,1,69.0,126.0,1,1.0,High Risk
12982,338.0,1,34.0,338.0,1,1.0,High Risk
12983,175.0,1,549.0,175.0,1,1.0,High Risk
12984,254.0,1,1195.0,254.0,1,1.0,High Risk
12985,269.0,1,1155.0,269.0,1,1.0,High Risk
12986,155.0,1,40.0,155.0,1,1.0,High Risk
12987,257.0,1,1184.0,257.0,1,1.0,High Risk
12988,249.0,1,1147.0,249.0,1,1.0,High Risk
12989,237.0,1,1179.0,237.0,1,1.0,High Risk
12990,351.0,1,59.0,351.0,1,1.0,High Risk
12991,81.0,1,549.0,81.0,0,0.0,Low Risk
12992,91.0,1,549.0,91.0,1,1.0,High Risk
12993,177.0,2,3167.0,491.0,1,0.98,High Risk
12994,175.0,2,3072.0,498.0,1,0.965,High Risk
12995,161.0,2,2791.0,490.0,1,0.995,High Risk
12996,159.0,2,2983.0,507.0,1,1.0,High Risk
12997,170.0,2,2745.0,506.0,1,0.72,High Risk
12998,286.0,1,40.0,286.0,1,1.0,High Risk
12999,175.0,2,2757.0,511.0,1,0.81,High Risk
13000,179.0,2,2731.0,488.0,1,0.925,High Risk
13001,164.0,2,2983.0,504.0,1,0.98,High Risk
13002,172.0,2,2983.0,514.0,1,1.0,High Risk
13003,167.0,2,2745.0,491.0,1,0.98,High Risk
13004,179.0,2,2807.0,517.0,1,0.955,High Risk
13005,174.0,2,2745.0,490.0,1,0.98,High Risk
13006,170.0,2,2757.0,514.0,1,0.845,High Risk
13007,160.0,2,2722.0,508.0,1,0.815,High Risk
13008,161.0,2,3042.0,500.0,1,0.995,High Risk
13009,163.0,2,2731.0,503.0,1,0.75,High Risk
13010,171.0,2,2746.0,516.0,1,0.78,High Risk
13011,71.0,1,565.0,71.0,0,0.0,Low Risk
13012,225.0,1,1179.0,225.0,1,1.0,High Risk
13013,106.0,1,69.0,106.0,1,1.0,High Risk
13014,260.0,1,89.0,260.0,1,1.0,High Risk
13015,108.0,1,39.0,108.0,1,1.0,High Risk
13016,229.0,1,1155.0,229.0,1,1.0,High Risk
13017,191.0,1,44.0,191.0,1,1.0,High Risk
13018,142.0,1,554.0,142.0,1,1.0,High Risk
13019,137.0,1,575.0,137.0,1,1.0,High Risk
13020,227.0,1,1120.0,227.0,1,1.0,High Risk
13021,163.0,1,14.0,163.0,1,1.0,High Risk
13022,104.0,1,156.0,104.0,1,1.0,High Risk
13023,74.0,1,561.0,74.0,0,0.0,Low Risk
13024,91.0,1,589.0,91.0,1,1.0,High Risk
13025,123.0,1,604.0,123.0,1,1.0,High Risk
13026,152.0,1,578.0,152.0,1,1.0,High Risk
13027,232.0,1,1213.0,232.0,1,1.0,High Risk
13028,141.0,1,562.0,141.0,1,1.0,High Risk
13029,36.0,1,598.0,36.0,0,0.0,Low Risk
13030,58.0,1,563.0,58.0,0,0.0,Low Risk
13031,216.0,1,1170.0,216.0,1,1.0,High Risk
13032,240.0,1,1170.0,240.0,1,1.0,High Risk
13033,37.0,1,563.0,37.0,0,0.0,Low Risk
13034,127.0,1,575.0,127.0,1,1.0,High Risk
13035,225.0,1,1203.0,225.0,1,1.0,High Risk
13036,297.0,1,14.0,297.0,1,1.0,High Risk
13037,130.0,1,608.0,130.0,1,1.0,High Risk
13038,32.0,1,540.0,32.0,0,0.0,Low Risk
13039,47.0,1,570.0,47.0,0,0.0,Low Risk
13040,237.0,1,1701.0,237.0,1,1.0,High Risk
13041,205.0,1,2482.0,205.0,1,1.0,High Risk
13042,90.0,1,94.0,90.0,0,0.0,Low Risk
13043,23.0,1,13.0,23.0,0,0.0,Low Risk
13044,56.0,1,31.0,56.0,0,0.0,Low Risk
13045,191.0,1,1174.0,191.0,1,1.0,High Risk
13046,115.0,1,5.0,115.0,1,1.0,High Risk
13047,126.0,1,554.0,126.0,1,1.0,High Risk
13048,207.0,1,1174.0,207.0,1,1.0,High Risk
13049,192.0,1,1174.0,192.0,1,1.0,High Risk
13050,147.0,1,575.0,147.0,1,1.0,High Risk
13051,191.0,1,1164.0,191.0,1,1.0,High Risk
13052,201.0,1,1170.0,201.0,1,1.0,High Risk
13053,136.0,1,549.0,136.0,1,1.0,High Risk
13054,185.0,1,2443.0,185.0,1,1.0,High Risk
13055,189.0,1,1174.0,189.0,1,1.0,High Risk
13056,191.0,1,1170.0,191.0,1,1.0,High Risk
13057,58.0,1,629.0,58.0,0,0.0,Low Risk
13058,52.0,1,575.0,52.0,0,0.0,Low Risk
13059,158.0,1,1164.0,158.0,1,1.0,High Risk
13060,147.0,1,584.0,147.0,1,1.0,High Risk
13061,132.0,1,604.0,132.0,1,1.0,High Risk
13062,388.0,1,2413.0,388.0,1,1.0,High Risk
13063,176.0,1,29.0,176.0,1,1.0,High Risk
13064,364.0,1,2433.0,364.0,1,1.0,High Risk
13065,344.0,1,5.0,344.0,1,1.0,High Risk
13066,160.0,1,1170.0,160.0,1,1.0,High Risk
13067,112.0,1,2515.0,112.0,1,1.0,High Risk
13068,120.0,1,2492.0,120.0,1,0.995,High Risk
13069,95.0,1,2457.0,95.0,1,0.995,High Risk
13070,187.0,1,1174.0,187.0,1,1.0,High Risk
13071,112.0,1,36.0,112.0,1,1.0,High Risk
13072,252.0,1,13.0,252.0,1,1.0,High Risk
13073,243.0,1,6.0,243.0,1,1.0,High Risk
13074,133.0,1,69.0,133.0,1,1.0,High Risk
13075,132.0,1,39.0,132.0,1,0.995,High Risk
13076,99.0,1,69.0,99.0,1,1.0,High Risk
13077,112.0,1,78.0,112.0,1,1.0,High Risk
13078,138.0,1,589.0,138.0,1,1.0,High Risk
13079,295.0,1,4.0,295.0,1,1.0,High Risk
13080,252.0,1,40.0,252.0,1,1.0,High Risk
13081,184.0,1,54.0,184.0,1,1.0,High Risk
13082,143.0,1,31.0,143.0,1,1.0,High Risk
13083,147.0,1,40.0,147.0,1,1.0,High Risk
13084,347.0,1,2419.0,347.0,1,1.0,High Risk
13085,326.0,1,2407.0,326.0,1,1.0,High Risk
13086,325.0,1,40.0,325.0,1,1.0,High Risk
13087,125.0,1,54.0,125.0,1,1.0,High Risk
13088,63.0,1,39.0,63.0,0,0.0,Low Risk
13089,259.0,1,6.0,259.0,1,1.0,High Risk
13090,243.0,1,1745.0,243.0,1,1.0,High Risk
13091,237.0,1,1736.0,237.0,1,1.0,High Risk
13092,64.0,1,2478.0,64.0,0,0.0,Low Risk
13093,88.0,1,2481.0,88.0,0,0.01,Low Risk
13094,360.0,1,2466.0,360.0,1,0.995,High Risk
13095,364.0,1,40.0,364.0,1,1.0,High Risk
13096,217.0,1,29.0,217.0,1,1.0,High Risk
13097,250.0,1,7.0,250.0,1,1.0,High Risk
13098,28.0,1,6.0,28.0,0,0.0,Low Risk
13099,106.0,1,655.0,106.0,1,0.99,High Risk
13100,120.0,1,563.0,120.0,1,1.0,High Risk
13101,208.0,1,1169.0,208.0,1,1.0,High Risk
13102,201.0,1,1170.0,201.0,1,1.0,High Risk
13103,368.0,1,1779.0,368.0,1,1.0,High Risk
13104,345.0,1,1755.0,345.0,1,1.0,High Risk
13105,154.0,1,1155.0,154.0,1,1.0,High Risk
13106,318.0,1,2419.0,318.0,1,1.0,High Risk
13107,143.0,1,40.0,143.0,1,1.0,High Risk
13108,87.0,1,124.0,87.0,0,0.0,Low Risk
13109,277.0,1,4.0,277.0,1,1.0,High Risk
13110,290.0,1,5.0,290.0,1,1.0,High Risk
13111,315.0,1,2393.0,315.0,1,1.0,High Risk
13112,166.0,1,5.0,166.0,1,1.0,High Risk
13113,108.0,1,1155.0,108.0,1,1.0,High Risk
13114,319.0,1,40.0,319.0,1,1.0,High Risk
13115,181.0,1,1179.0,181.0,1,1.0,High Risk
13116,112.0,1,1164.0,112.0,1,1.0,High Risk
13117,229.0,1,1701.0,229.0,1,1.0,High Risk
13118,129.0,1,13.0,129.0,1,1.0,High Risk
13119,3.0,1,7.0,3.0,0,0.0,Low Risk
13120,138.0,1,14.0,138.0,1,1.0,High Risk
13121,309.0,1,4.0,309.0,1,1.0,High Risk
13122,100.0,1,540.0,100.0,1,1.0,High Risk
13123,124.0,1,5.0,124.0,1,1.0,High Risk
13124,205.0,1,7.0,205.0,1,1.0,High Risk
13125,30.0,1,60.0,30.0,0,0.0,Low Risk
13126,101.0,1,14.0,101.0,1,1.0,High Risk
13127,163.0,1,29.0,163.0,1,1.0,High Risk
13128,105.0,1,549.0,105.0,1,1.0,High Risk
13129,188.0,1,94.0,188.0,1,1.0,High Risk
13130,183.0,1,4.0,183.0,1,1.0,High Risk
13131,233.0,1,48.0,233.0,1,1.0,High Risk
13132,3.0,1,14.0,3.0,0,0.0,Low Risk
13133,105.0,1,5.0,105.0,1,1.0,High Risk
13134,261.0,1,49.0,261.0,1,1.0,High Risk
13135,42.0,1,5.0,42.0,0,0.0,Low Risk
13136,306.0,1,2419.0,306.0,1,1.0,High Risk
13137,301.0,1,2413.0,301.0,1,1.0,High Risk
13138,243.0,1,6.0,243.0,1,1.0,High Risk
13139,98.0,1,1194.0,98.0,1,1.0,High Risk
13140,80.0,1,39.0,80.0,0,0.0,Low Risk
13141,275.0,1,2419.0,275.0,1,1.0,High Risk
13142,353.0,1,15.0,353.0,1,1.0,High Risk
13143,103.0,1,7.0,103.0,1,1.0,High Risk
13144,34.0,1,6.0,34.0,0,0.0,Low Risk
13145,106.0,1,40.0,106.0,1,1.0,High Risk
13146,26.0,1,14.0,26.0,0,0.0,Low Risk
13147,276.0,1,60.0,276.0,1,0.995,High Risk
13148,40.0,1,39.0,40.0,0,0.0,Low Risk
13149,300.0,1,12.0,300.0,1,1.0,High Risk
13150,136.0,1,7.0,136.0,1,1.0,High Risk
13151,99.0,1,4.0,99.0,1,0.995,High Risk
13152,151.0,1,59.0,151.0,1,1.0,High Risk
13153,66.0,1,5.0,66.0,0,0.0,Low Risk
13154,289.0,1,2418.0,289.0,1,1.0,High Risk
13155,303.0,1,29.0,303.0,1,1.0,High Risk
13156,97.0,1,540.0,97.0,1,1.0,High Risk
13157,124.0,1,6.0,124.0,1,1.0,High Risk
13158,249.0,1,2419.0,249.0,1,1.0,High Risk
13159,257.0,1,2398.0,257.0,1,1.0,High Risk
13160,168.0,2,2757.0,490.0,1,0.975,High Risk
13161,167.0,2,3047.0,489.0,1,0.99,High Risk
13162,172.0,2,2983.0,463.0,1,0.88,High Risk
13163,175.0,2,3004.0,473.0,1,0.835,High Risk
13164,174.0,2,2757.0,482.0,1,0.905,High Risk
13165,167.0,2,2760.0,469.0,1,0.895,High Risk
13166,168.0,2,3047.0,461.0,1,0.895,High Risk
13167,145.0,2,2790.0,471.0,1,0.91,High Risk
13168,146.0,2,2983.0,481.0,1,0.865,High Risk
13169,127.0,2,2791.0,459.0,1,0.615,Medium Risk
13170,151.0,2,2736.0,470.0,1,0.995,High Risk
13171,140.0,2,3018.0,477.0,1,0.91,High Risk
13172,132.0,2,3006.0,476.0,1,0.74,High Risk
13173,146.0,2,2736.0,471.0,1,0.995,High Risk
13174,130.0,2,2771.0,480.0,1,0.765,High Risk
13175,127.0,2,2983.0,469.0,1,0.925,High Risk
13176,134.0,2,2743.0,471.0,1,0.995,High Risk
13177,142.0,2,3042.0,464.0,1,0.995,High Risk
13178,151.0,2,2722.0,486.0,1,0.93,High Risk
13179,146.0,2,2811.0,459.0,1,0.505,Medium Risk
13180,145.0,2,3052.0,463.0,1,0.99,High Risk
13181,133.0,1,39.0,133.0,1,0.995,High Risk
13182,327.0,1,6.0,327.0,1,1.0,High Risk
13183,119.0,1,563.0,119.0,1,1.0,High Risk
13184,244.0,1,2462.0,244.0,1,1.0,High Risk
13185,173.0,1,1155.0,173.0,1,1.0,High Risk
13186,23.0,1,7.0,23.0,0,0.0,Low Risk
13187,176.0,1,1147.0,176.0,1,1.0,High Risk
13188,168.0,1,1155.0,168.0,1,1.0,High Risk
13189,201.0,1,13.0,201.0,1,1.0,High Risk
13190,152.0,1,1174.0,152.0,1,1.0,High Risk
13191,225.0,1,2428.0,225.0,1,1.0,High Risk
13192,110.0,1,540.0,110.0,1,1.0,High Risk
13193,135.0,1,1155.0,135.0,1,1.0,High Risk
13194,130.0,1,1199.0,130.0,1,1.0,High Risk
13195,217.0,1,2418.0,217.0,1,1.0,High Risk
13196,259.0,1,60.0,259.0,1,1.0,High Risk
13197,194.0,1,40.0,194.0,1,1.0,High Risk
13198,124.0,1,1155.0,124.0,1,1.0,High Risk
13199,230.0,1,2433.0,230.0,1,1.0,High Risk
13200,99.0,1,1155.0,99.0,1,1.0,High Risk
13201,92.0,1,1120.0,92.0,1,0.985,High Risk
13202,200.0,1,2428.0,200.0,1,1.0,High Risk
13203,152.0,1,1120.0,152.0,1,1.0,High Risk
13204,167.0,1,2469.0,167.0,1,1.0,High Risk
13205,97.0,1,598.0,97.0,1,1.0,High Risk
13206,118.0,1,615.0,118.0,1,1.0,High Risk
13207,345.0,1,1755.0,345.0,1,1.0,High Risk
13208,44.0,1,5.0,44.0,0,0.0,Low Risk
13209,153.0,1,1710.0,153.0,1,1.0,High Risk
13210,177.0,1,1736.0,177.0,1,1.0,High Risk
13211,309.0,1,1730.0,309.0,1,1.0,High Risk
13212,105.0,1,1170.0,105.0,1,1.0,High Risk
13213,143.0,1,1155.0,143.0,1,1.0,High Risk
13214,131.0,1,1214.0,131.0,1,1.0,High Risk
13215,111.0,1,584.0,111.0,1,1.0,High Risk
13216,44.0,1,89.0,44.0,0,0.0,Low Risk
13217,52.0,1,49.0,52.0,0,0.0,Low Risk
13218,144.0,1,1209.0,144.0,1,1.0,High Risk
13219,268.0,1,5.0,268.0,1,1.0,High Risk
13220,180.0,1,2433.0,180.0,1,1.0,High Risk
13221,127.0,1,68.0,127.0,1,1.0,High Risk
13222,54.0,1,554.0,54.0,0,0.0,Low Risk
13223,117.0,1,37.0,117.0,1,0.995,High Risk
13224,297.0,1,32.0,297.0,1,1.0,High Risk
13225,46.0,1,540.0,46.0,0,0.0,Low Risk
13226,177.0,1,94.0,177.0,1,1.0,High Risk
13227,169.0,1,70.0,169.0,1,1.0,High Risk
13228,185.0,1,35.0,185.0,1,1.0,High Risk
13229,78.0,1,15.0,78.0,0,0.0,Low Risk
13230,250.0,1,7.0,250.0,1,1.0,High Risk
13231,162.0,1,14.0,162.0,1,1.0,High Risk
13232,34.0,1,563.0,34.0,0,0.0,Low Risk
13233,41.0,1,554.0,41.0,0,0.0,Low Risk
13234,59.0,1,554.0,59.0,0,0.0,Low Risk
13235,48.0,1,563.0,48.0,0,0.0,Low Risk
13236,119.0,2,4829.0,811.0,1,0.64,Medium Risk
13237,269.0,1,122.0,269.0,1,1.0,High Risk
13238,44.0,1,72.0,44.0,0,0.0,Low Risk
13239,40.0,1,609.0,40.0,0,0.0,Low Risk
13240,57.0,1,589.0,57.0,0,0.0,Low Risk
13241,40.0,1,5.0,40.0,0,0.0,Low Risk
13242,151.0,2,2997.0,481.0,1,0.775,High Risk
13243,147.0,2,2757.0,471.0,1,0.96,High Risk
13244,227.0,1,49.0,227.0,1,1.0,High Risk
13245,249.0,2,3617.0,470.0,1,1.0,High Risk
13246,41.0,1,17.0,41.0,0,0.0,Low Risk
13247,264.0,1,10.0,264.0,1,1.0,High Risk
13248,149.0,2,2722.0,461.0,1,0.89,High Risk
13249,131.0,2,2771.0,480.0,1,0.765,High Risk
13250,125.0,2,2757.0,481.0,1,0.865,High Risk
13251,128.0,2,2739.0,465.0,1,0.89,High Risk
13252,145.0,2,2983.0,470.0,1,0.91,High Risk
13253,119.0,2,2745.0,470.0,1,0.995,High Risk
13254,111.0,1,10.0,111.0,1,1.0,High Risk
13255,33.0,1,604.0,33.0,0,0.0,Low Risk
13256,29.0,1,14.0,29.0,0,0.0,Low Risk
13257,309.0,1,40.0,309.0,1,1.0,High Risk
13258,113.0,2,2771.0,460.0,1,0.555,Medium Risk
13259,62.0,1,5.0,62.0,0,0.0,Low Risk
13260,20.0,1,30.0,20.0,0,0.0,Low Risk
13261,52.0,1,45.0,52.0,0,0.0,Low Risk
13262,200.0,1,72.0,200.0,1,1.0,High Risk
13263,218.0,1,39.0,218.0,1,1.0,High Risk
13264,200.0,1,35.0,200.0,1,1.0,High Risk
13265,107.0,1,72.0,107.0,1,1.0,High Risk
13266,191.0,1,96.0,191.0,1,1.0,High Risk
13267,118.0,2,2749.0,484.0,1,0.915,High Risk
13268,218.0,1,23.0,218.0,1,1.0,High Risk
13269,246.0,1,50.0,246.0,1,1.0,High Risk
13270,137.0,1,15.0,137.0,1,1.0,High Risk
13271,110.0,2,2845.0,474.0,1,0.785,High Risk
13272,97.0,2,2745.0,471.0,1,0.995,High Risk
13273,118.0,2,2736.0,475.0,1,0.87,High Risk
13274,99.0,2,2722.0,475.0,1,0.815,High Risk
13275,92.0,2,3018.0,455.0,1,0.595,Medium Risk
13276,336.0,1,831.0,336.0,1,0.995,High Risk
13277,326.0,1,24.0,326.0,1,1.0,High Risk
13278,339.0,1,10.0,339.0,1,1.0,High Risk
13279,241.0,1,184.0,241.0,1,1.0,High Risk
13280,16.0,1,79.0,16.0,0,0.0,Low Risk
13281,195.0,1,27.0,195.0,1,1.0,High Risk
13282,260.0,2,3302.0,429.0,1,0.92,High Risk
13283,94.0,2,3918.0,431.0,1,0.88,High Risk
13284,102.0,2,3947.0,428.0,1,0.845,High Risk
13285,82.0,2,4837.0,821.0,0,0.105,Low Risk
13286,207.0,1,33.0,207.0,1,1.0,High Risk
13287,41.0,1,575.0,41.0,0,0.0,Low Risk
13288,44.0,1,101.0,44.0,0,0.0,Low Risk
13289,114.0,1,72.0,114.0,1,1.0,High Risk
13290,299.0,1,33.0,299.0,1,1.0,High Risk
13291,189.0,1,33.0,189.0,1,1.0,High Risk
13292,50.0,1,540.0,50.0,0,0.0,Low Risk
13293,349.0,1,39.0,349.0,1,0.995,High Risk
13294,365.0,1,35.0,365.0,1,1.0,High Risk
13295,138.0,1,46.0,138.0,1,1.0,High Risk
13296,50.0,1,609.0,50.0,0,0.0,Low Risk
13297,58.0,1,575.0,58.0,0,0.0,Low Risk
13298,346.0,1,39.0,346.0,1,1.0,High Risk
13299,322.0,1,87.0,322.0,1,1.0,High Risk
13300,320.0,1,39.0,320.0,1,1.0,High Risk
13301,95.0,2,4144.0,434.0,1,0.655,Medium Risk
13302,109.0,2,4144.0,455.0,1,0.81,High Risk
13303,96.0,2,3883.0,451.0,1,0.83,High Risk
13304,117.0,2,4207.0,428.0,1,0.74,High Risk
13305,104.0,2,3947.0,430.0,1,0.695,Medium Risk
13306,118.0,2,3946.0,433.0,1,0.66,Medium Risk
13307,2.0,1,7.0,2.0,0,0.0,Low Risk
13308,95.0,2,4158.0,428.0,1,0.67,Medium Risk
13309,33.0,1,613.0,33.0,0,0.0,Low Risk
13310,54.0,2,4793.0,800.0,0,0.135,Low Risk
13311,32.0,2,4829.0,818.0,0,0.075,Low Risk
13312,44.0,1,625.0,44.0,0,0.0,Low Risk
13313,186.0,1,37.0,186.0,1,1.0,High Risk
13314,255.0,1,46.0,255.0,1,1.0,High Risk
13315,317.0,1,57.0,317.0,1,1.0,High Risk
13316,257.0,1,33.0,257.0,1,1.0,High Risk
13317,88.0,1,39.0,88.0,0,0.0,Low Risk
13318,342.0,1,35.0,342.0,1,1.0,High Risk
13319,278.0,1,72.0,278.0,1,1.0,High Risk
13320,77.0,1,37.0,77.0,0,0.0,Low Risk
13321,171.0,1,39.0,171.0,1,1.0,High Risk
13322,53.0,1,549.0,53.0,0,0.0,Low Risk
13323,148.0,1,69.0,148.0,1,1.0,High Risk
13324,54.0,1,600.0,54.0,0,0.0,Low Risk
13325,39.0,1,600.0,39.0,0,0.0,Low Risk
13326,51.0,1,567.0,51.0,0,0.0,Low Risk
13327,42.0,1,556.0,42.0,0,0.0,Low Risk
13328,34.0,1,549.0,34.0,0,0.0,Low Risk
13329,42.0,1,575.0,42.0,0,0.0,Low Risk
13330,39.0,1,604.0,39.0,0,0.0,Low Risk
13331,55.0,1,575.0,55.0,0,0.0,Low Risk
13332,58.0,1,549.0,58.0,0,0.0,Low Risk
13333,54.0,2,4816.0,807.0,0,0.13,Low Risk
13334,57.0,1,617.0,57.0,0,0.0,Low Risk
13335,47.0,1,575.0,47.0,0,0.0,Low Risk
13336,55.0,1,575.0,55.0,0,0.0,Low Risk
13337,41.0,1,549.0,41.0,0,0.0,Low Risk
13338,43.0,1,600.0,43.0,0,0.0,Low Risk
13339,36.0,1,554.0,36.0,0,0.0,Low Risk
13340,396.0,1,2384.0,396.0,1,1.0,High Risk
13341,338.0,1,2393.0,338.0,1,1.0,High Risk
13342,338.0,1,2453.0,338.0,1,1.0,High Risk
13343,48.0,2,4828.0,814.0,0,0.155,Low Risk
13344,326.0,1,2443.0,326.0,1,1.0,High Risk
13345,336.0,2,4329.0,807.0,1,0.86,High Risk
13346,320.0,1,2398.0,320.0,1,1.0,High Risk
13347,280.0,1,2473.0,280.0,1,1.0,High Risk
13348,297.0,1,2419.0,297.0,1,1.0,High Risk
13349,289.0,1,2443.0,289.0,1,1.0,High Risk
13350,300.0,1,2419.0,300.0,1,1.0,High Risk
13351,270.0,1,72.0,270.0,1,0.995,High Risk
13352,297.0,1,2393.0,297.0,1,1.0,High Risk
13353,254.0,1,2393.0,254.0,1,1.0,High Risk
13354,268.0,1,2398.0,268.0,1,1.0,High Risk
13355,273.0,1,2418.0,273.0,1,1.0,High Risk
13356,258.0,1,37.0,258.0,1,1.0,High Risk
13357,37.0,1,615.0,37.0,0,0.0,Low Risk
13358,260.0,1,2443.0,260.0,1,1.0,High Risk
13359,249.0,1,2418.0,249.0,1,1.0,High Risk
13360,268.0,1,2420.0,268.0,1,1.0,High Risk
13361,266.0,2,3626.0,450.0,1,0.985,High Risk
13362,255.0,2,3391.0,441.0,1,0.905,High Risk
13363,271.0,2,3600.0,443.0,1,0.865,High Risk
13364,6.0,1,14.0,6.0,0,0.0,Low Risk
13365,63.0,2,3966.0,446.0,0,0.025,Low Risk
13366,271.0,2,3331.0,440.0,1,0.72,High Risk
13367,73.0,2,4144.0,430.0,0,0.095,Low Risk
13368,76.0,2,4179.0,429.0,0,0.155,Low Risk
13369,77.0,2,3947.0,451.0,0,0.1,Low Risk
13370,92.0,1,5.0,92.0,1,1.0,High Risk
13371,159.0,1,68.0,159.0,1,1.0,High Risk
13372,89.0,2,4193.0,449.0,0,0.075,Low Risk
13373,214.0,2,3356.0,434.0,1,0.945,High Risk
13374,182.0,1,27.0,182.0,1,1.0,High Risk
13375,1.0,1,21.0,1.0,0,0.0,Low Risk
13376,295.0,1,31.0,295.0,1,1.0,High Risk
13377,52.0,1,5.0,52.0,0,0.0,Low Risk
13378,88.0,2,3946.0,438.0,0,0.09,Low Risk
13379,65.0,2,4173.0,427.0,0,0.35,Low Risk
13380,279.0,1,14.0,279.0,1,1.0,High Risk
13381,174.0,1,5.0,174.0,1,1.0,High Risk
13382,63.0,2,3971.0,436.0,0,0.035,Low Risk
13383,186.0,1,143.0,186.0,1,1.0,High Risk
13384,167.0,1,2384.0,167.0,1,0.995,High Risk
13385,123.0,1,2428.0,123.0,1,1.0,High Risk
13386,37.0,1,563.0,37.0,0,0.0,Low Risk
13387,390.0,2,4143.0,773.0,1,1.0,High Risk
13388,34.0,1,540.0,34.0,0,0.0,Low Risk
13389,52.0,1,589.0,52.0,0,0.0,Low Risk
13390,348.0,1,46.0,348.0,1,1.0,High Risk
13391,221.0,1,33.0,221.0,1,1.0,High Risk
13392,243.0,1,43.0,243.0,1,1.0,High Risk
13393,291.0,2,4329.0,773.0,1,0.95,High Risk
13394,355.0,1,37.0,355.0,1,1.0,High Risk
13395,211.0,1,37.0,211.0,1,1.0,High Risk
13396,303.0,1,37.0,303.0,1,1.0,High Risk
13397,277.0,1,39.0,277.0,1,1.0,High Risk
13398,332.0,1,39.0,332.0,1,1.0,High Risk
13399,285.0,1,43.0,285.0,1,1.0,High Risk
13400,306.0,1,133.0,306.0,1,1.0,High Risk
13401,44.0,1,609.0,44.0,0,0.0,Low Risk
13402,182.0,1,46.0,182.0,1,1.0,High Risk
13403,41.0,1,575.0,41.0,0,0.0,Low Risk
13404,387.0,1,2393.0,387.0,1,1.0,High Risk
13405,371.0,1,2384.0,371.0,1,1.0,High Risk
13406,371.0,1,2419.0,371.0,1,1.0,High Risk
13407,39.0,1,196.0,39.0,0,0.0,Low Risk
13408,76.0,1,72.0,76.0,0,0.0,Low Risk
13409,62.0,1,96.0,62.0,0,0.0,Low Risk
13410,38.0,1,72.0,38.0,0,0.0,Low Risk
13411,81.0,1,194.0,81.0,0,0.0,Low Risk
13412,312.0,1,72.0,312.0,1,1.0,High Risk
13413,267.0,1,39.0,267.0,1,1.0,High Risk
13414,381.0,1,2407.0,381.0,1,1.0,High Risk
13415,373.0,1,2398.0,373.0,1,1.0,High Risk
13416,352.0,1,5.0,352.0,1,1.0,High Risk
13417,152.0,1,96.0,152.0,1,0.995,High Risk
13418,385.0,1,2467.0,385.0,1,1.0,High Risk
13419,276.0,2,4329.0,773.0,1,0.95,High Risk
13420,276.0,1,72.0,276.0,1,1.0,High Risk
13421,370.0,1,2393.0,370.0,1,1.0,High Risk
13422,367.0,1,2447.0,367.0,1,1.0,High Risk
13423,282.0,1,153.0,282.0,1,1.0,High Risk
13424,306.0,1,33.0,306.0,1,1.0,High Risk
13425,313.0,1,250.0,313.0,1,0.985,High Risk
13426,389.0,1,2419.0,389.0,1,1.0,High Risk
13427,99.0,1,72.0,99.0,1,1.0,High Risk
13428,375.0,1,2400.0,375.0,1,0.99,High Risk
13429,70.0,1,153.0,70.0,0,0.0,Low Risk
13430,345.0,1,146.0,345.0,1,1.0,High Risk
13431,244.0,1,131.0,244.0,1,1.0,High Risk
13432,261.0,2,4334.0,780.0,1,0.95,High Risk
13433,263.0,1,2438.0,263.0,1,1.0,High Risk
13434,368.0,1,2442.0,368.0,1,1.0,High Risk
13435,385.0,1,2398.0,385.0,1,1.0,High Risk
13436,285.0,1,47.0,285.0,1,1.0,High Risk
13437,337.0,1,2438.0,337.0,1,1.0,High Risk
13438,341.0,1,2427.0,341.0,1,1.0,High Risk
13439,12.0,1,96.0,12.0,0,0.0,Low Risk
13440,150.0,1,72.0,150.0,1,1.0,High Risk
13441,279.0,1,61.0,279.0,1,1.0,High Risk
13442,243.0,1,2419.0,243.0,1,1.0,High Risk
13443,156.0,1,83.0,156.0,1,1.0,High Risk
13444,22.0,1,35.0,22.0,0,0.0,Low Risk
13445,236.0,1,2443.0,236.0,1,1.0,High Risk
13446,243.0,1,2419.0,243.0,1,1.0,High Risk
13447,226.0,1,2447.0,226.0,1,1.0,High Risk
13448,329.0,1,751.0,329.0,1,1.0,High Risk
13449,115.0,1,72.0,115.0,1,1.0,High Risk
13450,259.0,1,39.0,259.0,1,1.0,High Risk
13451,317.0,1,68.0,317.0,1,1.0,High Risk
13452,290.0,1,39.0,290.0,1,1.0,High Risk
13453,328.0,1,33.0,328.0,1,1.0,High Risk
13454,101.0,1,60.0,101.0,1,1.0,High Risk
13455,231.0,1,21.0,231.0,1,1.0,High Risk
13456,288.0,1,75.0,288.0,1,1.0,High Risk
13457,189.0,1,21.0,189.0,1,1.0,High Risk
13458,228.0,2,3356.0,452.0,1,0.965,High Risk
13459,85.0,2,4144.0,446.0,0,0.045,Low Risk
13460,73.0,2,3961.0,435.0,0,0.075,Low Risk
13461,242.0,2,3302.0,437.0,1,0.855,High Risk
13462,240.0,2,3302.0,436.0,1,0.975,High Risk
13463,241.0,2,3617.0,437.0,1,0.765,High Risk
13464,91.0,2,3918.0,417.0,1,0.29,Low Risk
13465,228.0,1,5.0,228.0,1,1.0,High Risk
13466,238.0,2,3356.0,426.0,1,0.82,High Risk
13467,238.0,2,3337.0,423.0,1,0.9,High Risk
13468,240.0,2,3337.0,416.0,1,0.71,High Risk
13469,68.0,2,4144.0,426.0,0,0.055,Low Risk
13470,346.0,1,64.0,346.0,1,1.0,High Risk
13471,272.0,1,40.0,272.0,1,1.0,High Risk
13472,302.0,1,5.0,302.0,1,1.0,High Risk
13473,43.0,1,13.0,43.0,0,0.0,Low Risk
13474,152.0,1,14.0,152.0,1,1.0,High Risk
13475,59.0,2,3883.0,420.0,0,0.015,Low Risk
13476,37.0,2,3946.0,402.0,0,0.11,Low Risk
13477,243.0,2,3563.0,426.0,1,0.815,High Risk
13478,207.0,2,3302.0,398.0,1,0.895,High Risk
13479,186.0,2,3337.0,410.0,1,0.835,High Risk
13480,11.0,1,7.0,11.0,0,0.0,Low Risk
13481,40.0,2,4175.0,416.0,0,0.055,Low Risk
13482,43.0,2,4179.0,413.0,0,0.025,Low Risk
13483,44.0,2,3883.0,406.0,0,0.005,Low Risk
13484,134.0,1,24.0,134.0,1,1.0,High Risk
13485,210.0,2,3563.0,426.0,1,0.815,High Risk
13486,198.0,2,3356.0,401.0,1,0.96,High Risk
13487,361.0,1,37.0,361.0,1,1.0,High Risk
13488,158.0,1,5.0,158.0,1,1.0,High Risk
13489,37.0,1,14.0,37.0,0,0.0,Low Risk
13490,290.0,1,5.0,290.0,1,1.0,High Risk
13491,132.0,1,37.0,132.0,1,1.0,High Risk
13492,773.0,1,3578.0,773.0,1,1.0,High Risk
13493,331.0,1,791.0,331.0,1,1.0,High Risk
13494,788.0,1,3578.0,788.0,1,1.0,High Risk
13495,362.0,1,10.0,362.0,1,1.0,High Risk
13496,14.0,1,15.0,14.0,0,0.0,Low Risk
13497,238.0,2,4349.0,786.0,1,0.625,Medium Risk
13498,358.0,1,72.0,358.0,1,1.0,High Risk
13499,232.0,1,2407.0,232.0,1,1.0,High Risk
13500,252.0,1,33.0,252.0,1,1.0,High Risk
13501,230.0,1,72.0,230.0,1,1.0,High Risk
13502,763.0,1,3578.0,763.0,1,1.0,High Risk
13503,195.0,2,3622.0,418.0,1,0.81,High Risk
13504,182.0,2,3617.0,407.0,1,0.94,High Risk
13505,201.0,2,3563.0,412.0,1,0.855,High Risk
13506,200.0,2,3302.0,406.0,1,0.9,High Risk
13507,193.0,2,3563.0,414.0,1,0.85,High Risk
13508,136.0,1,33.0,136.0,1,1.0,High Risk
13509,104.0,1,122.0,104.0,1,1.0,High Risk
13510,82.0,1,35.0,82.0,0,0.0,Low Risk
13511,117.0,1,61.0,117.0,1,1.0,High Risk
13512,153.0,1,37.0,153.0,1,1.0,High Risk
13513,199.0,1,33.0,199.0,1,1.0,High Risk
13514,292.0,1,39.0,292.0,1,1.0,High Risk
13515,194.0,1,37.0,194.0,1,1.0,High Risk
13516,39.0,1,72.0,39.0,0,0.0,Low Risk
13517,354.0,1,39.0,354.0,1,0.995,High Risk
13518,30.0,1,87.0,30.0,0,0.0,Low Risk
13519,205.0,1,37.0,205.0,1,1.0,High Risk
13520,114.0,1,39.0,114.0,1,1.0,High Risk
13521,214.0,1,2462.0,214.0,1,1.0,High Risk
13522,346.0,1,2419.0,346.0,1,1.0,High Risk
13523,358.0,1,2483.0,358.0,1,1.0,High Risk
13524,355.0,1,2492.0,355.0,1,1.0,High Risk
13525,134.0,1,35.0,134.0,1,1.0,High Risk
13526,323.0,1,7.0,323.0,1,1.0,High Risk
13527,337.0,1,2419.0,337.0,1,1.0,High Risk
13528,335.0,1,2419.0,335.0,1,1.0,High Risk
13529,358.0,1,2420.0,358.0,1,1.0,High Risk
13530,358.0,1,2398.0,358.0,1,1.0,High Risk
13531,272.0,1,37.0,272.0,1,1.0,High Risk
13532,193.0,1,68.0,193.0,1,1.0,High Risk
13533,86.0,1,39.0,86.0,0,0.0,Low Risk
13534,29.0,1,32.0,29.0,0,0.0,Low Risk
13535,331.0,1,2534.0,331.0,1,1.0,High Risk
13536,198.0,1,4.0,198.0,1,1.0,High Risk
13537,241.0,1,587.0,241.0,1,1.0,High Risk
13538,333.0,1,2511.0,333.0,1,1.0,High Risk
13539,63.0,1,4.0,63.0,0,0.0,Low Risk
13540,282.0,1,39.0,282.0,1,1.0,High Risk
13541,233.0,1,70.0,233.0,1,1.0,High Risk
13542,41.0,1,37.0,41.0,0,0.0,Low Risk
13543,56.0,1,124.0,56.0,0,0.0,Low Risk
13544,219.0,1,54.0,219.0,1,1.0,High Risk
13545,326.0,1,6.0,326.0,1,1.0,High Risk
13546,124.0,1,70.0,124.0,1,1.0,High Risk
13547,288.0,1,37.0,288.0,1,0.995,High Risk
13548,218.0,1,39.0,218.0,1,1.0,High Risk
13549,254.0,1,39.0,254.0,1,1.0,High Risk
13550,278.0,1,2515.0,278.0,1,1.0,High Risk
13551,358.0,1,37.0,358.0,1,1.0,High Risk
13552,337.0,1,142.0,337.0,1,1.0,High Risk
13553,56.0,1,39.0,56.0,0,0.0,Low Risk
13554,36.0,1,4.0,36.0,0,0.0,Low Risk
13555,169.0,1,70.0,169.0,1,1.0,High Risk
13556,170.0,1,59.0,170.0,1,1.0,High Risk
13557,219.0,1,6.0,219.0,1,1.0,High Risk
13558,244.0,1,70.0,244.0,1,1.0,High Risk
13559,275.0,1,2487.0,275.0,1,1.0,High Risk
13560,120.0,1,6.0,120.0,1,1.0,High Risk
13561,39.0,1,2405.0,39.0,0,0.0,Low Risk
13562,355.0,1,4.0,355.0,1,1.0,High Risk
13563,117.0,1,4.0,117.0,1,1.0,High Risk
13564,186.0,1,6.0,186.0,1,1.0,High Risk
13565,118.0,1,39.0,118.0,1,0.99,High Risk
13566,196.0,1,575.0,196.0,1,1.0,High Risk
13567,68.0,1,5.0,68.0,0,0.0,Low Risk
13568,314.0,1,6.0,314.0,1,1.0,High Risk
13569,202.0,1,14.0,202.0,1,1.0,High Risk
13570,245.0,1,2480.0,245.0,1,1.0,High Risk
13571,65.0,1,59.0,65.0,0,0.0,Low Risk
13572,31.0,1,27.0,31.0,0,0.0,Low Risk
13573,287.0,1,4.0,287.0,1,1.0,High Risk
13574,253.0,1,2563.0,253.0,1,1.0,High Risk
13575,174.0,1,99.0,174.0,1,1.0,High Risk
13576,50.0,1,5.0,50.0,0,0.0,Low Risk
13577,201.0,1,90.0,201.0,1,1.0,High Risk
13578,252.0,1,2487.0,252.0,1,1.0,High Risk
13579,83.0,1,27.0,83.0,0,0.0,Low Risk
13580,43.0,1,39.0,43.0,0,0.0,Low Risk
13581,158.0,1,597.0,158.0,1,1.0,High Risk
13582,92.0,1,40.0,92.0,1,1.0,High Risk
13583,230.0,1,2466.0,230.0,1,0.995,High Risk
13584,226.0,1,2487.0,226.0,1,1.0,High Risk
13585,236.0,1,30.0,236.0,1,1.0,High Risk
13586,210.0,2,3366.0,406.0,1,0.78,High Risk
13587,32.0,2,4144.0,414.0,0,0.015,Low Risk
13588,45.0,2,3883.0,402.0,0,0.01,Low Risk
13589,192.0,1,14.0,192.0,1,1.0,High Risk
13590,314.0,1,69.0,314.0,1,1.0,High Risk
13591,36.0,2,3912.0,414.0,0,0.07,Low Risk
13592,176.0,1,59.0,176.0,1,1.0,High Risk
13593,52.0,2,3897.0,412.0,0,0.06,Low Risk
13594,9.0,1,5.0,9.0,0,0.0,Low Risk
13595,335.0,1,40.0,335.0,1,1.0,High Risk
13596,299.0,1,62.0,299.0,1,1.0,High Risk
13597,46.0,2,4168.0,419.0,0,0.025,Low Risk
13598,48.0,2,4010.0,417.0,0,0.04,Low Risk
13599,50.0,2,4228.0,420.0,0,0.035,Low Risk
13600,168.0,1,27.0,168.0,1,1.0,High Risk
13601,120.0,1,5.0,120.0,1,1.0,High Risk
13602,40.0,2,3883.0,421.0,0,0.265,Low Risk
13603,40.0,2,3883.0,397.0,0,0.05,Low Risk
13604,104.0,1,40.0,104.0,1,1.0,High Risk
13605,394.0,2,3681.0,399.0,1,0.93,High Risk
13606,373.0,2,3627.0,411.0,1,0.915,High Risk
13607,380.0,2,2155.0,738.0,1,0.995,High Risk
13608,145.0,1,5.0,145.0,1,1.0,High Risk
13609,344.0,2,2120.0,744.0,1,1.0,High Risk
13610,359.0,2,2120.0,714.0,1,1.0,High Risk
13611,140.0,1,40.0,140.0,1,1.0,High Risk
13612,364.0,2,2219.0,725.0,1,0.945,High Risk
13613,346.0,2,2151.0,711.0,1,0.98,High Risk
13614,359.0,2,2147.0,683.0,1,0.985,High Risk
13615,346.0,2,2120.0,680.0,1,0.99,High Risk
13616,327.0,2,2155.0,670.0,1,0.975,High Risk
13617,173.0,1,72.0,173.0,1,1.0,High Risk
13618,270.0,1,35.0,270.0,1,1.0,High Risk
13619,229.0,1,33.0,229.0,1,1.0,High Risk
13620,320.0,1,33.0,320.0,1,1.0,High Risk
13621,93.0,1,196.0,93.0,1,1.0,High Risk
13622,251.0,1,13.0,251.0,1,1.0,High Risk
13623,250.0,1,96.0,250.0,1,1.0,High Risk
13624,15.0,1,33.0,15.0,0,0.0,Low Risk
13625,199.0,1,39.0,199.0,1,1.0,High Risk
13626,116.0,1,14.0,116.0,1,1.0,High Risk
13627,165.0,1,39.0,165.0,1,1.0,High Risk
13628,198.0,1,69.0,198.0,1,1.0,High Risk
13629,77.0,1,33.0,77.0,0,0.0,Low Risk
13630,271.0,1,101.0,271.0,1,1.0,High Risk
13631,244.0,1,5.0,244.0,1,1.0,High Risk
13632,70.0,1,146.0,70.0,0,0.005,Low Risk
13633,214.0,1,2483.0,214.0,1,1.0,High Risk
13634,238.0,1,2447.0,238.0,1,1.0,High Risk
13635,110.0,1,131.0,110.0,1,1.0,High Risk
13636,3.0,1,72.0,3.0,0,0.0,Low Risk
13637,70.0,1,33.0,70.0,0,0.0,Low Risk
13638,80.0,1,14.0,80.0,0,0.0,Low Risk
13639,85.0,1,57.0,85.0,0,0.0,Low Risk
13640,58.0,1,40.0,58.0,0,0.0,Low Risk
13641,224.0,1,2419.0,224.0,1,1.0,High Risk
13642,238.0,1,2384.0,238.0,1,1.0,High Risk
13643,152.0,1,39.0,152.0,1,1.0,High Risk
13644,205.0,1,35.0,205.0,1,1.0,High Risk
13645,242.0,1,2393.0,242.0,1,1.0,High Risk
13646,216.0,1,2438.0,216.0,1,1.0,High Risk
13647,769.0,1,3578.0,769.0,1,1.0,High Risk
13648,88.0,1,40.0,88.0,0,0.0,Low Risk
13649,257.0,1,791.0,257.0,1,1.0,High Risk
13650,238.0,1,5.0,238.0,1,1.0,High Risk
13651,147.0,1,37.0,147.0,1,1.0,High Risk
13652,236.0,1,72.0,236.0,1,1.0,High Risk
13653,361.0,1,92.0,361.0,1,1.0,High Risk
13654,183.0,1,2393.0,183.0,1,1.0,High Risk
13655,202.0,1,2453.0,202.0,1,1.0,High Risk
13656,130.0,1,33.0,130.0,1,1.0,High Risk
13657,253.0,1,35.0,253.0,1,1.0,High Risk
13658,62.0,1,101.0,62.0,0,0.0,Low Risk
13659,251.0,1,39.0,251.0,1,1.0,High Risk
13660,123.0,1,15.0,123.0,1,1.0,High Risk
13661,361.0,1,2419.0,361.0,1,1.0,High Risk
13662,368.0,2,4182.0,788.0,1,0.99,High Risk
13663,349.0,1,2493.0,349.0,1,1.0,High Risk
13664,23.0,1,59.0,23.0,0,0.0,Low Risk
13665,162.0,2,4368.0,763.0,1,0.335,Low Risk
13666,181.0,1,110.0,181.0,1,1.0,High Risk
13667,72.0,2,4370.0,776.0,0,0.12,Low Risk
13668,20.0,1,37.0,20.0,0,0.0,Low Risk
13669,182.0,1,2473.0,182.0,1,1.0,High Risk
13670,357.0,1,2419.0,357.0,1,1.0,High Risk
13671,308.0,1,2419.0,308.0,1,1.0,High Risk
13672,48.0,2,4354.0,771.0,0,0.145,Low Risk
13673,1.0,1,72.0,1.0,0,0.0,Low Risk
13674,307.0,1,2428.0,307.0,1,1.0,High Risk
13675,327.0,1,2384.0,327.0,1,1.0,High Risk
13676,330.0,1,2419.0,330.0,1,1.0,High Risk
13677,206.0,1,2462.0,206.0,1,1.0,High Risk
13678,259.0,1,33.0,259.0,1,1.0,High Risk
13679,169.0,1,101.0,169.0,1,0.995,High Risk
13680,72.0,1,72.0,72.0,0,0.0,Low Risk
13681,313.0,1,2418.0,313.0,1,1.0,High Risk
13682,328.0,1,2453.0,328.0,1,1.0,High Risk
13683,96.0,1,60.0,96.0,1,1.0,High Risk
13684,206.0,1,2393.0,206.0,1,1.0,High Risk
13685,211.0,1,2393.0,211.0,1,1.0,High Risk
13686,189.0,1,2393.0,189.0,1,1.0,High Risk
13687,5.0,1,39.0,5.0,0,0.0,Low Risk
13688,233.0,1,92.0,233.0,1,1.0,High Risk
13689,154.0,1,2393.0,154.0,1,1.0,High Risk
13690,98.0,1,1155.0,98.0,1,1.0,High Risk
13691,97.0,1,609.0,97.0,1,1.0,High Risk
13692,246.0,1,4.0,246.0,1,1.0,High Risk
13693,39.0,1,39.0,39.0,0,0.0,Low Risk
13694,291.0,1,7.0,291.0,1,1.0,High Risk
13695,265.0,1,58.0,265.0,1,1.0,High Risk
13696,324.0,1,166.0,324.0,1,1.0,High Risk
13697,149.0,1,23.0,149.0,1,1.0,High Risk
13698,112.0,1,1170.0,112.0,1,1.0,High Risk
13699,116.0,1,575.0,116.0,1,1.0,High Risk
13700,49.0,1,29.0,49.0,0,0.0,Low Risk
13701,118.0,1,2452.0,118.0,1,1.0,High Risk
13702,162.0,1,1745.0,162.0,1,1.0,High Risk
13703,87.0,1,1174.0,87.0,0,0.0,Low Risk
13704,299.0,1,5.0,299.0,1,1.0,High Risk
13705,0.0,1,21.0,0.0,0,0.0,Low Risk
13706,102.0,1,1155.0,102.0,1,1.0,High Risk
13707,95.0,1,578.0,95.0,1,1.0,High Risk
13708,99.0,1,2393.0,99.0,1,0.99,High Risk
13709,72.0,1,2419.0,72.0,0,0.0,Low Risk
13710,152.0,1,1736.0,152.0,1,1.0,High Risk
13711,321.0,1,1732.0,321.0,1,1.0,High Risk
13712,321.0,1,1751.0,321.0,1,1.0,High Risk
13713,87.0,1,1120.0,87.0,0,0.0,Low Risk
13714,335.0,1,7.0,335.0,1,1.0,High Risk
13715,8.0,1,68.0,8.0,0,0.0,Low Risk
13716,115.0,1,29.0,115.0,1,1.0,High Risk
13717,121.0,1,562.0,121.0,1,1.0,High Risk
13718,94.0,1,540.0,94.0,1,1.0,High Risk
13719,296.0,1,1751.0,296.0,1,1.0,High Risk
13720,100.0,1,69.0,100.0,1,1.0,High Risk
13721,238.0,1,15.0,238.0,1,1.0,High Risk
13722,131.0,1,90.0,131.0,1,1.0,High Risk
13723,133.0,1,34.0,133.0,1,1.0,High Risk
13724,280.0,1,1794.0,280.0,1,0.99,High Risk
13725,121.0,1,29.0,121.0,1,1.0,High Risk
13726,268.0,1,39.0,268.0,1,1.0,High Risk
13727,148.0,1,72.0,148.0,1,1.0,High Risk
13728,31.0,1,72.0,31.0,0,0.0,Low Risk
13729,157.0,1,57.0,157.0,1,1.0,High Risk
13730,254.0,1,59.0,254.0,1,1.0,High Risk
13731,256.0,1,40.0,256.0,1,1.0,High Risk
13732,55.0,1,5.0,55.0,0,0.0,Low Risk
13733,176.0,1,100.0,176.0,1,1.0,High Risk
13734,55.0,1,7.0,55.0,0,0.0,Low Risk
13735,317.0,1,2492.0,317.0,1,1.0,High Risk
13736,320.0,1,2478.0,320.0,1,1.0,High Risk
13737,242.0,1,72.0,242.0,1,1.0,High Risk
13738,301.0,1,47.0,301.0,1,1.0,High Risk
13739,176.0,1,2433.0,176.0,1,1.0,High Risk
13740,174.0,1,2453.0,174.0,1,1.0,High Risk
13741,270.0,1,96.0,270.0,1,1.0,High Risk
13742,364.0,1,33.0,364.0,1,1.0,High Risk
13743,306.0,1,37.0,306.0,1,1.0,High Risk
13744,166.0,1,38.0,166.0,1,1.0,High Risk
13745,111.0,1,5.0,111.0,1,1.0,High Risk
13746,187.0,1,30.0,187.0,1,1.0,High Risk
13747,359.0,1,14.0,359.0,1,1.0,High Risk
13748,15.0,1,65.0,15.0,0,0.0,Low Risk
13749,339.0,1,40.0,339.0,1,1.0,High Risk
13750,126.0,1,65.0,126.0,1,1.0,High Risk
13751,112.0,1,30.0,112.0,1,1.0,High Risk
13752,214.0,1,147.0,214.0,1,0.995,High Risk
13753,251.0,1,756.0,251.0,1,1.0,High Risk
13754,236.0,1,791.0,236.0,1,1.0,High Risk
13755,170.0,1,2440.0,170.0,1,0.995,High Risk
13756,171.0,1,40.0,171.0,1,1.0,High Risk
13757,162.0,1,2398.0,162.0,1,1.0,High Risk
13758,31.0,2,4343.0,765.0,0,0.11,Low Risk
13759,114.0,1,35.0,114.0,1,1.0,High Risk
13760,57.0,2,4369.0,775.0,0,0.31,Low Risk
13761,169.0,1,2419.0,169.0,1,1.0,High Risk
13762,154.0,1,2419.0,154.0,1,1.0,High Risk
13763,166.0,1,2393.0,166.0,1,1.0,High Risk
13764,290.0,1,5.0,290.0,1,1.0,High Risk
13765,167.0,1,2398.0,167.0,1,1.0,High Risk
13766,114.0,1,100.0,114.0,1,0.995,High Risk
13767,187.0,1,72.0,187.0,1,1.0,High Risk
13768,150.0,1,87.0,150.0,1,1.0,High Risk
13769,280.0,1,33.0,280.0,1,1.0,High Risk
13770,97.0,1,35.0,97.0,1,1.0,High Risk
13771,179.0,1,2398.0,179.0,1,1.0,High Risk
13772,332.0,1,60.0,332.0,1,1.0,High Risk
13773,293.0,1,196.0,293.0,1,1.0,High Risk
13774,287.0,1,7.0,287.0,1,1.0,High Risk
13775,202.0,1,33.0,202.0,1,1.0,High Risk
13776,1.0,1,37.0,1.0,0,0.0,Low Risk
13777,342.0,1,92.0,342.0,1,1.0,High Risk
13778,350.0,1,72.0,350.0,1,1.0,High Risk
13779,341.0,2,2859.0,757.0,1,0.995,High Risk
13780,310.0,1,2419.0,310.0,1,1.0,High Risk
13781,327.0,1,2384.0,327.0,1,1.0,High Risk
13782,755.0,1,2182.0,755.0,1,1.0,High Risk
13783,177.0,1,2420.0,177.0,1,1.0,High Risk
13784,133.0,1,2420.0,133.0,1,0.995,High Risk
13785,300.0,1,2393.0,300.0,1,1.0,High Risk
13786,132.0,1,2406.0,132.0,1,1.0,High Risk
13787,743.0,1,2443.0,743.0,1,1.0,High Risk
13788,139.0,1,2393.0,139.0,1,1.0,High Risk
13789,135.0,1,2418.0,135.0,1,0.995,High Risk
13790,123.0,1,2419.0,123.0,1,1.0,High Risk
13791,138.0,1,2433.0,138.0,1,1.0,High Risk
13792,133.0,1,2419.0,133.0,1,1.0,High Risk
13793,122.0,1,2419.0,122.0,1,1.0,High Risk
13794,105.0,1,2419.0,105.0,1,1.0,High Risk
13795,103.0,1,2448.0,103.0,1,1.0,High Risk
13796,103.0,1,2507.0,103.0,1,1.0,High Risk
13797,117.0,1,2398.0,117.0,1,1.0,High Risk
13798,112.0,1,2393.0,112.0,1,0.995,High Risk
13799,110.0,1,2407.0,110.0,1,1.0,High Risk
13800,95.0,1,2452.0,95.0,1,1.0,High Risk
13801,105.0,1,2419.0,105.0,1,1.0,High Risk
13802,117.0,1,2419.0,117.0,1,1.0,High Risk
13803,301.0,1,2407.0,301.0,1,1.0,High Risk
13804,248.0,1,33.0,248.0,1,1.0,High Risk
13805,298.0,1,2384.0,298.0,1,1.0,High Risk
13806,215.0,1,5.0,215.0,1,1.0,High Risk
13807,301.0,1,2413.0,301.0,1,1.0,High Risk
13808,291.0,1,2469.0,291.0,1,1.0,High Risk
13809,296.0,1,2407.0,296.0,1,1.0,High Risk
13810,294.0,1,2419.0,294.0,1,1.0,High Risk
13811,94.0,1,2419.0,94.0,1,0.995,High Risk
13812,119.0,1,2438.0,119.0,1,0.995,High Risk
13813,239.0,1,83.0,239.0,1,1.0,High Risk
13814,290.0,1,72.0,290.0,1,1.0,High Risk
13815,86.0,1,2419.0,86.0,0,0.0,Low Risk
13816,294.0,1,2438.0,294.0,1,1.0,High Risk
13817,214.0,1,5.0,214.0,1,1.0,High Risk
13818,742.0,1,2182.0,742.0,1,1.0,High Risk
13819,277.0,1,2438.0,277.0,1,1.0,High Risk
13820,289.0,1,2393.0,289.0,1,1.0,High Risk
13821,358.0,1,39.0,358.0,1,1.0,High Risk
13822,190.0,1,43.0,190.0,1,1.0,High Risk
13823,174.0,1,196.0,174.0,1,0.995,High Risk
13824,10.0,1,96.0,10.0,0,0.0,Low Risk
13825,744.0,1,2182.0,744.0,1,1.0,High Risk
13826,135.0,1,5.0,135.0,1,1.0,High Risk
13827,202.0,1,96.0,202.0,1,1.0,High Risk
13828,296.0,1,35.0,296.0,1,0.995,High Risk
13829,72.0,1,2419.0,72.0,0,0.0,Low Risk
13830,354.0,1,35.0,354.0,1,1.0,High Risk
13831,290.0,1,96.0,290.0,1,1.0,High Risk
13832,77.0,1,2398.0,77.0,0,0.0,Low Risk
13833,732.0,1,2182.0,732.0,1,1.0,High Risk
13834,133.0,1,1755.0,133.0,1,1.0,High Risk
13835,276.0,1,1745.0,276.0,1,1.0,High Risk
13836,79.0,1,1170.0,79.0,0,0.0,Low Risk
13837,96.0,1,29.0,96.0,1,1.0,High Risk
13838,164.0,1,588.0,164.0,1,1.0,High Risk
13839,131.0,1,23.0,131.0,1,1.0,High Risk
13840,364.0,1,33.0,364.0,1,1.0,High Risk
13841,48.0,1,29.0,48.0,0,0.0,Low Risk
13842,42.0,1,2319.0,42.0,0,0.0,Low Risk
13843,226.0,1,23.0,226.0,1,1.0,High Risk
13844,129.0,1,89.0,129.0,1,1.0,High Risk
13845,48.0,1,25.0,48.0,0,0.0,Low Risk
13846,117.0,1,69.0,117.0,1,1.0,High Risk
13847,235.0,1,23.0,235.0,1,1.0,High Risk
13848,225.0,1,2552.0,225.0,1,1.0,High Risk
13849,15.0,1,21.0,15.0,0,0.0,Low Risk
13850,85.0,1,27.0,85.0,0,0.0,Low Risk
13851,143.0,1,625.0,143.0,1,1.0,High Risk
13852,202.0,1,29.0,202.0,1,1.0,High Risk
13853,218.0,1,2457.0,218.0,1,1.0,High Risk
13854,164.0,1,40.0,164.0,1,1.0,High Risk
13855,206.0,1,23.0,206.0,1,1.0,High Risk
13856,345.0,1,25.0,345.0,1,1.0,High Risk
13857,111.0,1,27.0,111.0,1,1.0,High Risk
13858,213.0,1,5.0,213.0,1,1.0,High Risk
13859,291.0,1,40.0,291.0,1,1.0,High Risk
13860,3.0,1,40.0,3.0,0,0.0,Low Risk
13861,226.0,1,2520.0,226.0,1,1.0,High Risk
13862,92.0,1,75.0,92.0,1,1.0,High Risk
13863,233.0,1,75.0,233.0,1,1.0,High Risk
13864,325.0,1,27.0,325.0,1,1.0,High Risk
13865,193.0,1,155.0,193.0,1,1.0,High Risk
13866,187.0,1,2478.0,187.0,1,1.0,High Risk
13867,325.0,1,27.0,325.0,1,1.0,High Risk
13868,176.0,1,21.0,176.0,1,1.0,High Risk
13869,195.0,1,2501.0,195.0,1,0.995,High Risk
13870,127.0,1,40.0,127.0,1,1.0,High Risk
13871,200.0,1,2457.0,200.0,1,1.0,High Risk
13872,198.0,1,35.0,198.0,1,1.0,High Risk
13873,319.0,1,23.0,319.0,1,1.0,High Risk
13874,62.0,1,549.0,62.0,0,0.0,Low Risk
13875,104.0,1,21.0,104.0,1,1.0,High Risk
13876,215.0,1,27.0,215.0,1,1.0,High Risk
13877,283.0,1,49.0,283.0,1,1.0,High Risk
13878,26.0,1,34.0,26.0,0,0.0,Low Risk
13879,254.0,1,23.0,254.0,1,1.0,High Risk
13880,113.0,1,21.0,113.0,1,1.0,High Risk
13881,41.0,1,40.0,41.0,0,0.0,Low Risk
13882,230.0,1,5.0,230.0,1,1.0,High Risk
13883,323.0,1,23.0,323.0,1,1.0,High Risk
13884,389.0,1,2487.0,389.0,1,1.0,High Risk
13885,120.0,1,23.0,120.0,1,1.0,High Risk
13886,17.0,1,31.0,17.0,0,0.0,Low Risk
13887,213.0,1,80.0,213.0,1,1.0,High Risk
13888,323.0,2,2218.0,698.0,1,0.94,High Risk
13889,309.0,2,2174.0,688.0,1,0.93,High Risk
13890,316.0,2,2269.0,670.0,1,0.955,High Risk
13891,355.0,1,40.0,355.0,1,1.0,High Risk
13892,51.0,1,5.0,51.0,0,0.0,Low Risk
13893,40.0,1,7.0,40.0,0,0.0,Low Risk
13894,253.0,1,23.0,253.0,1,1.0,High Risk
13895,345.0,1,5.0,345.0,1,1.0,High Risk
13896,331.0,1,5.0,331.0,1,1.0,High Risk
13897,71.0,1,15.0,71.0,0,0.0,Low Risk
13898,197.0,1,5.0,197.0,1,1.0,High Risk
13899,279.0,1,7.0,279.0,1,1.0,High Risk
13900,342.0,1,106.0,342.0,1,1.0,High Risk
13901,328.0,2,2155.0,644.0,1,0.99,High Risk
13902,329.0,2,2174.0,649.0,1,0.985,High Risk
13903,308.0,2,2120.0,664.0,1,0.845,High Risk
13904,325.0,2,2164.0,645.0,1,0.985,High Risk
13905,314.0,2,2199.0,655.0,1,0.905,High Risk
13906,302.0,2,2195.0,636.0,1,0.975,High Risk
13907,299.0,1,62.0,299.0,1,1.0,High Risk
13908,297.0,2,2183.0,610.0,1,0.925,High Risk
13909,286.0,2,2155.0,623.0,1,0.925,High Risk
13910,278.0,2,2149.0,612.0,1,0.85,High Risk
13911,292.0,2,2183.0,631.0,1,0.945,High Risk
13912,181.0,1,103.0,181.0,1,1.0,High Risk
13913,290.0,2,2120.0,601.0,1,0.985,High Risk
13914,262.0,2,2155.0,600.0,1,0.995,High Risk
13915,271.0,2,2149.0,582.0,1,0.93,High Risk
13916,264.0,2,2145.0,578.0,1,0.94,High Risk
13917,271.0,2,2169.0,588.0,1,0.93,High Risk
13918,260.0,2,2179.0,601.0,1,0.985,High Risk
13919,252.0,2,2120.0,596.0,1,0.845,High Risk
13920,271.0,2,2212.0,592.0,1,0.83,High Risk
13921,271.0,2,2155.0,599.0,1,0.995,High Risk
13922,261.0,2,2179.0,567.0,1,1.0,High Risk
13923,246.0,2,2145.0,568.0,1,1.0,High Risk
13924,254.0,2,2158.0,577.0,1,0.92,High Risk
13925,240.0,2,2143.0,569.0,1,1.0,High Risk
13926,44.0,1,32.0,44.0,0,0.0,Low Risk
13927,35.0,1,65.0,35.0,0,0.0,Low Risk
13928,299.0,1,191.0,299.0,1,1.0,High Risk
13929,290.0,1,27.0,290.0,1,1.0,High Risk
13930,226.0,1,65.0,226.0,1,1.0,High Risk
13931,350.0,1,65.0,350.0,1,1.0,High Risk
13932,205.0,1,37.0,205.0,1,1.0,High Risk
13933,244.0,1,72.0,244.0,1,1.0,High Risk
13934,303.0,1,33.0,303.0,1,1.0,High Risk
13935,56.0,1,33.0,56.0,0,0.0,Low Risk
13936,144.0,1,39.0,144.0,1,1.0,High Risk
13937,79.0,1,39.0,79.0,0,0.0,Low Risk
13938,56.0,1,33.0,56.0,0,0.0,Low Risk
13939,214.0,1,39.0,214.0,1,1.0,High Risk
13940,163.0,1,7.0,163.0,1,1.0,High Risk
13941,365.0,1,35.0,365.0,1,1.0,High Risk
13942,312.0,1,33.0,312.0,1,1.0,High Risk
13943,91.0,1,2419.0,91.0,1,0.96,High Risk
13944,63.0,1,72.0,63.0,0,0.0,Low Risk
13945,304.0,1,126.0,304.0,1,1.0,High Risk
13946,261.0,1,153.0,261.0,1,1.0,High Risk
13947,282.0,1,39.0,282.0,1,1.0,High Risk
13948,240.0,1,40.0,240.0,1,1.0,High Risk
13949,127.0,1,37.0,127.0,1,1.0,High Risk
13950,91.0,1,33.0,91.0,1,1.0,High Risk
13951,136.0,1,39.0,136.0,1,1.0,High Risk
13952,182.0,1,33.0,182.0,1,1.0,High Risk
13953,349.0,1,72.0,349.0,1,1.0,High Risk
13954,229.0,1,27.0,229.0,1,1.0,High Risk
13955,113.0,1,72.0,113.0,1,1.0,High Risk
13956,205.0,1,742.0,205.0,1,1.0,High Risk
13957,205.0,1,751.0,205.0,1,1.0,High Risk
13958,208.0,1,777.0,208.0,1,1.0,High Risk
13959,72.0,1,2384.0,72.0,0,0.0,Low Risk
13960,287.0,1,2419.0,287.0,1,1.0,High Risk
13961,314.0,2,3008.0,741.0,1,1.0,High Risk
13962,208.0,1,72.0,208.0,1,1.0,High Risk
13963,190.0,1,33.0,190.0,1,1.0,High Risk
13964,282.0,1,33.0,282.0,1,0.99,High Risk
13965,11.0,1,122.0,11.0,0,0.0,Low Risk
13966,220.0,1,72.0,220.0,1,1.0,High Risk
13967,283.0,1,2419.0,283.0,1,1.0,High Risk
13968,29.0,1,5.0,29.0,0,0.0,Low Risk
13969,215.0,1,45.0,215.0,1,1.0,High Risk
13970,338.0,1,35.0,338.0,1,1.0,High Risk
13971,227.0,1,39.0,227.0,1,1.0,High Risk
13972,89.0,1,153.0,89.0,0,0.0,Low Risk
13973,86.0,1,2398.0,86.0,0,0.0,Low Risk
13974,238.0,1,72.0,238.0,1,1.0,High Risk
13975,142.0,1,101.0,142.0,1,1.0,High Risk
13976,102.0,1,68.0,102.0,1,1.0,High Risk
13977,757.0,1,2182.0,757.0,1,1.0,High Risk
13978,748.0,1,2182.0,748.0,1,1.0,High Risk
13979,198.0,1,156.0,198.0,1,1.0,High Risk
13980,78.0,1,2419.0,78.0,0,0.0,Low Risk
13981,238.0,1,33.0,238.0,1,0.995,High Risk
13982,137.0,1,33.0,137.0,1,1.0,High Risk
13983,275.0,1,35.0,275.0,1,1.0,High Risk
13984,90.0,1,39.0,90.0,0,0.0,Low Risk
13985,179.0,1,37.0,179.0,1,1.0,High Risk
13986,144.0,1,96.0,144.0,1,0.995,High Risk
13987,87.0,1,5.0,87.0,0,0.0,Low Risk
13988,77.0,1,2413.0,77.0,0,0.0,Low Risk
13989,299.0,1,2419.0,299.0,1,1.0,High Risk
13990,359.0,1,37.0,359.0,1,1.0,High Risk
13991,278.0,1,2468.0,278.0,1,1.0,High Risk
13992,290.0,1,35.0,290.0,1,1.0,High Risk
13993,237.0,1,43.0,237.0,1,1.0,High Risk
13994,50.0,1,61.0,50.0,0,0.0,Low Risk
13995,365.0,1,35.0,365.0,1,1.0,High Risk
13996,313.0,1,5.0,313.0,1,1.0,High Risk
13997,89.0,1,2418.0,89.0,0,0.0,Low Risk
13998,40.0,1,2438.0,40.0,0,0.0,Low Risk
13999,301.0,1,2438.0,301.0,1,1.0,High Risk
14000,132.0,1,33.0,132.0,1,1.0,High Risk
14001,46.0,1,2418.0,46.0,0,0.0,Low Risk
14002,205.0,1,50.0,205.0,1,1.0,High Risk
14003,210.0,1,5.0,210.0,1,1.0,High Risk
14004,226.0,1,49.0,226.0,1,1.0,High Risk
14005,7.0,1,25.0,7.0,0,0.0,Low Risk
14006,304.0,1,65.0,304.0,1,1.0,High Risk
14007,213.0,1,30.0,213.0,1,1.0,High Risk
14008,278.0,1,27.0,278.0,1,1.0,High Risk
14009,40.0,1,2438.0,40.0,0,0.0,Low Risk
14010,112.0,1,15.0,112.0,1,1.0,High Risk
14011,101.0,2,1540.0,560.0,1,0.76,High Risk
14012,112.0,2,1589.0,557.0,1,0.15,Low Risk
14013,290.0,1,74.0,290.0,1,1.0,High Risk
14014,79.0,1,70.0,79.0,0,0.0,Low Risk
14015,49.0,1,2419.0,49.0,0,0.0,Low Risk
14016,296.0,1,2462.0,296.0,1,1.0,High Risk
14017,187.0,1,5.0,187.0,1,1.0,High Risk
14018,155.0,1,15.0,155.0,1,1.0,High Risk
14019,243.0,1,198.0,243.0,1,0.995,High Risk
14020,67.0,1,24.0,67.0,0,0.0,Low Risk
14021,119.0,2,1549.0,548.0,1,0.755,High Risk
14022,112.0,2,1554.0,541.0,1,0.64,Medium Risk
14023,95.0,2,1564.0,532.0,1,0.705,High Risk
14024,286.0,1,39.0,286.0,1,1.0,High Risk
14025,170.0,1,33.0,170.0,1,1.0,High Risk
14026,299.0,1,2469.0,299.0,1,1.0,High Risk
14027,335.0,1,6.0,335.0,1,1.0,High Risk
14028,21.0,1,60.0,21.0,0,0.0,Low Risk
14029,22.0,1,23.0,22.0,0,0.0,Low Risk
14030,182.0,2,2271.0,540.0,1,0.98,High Risk
14031,160.0,2,2179.0,526.0,1,0.97,High Risk
14032,271.0,1,25.0,271.0,1,1.0,High Risk
14033,179.0,2,2184.0,526.0,1,0.97,High Risk
14034,176.0,2,2120.0,545.0,1,0.97,High Risk
14035,222.0,2,2164.0,543.0,1,0.995,High Risk
14036,225.0,2,2183.0,541.0,1,0.995,High Risk
14037,236.0,2,2120.0,518.0,1,0.935,High Risk
14038,220.0,2,2174.0,502.0,1,0.985,High Risk
14039,32.0,1,2438.0,32.0,0,0.0,Low Risk
14040,70.0,1,33.0,70.0,0,0.0,Low Risk
14041,57.0,1,2420.0,57.0,0,0.0,Low Risk
14042,67.0,1,33.0,67.0,0,0.0,Low Risk
14043,38.0,1,2419.0,38.0,0,0.0,Low Risk
14044,158.0,1,162.0,158.0,1,0.995,High Risk
14045,253.0,1,37.0,253.0,1,1.0,High Risk
14046,361.0,1,39.0,361.0,1,1.0,High Risk
14047,757.0,1,2182.0,757.0,1,1.0,High Risk
14048,58.0,1,2448.0,58.0,0,0.0,Low Risk
14049,313.0,2,3047.0,757.0,1,0.98,High Risk
14050,274.0,1,2393.0,274.0,1,1.0,High Risk
14051,271.0,1,2419.0,271.0,1,1.0,High Risk
14052,228.0,2,2174.0,511.0,1,0.995,High Risk
14053,213.0,2,2155.0,489.0,1,1.0,High Risk
14054,241.0,2,2183.0,511.0,1,0.995,High Risk
14055,189.0,1,104.0,189.0,1,1.0,High Risk
14056,130.0,1,7.0,130.0,1,1.0,High Risk
14057,161.0,1,7.0,161.0,1,1.0,High Risk
14058,242.0,2,2120.0,500.0,1,0.995,High Risk
14059,93.0,1,7.0,93.0,1,1.0,High Risk
14060,272.0,1,2462.0,272.0,1,1.0,High Risk
14061,263.0,1,2419.0,263.0,1,1.0,High Risk
14062,737.0,1,2443.0,737.0,1,1.0,High Risk
14063,291.0,1,14.0,291.0,1,1.0,High Risk
14064,54.0,1,2419.0,54.0,0,0.0,Low Risk
14065,270.0,1,2447.0,270.0,1,1.0,High Risk
14066,304.0,1,72.0,304.0,1,1.0,High Risk
14067,2.0,1,15.0,2.0,0,0.0,Low Risk
14068,36.0,1,72.0,36.0,0,0.0,Low Risk
14069,107.0,1,33.0,107.0,1,1.0,High Risk
14070,218.0,1,72.0,218.0,1,1.0,High Risk
14071,132.0,1,69.0,132.0,1,1.0,High Risk
14072,16.0,1,39.0,16.0,0,0.0,Low Risk
14073,41.0,1,2469.0,41.0,0,0.0,Low Risk
14074,36.0,1,2473.0,36.0,0,0.0,Low Risk
14075,250.0,1,2393.0,250.0,1,1.0,High Risk
14076,270.0,1,2469.0,270.0,1,1.0,High Risk
14077,40.0,1,2469.0,40.0,0,0.0,Low Risk
14078,45.0,1,2419.0,45.0,0,0.0,Low Risk
14079,56.0,1,2473.0,56.0,0,0.0,Low Risk
14080,244.0,1,2419.0,244.0,1,1.0,High Risk
14081,264.0,1,2433.0,264.0,1,1.0,High Risk
14082,161.0,1,777.0,161.0,1,1.0,High Risk
14083,109.0,1,35.0,109.0,1,1.0,High Risk
14084,81.0,1,37.0,81.0,0,0.0,Low Risk
14085,47.0,1,2393.0,47.0,0,0.0,Low Risk
14086,373.0,1,1229.0,373.0,1,1.0,High Risk
14087,394.0,1,1308.0,394.0,1,1.0,High Risk
14088,371.0,1,1250.0,371.0,1,1.0,High Risk
14089,380.0,1,1250.0,380.0,1,1.0,High Risk
14090,129.0,1,35.0,129.0,1,1.0,High Risk
14091,49.0,1,68.0,49.0,0,0.0,Low Risk
14092,296.0,1,37.0,296.0,1,1.0,High Risk
14093,386.0,1,1258.0,386.0,1,1.0,High Risk
14094,745.0,1,2182.0,745.0,1,1.0,High Risk
14095,747.0,1,2443.0,747.0,1,1.0,High Risk
14096,727.0,1,2443.0,727.0,1,1.0,High Risk
14097,350.0,1,1237.0,350.0,1,0.995,High Risk
14098,349.0,1,1269.0,349.0,1,1.0,High Risk
14099,340.0,1,1251.0,340.0,1,1.0,High Risk
14100,339.0,1,1250.0,339.0,1,1.0,High Risk
14101,725.0,1,2443.0,725.0,1,1.0,High Risk
14102,26.0,1,69.0,26.0,0,0.0,Low Risk
14103,343.0,1,72.0,343.0,1,1.0,High Risk
14104,177.0,1,91.0,177.0,1,1.0,High Risk
14105,291.0,2,3018.0,700.0,1,0.85,High Risk
14106,269.0,1,2433.0,269.0,1,1.0,High Risk
14107,228.0,2,2170.0,499.0,1,0.995,High Risk
14108,243.0,2,2143.0,514.0,1,0.985,High Risk
14109,175.0,2,2198.0,486.0,1,1.0,High Risk
14110,246.0,1,5.0,246.0,1,1.0,High Risk
14111,186.0,1,40.0,186.0,1,1.0,High Risk
14112,237.0,2,2145.0,476.0,1,0.945,High Risk
14113,159.0,2,2155.0,481.0,1,0.975,High Risk
14114,162.0,2,2179.0,466.0,1,0.97,High Risk
14115,165.0,2,2155.0,481.0,1,0.975,High Risk
14116,226.0,2,2155.0,479.0,1,0.975,High Risk
14117,243.0,1,40.0,243.0,1,1.0,High Risk
14118,29.0,1,7.0,29.0,0,0.0,Low Risk
14119,161.0,1,7.0,161.0,1,1.0,High Risk
14120,224.0,2,2147.0,483.0,1,0.87,High Risk
14121,226.0,2,2155.0,487.0,1,1.0,High Risk
14122,223.0,2,2155.0,459.0,1,0.925,High Risk
14123,62.0,1,40.0,62.0,0,0.0,Low Risk
14124,139.0,1,40.0,139.0,1,1.0,High Risk
14125,247.0,1,64.0,247.0,1,1.0,High Risk
14126,125.0,1,69.0,125.0,1,1.0,High Risk
14127,225.0,2,2174.0,449.0,1,0.99,High Risk
14128,211.0,2,2174.0,447.0,1,0.995,High Risk
14129,157.0,1,60.0,157.0,1,1.0,High Risk
14130,341.0,1,60.0,341.0,1,0.995,High Risk
14131,264.0,1,7.0,264.0,1,1.0,High Risk
14132,191.0,1,5.0,191.0,1,1.0,High Risk
14133,133.0,1,5.0,133.0,1,1.0,High Risk
14134,182.0,2,2155.0,448.0,1,0.995,High Risk
14135,46.0,1,40.0,46.0,0,0.0,Low Risk
14136,57.0,1,7.0,57.0,0,0.0,Low Risk
14137,298.0,1,40.0,298.0,1,1.0,High Risk
14138,7.0,1,7.0,7.0,0,0.0,Low Risk
14139,193.0,2,2120.0,444.0,1,0.925,High Risk
14140,102.0,1,60.0,102.0,1,1.0,High Risk
14141,69.0,1,21.0,69.0,0,0.0,Low Risk
14142,263.0,1,5.0,263.0,1,1.0,High Risk
14143,299.0,1,14.0,299.0,1,1.0,High Risk
14144,54.0,1,40.0,54.0,0,0.0,Low Risk
14145,133.0,1,25.0,133.0,1,1.0,High Risk
14146,221.0,1,23.0,221.0,1,1.0,High Risk
14147,362.0,1,1224.0,362.0,1,0.995,High Risk
14148,181.0,1,40.0,181.0,1,1.0,High Risk
14149,334.0,1,1250.0,334.0,1,1.0,High Risk
14150,59.0,1,46.0,59.0,0,0.0,Low Risk
14151,267.0,1,2419.0,267.0,1,1.0,High Risk
14152,87.0,1,37.0,87.0,0,0.0,Low Risk
14153,317.0,1,35.0,317.0,1,1.0,High Risk
14154,118.0,1,96.0,118.0,1,1.0,High Risk
14155,36.0,1,46.0,36.0,0,0.0,Low Risk
14156,244.0,1,2419.0,244.0,1,1.0,High Risk
14157,351.0,1,37.0,351.0,1,1.0,High Risk
14158,209.0,1,7.0,209.0,1,1.0,High Risk
14159,146.0,1,72.0,146.0,1,1.0,High Risk
14160,126.0,1,72.0,126.0,1,1.0,High Risk
14161,227.0,1,47.0,227.0,1,1.0,High Risk
14162,248.0,1,2438.0,248.0,1,1.0,High Risk
14163,259.0,1,2384.0,259.0,1,1.0,High Risk
14164,256.0,1,2433.0,256.0,1,1.0,High Risk
14165,255.0,1,35.0,255.0,1,1.0,High Risk
14166,43.0,1,92.0,43.0,0,0.0,Low Risk
14167,125.0,1,135.0,125.0,1,1.0,High Risk
14168,69.0,1,72.0,69.0,0,0.0,Low Risk
14169,158.0,1,39.0,158.0,1,1.0,High Risk
14170,251.0,1,2384.0,251.0,1,1.0,High Risk
14171,102.0,1,33.0,102.0,1,1.0,High Risk
14172,277.0,1,37.0,277.0,1,1.0,High Risk
14173,223.0,1,96.0,223.0,1,1.0,High Risk
14174,224.0,1,37.0,224.0,1,1.0,High Risk
14175,249.0,1,92.0,249.0,1,1.0,High Risk
14176,259.0,1,2384.0,259.0,1,1.0,High Risk
14177,126.0,1,37.0,126.0,1,1.0,High Risk
14178,3.0,1,37.0,3.0,0,0.0,Low Risk
14179,23.0,1,37.0,23.0,0,0.0,Low Risk
14180,125.0,1,72.0,125.0,1,1.0,High Risk
14181,252.0,1,2447.0,252.0,1,1.0,High Risk
14182,330.0,1,33.0,330.0,1,1.0,High Risk
14183,222.0,1,68.0,222.0,1,0.995,High Risk
14184,228.0,1,83.0,228.0,1,0.995,High Risk
14185,262.0,1,2438.0,262.0,1,1.0,High Risk
14186,259.0,1,2453.0,259.0,1,1.0,High Risk
14187,258.0,1,2462.0,258.0,1,1.0,High Risk
14188,7.0,1,72.0,7.0,0,0.0,Low Risk
14189,271.0,1,14.0,271.0,1,1.0,High Risk
14190,27.0,1,153.0,27.0,0,0.0,Low Risk
14191,137.0,1,37.0,137.0,1,1.0,High Risk
14192,253.0,1,2419.0,253.0,1,1.0,High Risk
14193,261.0,1,2481.0,261.0,1,0.995,High Risk
14194,239.0,1,2419.0,239.0,1,1.0,High Risk
14195,210.0,1,33.0,210.0,1,1.0,High Risk
14196,169.0,1,37.0,169.0,1,1.0,High Risk
14197,83.0,1,55.0,83.0,0,0.0,Low Risk
14198,261.0,1,37.0,261.0,1,1.0,High Risk
14199,313.0,1,1250.0,313.0,1,1.0,High Risk
14200,321.0,1,1250.0,321.0,1,1.0,High Risk
14201,34.0,1,101.0,34.0,0,0.0,Low Risk
14202,99.0,1,96.0,99.0,1,0.995,High Risk
14203,74.0,1,37.0,74.0,0,0.0,Low Risk
14204,321.0,1,1224.0,321.0,1,1.0,High Risk
14205,316.0,1,1250.0,316.0,1,1.0,High Risk
14206,89.0,1,32.0,89.0,0,0.0,Low Risk
14207,302.0,1,25.0,302.0,1,1.0,High Risk
14208,266.0,1,87.0,266.0,1,1.0,High Risk
14209,252.0,1,27.0,252.0,1,1.0,High Risk
14210,187.0,1,99.0,187.0,1,1.0,High Risk
14211,234.0,1,23.0,234.0,1,1.0,High Risk
14212,99.0,1,79.0,99.0,1,0.995,High Risk
14213,74.0,1,27.0,74.0,0,0.0,Low Risk
14214,208.0,2,2184.0,443.0,1,0.935,High Risk
14215,189.0,2,2149.0,427.0,1,0.95,High Risk
14216,207.0,2,2155.0,450.0,1,0.955,High Risk
14217,145.0,1,79.0,145.0,1,1.0,High Risk
14218,278.0,1,40.0,278.0,1,1.0,High Risk
14219,201.0,2,2184.0,443.0,1,0.935,High Risk
14220,297.0,1,40.0,297.0,1,1.0,High Risk
14221,324.0,1,23.0,324.0,1,1.0,High Risk
14222,180.0,2,2143.0,436.0,1,0.875,High Risk
14223,156.0,2,2120.0,457.0,1,0.98,High Risk
14224,307.0,1,103.0,307.0,1,1.0,High Risk
14225,301.0,1,7.0,301.0,1,1.0,High Risk
14226,184.0,2,2129.0,417.0,1,0.985,High Risk
14227,192.0,2,2158.0,402.0,1,0.97,High Risk
14228,112.0,1,40.0,112.0,1,1.0,High Risk
14229,182.0,2,2120.0,402.0,1,0.97,High Risk
14230,196.0,2,2155.0,407.0,1,0.975,High Risk
14231,260.0,1,81.0,260.0,1,1.0,High Risk
14232,201.0,2,2189.0,413.0,1,0.85,High Risk
14233,5.0,1,13.0,5.0,0,0.0,Low Risk
14234,201.0,1,7.0,201.0,1,1.0,High Risk
14235,197.0,2,2174.0,404.0,1,0.97,High Risk
14236,156.0,2,2155.0,414.0,1,0.92,High Risk
14237,127.0,1,40.0,127.0,1,1.0,High Risk
14238,11.0,1,118.0,11.0,0,0.0,Low Risk
14239,236.0,1,7.0,236.0,1,1.0,High Risk
14240,123.0,1,7.0,123.0,1,1.0,High Risk
14241,167.0,2,2120.0,401.0,1,0.96,High Risk
14242,223.0,1,5.0,223.0,1,1.0,High Risk
14243,174.0,2,2120.0,412.0,1,0.985,High Risk
14244,179.0,2,2155.0,410.0,1,0.995,High Risk
14245,331.0,1,22.0,331.0,1,1.0,High Risk
14246,166.0,1,59.0,166.0,1,1.0,High Risk
14247,80.0,1,27.0,80.0,0,0.0,Low Risk
14248,62.0,1,5.0,62.0,0,0.0,Low Risk
14249,68.0,1,40.0,68.0,0,0.0,Low Risk
14250,158.0,2,1868.0,1122.0,1,0.98,High Risk
14251,153.0,2,1883.0,1099.0,1,0.965,High Risk
14252,56.0,1,40.0,56.0,0,0.0,Low Risk
14253,159.0,2,1892.0,1107.0,1,0.965,High Risk
14254,315.0,1,74.0,315.0,1,1.0,High Risk
14255,181.0,1,52.0,181.0,1,1.0,High Risk
14256,174.0,1,33.0,174.0,1,1.0,High Risk
14257,335.0,1,68.0,335.0,1,1.0,High Risk
14258,206.0,1,147.0,206.0,1,1.0,High Risk
14259,160.0,1,49.0,160.0,1,1.0,High Risk
14260,290.0,1,32.0,290.0,1,1.0,High Risk
14261,150.0,1,35.0,150.0,1,1.0,High Risk
14262,309.0,1,72.0,309.0,1,1.0,High Risk
14263,46.0,1,35.0,46.0,0,0.0,Low Risk
14264,142.0,1,60.0,142.0,1,1.0,High Risk
14265,98.0,1,81.0,98.0,1,0.995,High Risk
14266,315.0,1,55.0,315.0,1,1.0,High Risk
14267,207.0,1,58.0,207.0,1,1.0,High Risk
14268,311.0,1,25.0,311.0,1,1.0,High Risk
14269,129.0,1,60.0,129.0,1,1.0,High Risk
14270,140.0,1,23.0,140.0,1,1.0,High Risk
14271,162.0,2,1854.0,1093.0,1,0.995,High Risk
14272,153.0,2,1854.0,1083.0,1,0.99,High Risk
14273,176.0,2,1873.0,1072.0,1,0.975,High Risk
14274,164.0,2,1897.0,1067.0,1,0.815,High Risk
14275,118.0,1,72.0,118.0,1,1.0,High Risk
14276,166.0,1,35.0,166.0,1,1.0,High Risk
14277,172.0,1,39.0,172.0,1,1.0,High Risk
14278,105.0,1,105.0,105.0,1,1.0,High Risk
14279,118.0,1,37.0,118.0,1,1.0,High Risk
14280,36.0,1,33.0,36.0,0,0.0,Low Risk
14281,36.0,1,39.0,36.0,0,0.0,Low Risk
14282,308.0,1,1250.0,308.0,1,1.0,High Risk
14283,20.0,1,33.0,20.0,0,0.0,Low Risk
14284,190.0,1,39.0,190.0,1,1.0,High Risk
14285,241.0,1,2419.0,241.0,1,1.0,High Risk
14286,228.0,1,2438.0,228.0,1,1.0,High Risk
14287,232.0,1,2393.0,232.0,1,1.0,High Risk
14288,245.0,2,2983.0,730.0,1,0.815,High Risk
14289,255.0,2,2722.0,712.0,1,0.89,High Risk
14290,218.0,1,2453.0,218.0,1,1.0,High Risk
14291,216.0,1,2419.0,216.0,1,1.0,High Risk
14292,39.0,1,39.0,39.0,0,0.0,Low Risk
14293,259.0,1,159.0,259.0,1,1.0,High Risk
14294,123.0,1,68.0,123.0,1,1.0,High Risk
14295,155.0,2,1882.0,1091.0,1,0.985,High Risk
14296,14.0,1,40.0,14.0,0,0.0,Low Risk
14297,8.0,1,25.0,8.0,0,0.0,Low Risk
14298,64.0,1,23.0,64.0,0,0.0,Low Risk
14299,145.0,1,5.0,145.0,1,1.0,High Risk
14300,297.0,1,5.0,297.0,1,1.0,High Risk
14301,236.0,1,75.0,236.0,1,1.0,High Risk
14302,98.0,1,1170.0,98.0,1,1.0,High Risk
14303,51.0,1,69.0,51.0,0,0.0,Low Risk
14304,69.0,1,575.0,69.0,0,0.0,Low Risk
14305,263.0,1,68.0,263.0,1,1.0,High Risk
14306,290.0,1,1726.0,290.0,1,1.0,High Risk
14307,257.0,1,1770.0,257.0,1,1.0,High Risk
14308,218.0,1,1760.0,218.0,1,1.0,High Risk
14309,115.0,1,1120.0,115.0,1,1.0,High Risk
14310,64.0,1,563.0,64.0,0,0.0,Low Risk
14311,364.0,1,60.0,364.0,1,1.0,High Risk
14312,135.0,1,1736.0,135.0,1,1.0,High Risk
14313,80.0,1,1198.0,80.0,0,0.0,Low Risk
14314,187.0,1,4.0,187.0,1,1.0,High Risk
14315,308.0,1,7.0,308.0,1,1.0,High Risk
14316,53.0,1,6.0,53.0,0,0.0,Low Risk
14317,175.0,1,5.0,175.0,1,1.0,High Risk
14318,193.0,1,89.0,193.0,1,1.0,High Risk
14319,107.0,1,25.0,107.0,1,1.0,High Risk
14320,68.0,1,2420.0,68.0,0,0.0,Low Risk
14321,68.0,1,2419.0,68.0,0,0.0,Low Risk
14322,102.0,1,1736.0,102.0,1,1.0,High Risk
14323,229.0,1,7.0,229.0,1,1.0,High Risk
14324,221.0,1,1715.0,221.0,1,1.0,High Risk
14325,337.0,1,40.0,337.0,1,0.995,High Risk
14326,249.0,1,6.0,249.0,1,1.0,High Risk
14327,206.0,1,79.0,206.0,1,1.0,High Risk
14328,221.0,1,5.0,221.0,1,1.0,High Risk
14329,210.0,1,90.0,210.0,1,1.0,High Risk
14330,321.0,1,101.0,321.0,1,0.995,High Risk
14331,30.0,1,101.0,30.0,0,0.0,Low Risk
14332,236.0,1,7.0,236.0,1,1.0,High Risk
14333,243.0,1,40.0,243.0,1,1.0,High Risk
14334,138.0,1,101.0,138.0,1,0.995,High Risk
14335,238.0,1,2398.0,238.0,1,1.0,High Risk
14336,357.0,1,60.0,357.0,1,1.0,High Risk
14337,277.0,1,25.0,277.0,1,1.0,High Risk
14338,362.0,1,30.0,362.0,1,1.0,High Risk
14339,272.0,1,27.0,272.0,1,1.0,High Risk
14340,315.0,1,1224.0,315.0,1,1.0,High Risk
14341,71.0,1,5.0,71.0,0,0.0,Low Risk
14342,216.0,1,65.0,216.0,1,1.0,High Risk
14343,269.0,1,25.0,269.0,1,1.0,High Risk
14344,296.0,1,25.0,296.0,1,1.0,High Risk
14345,102.0,1,801.0,102.0,1,1.0,High Risk
14346,141.0,1,25.0,141.0,1,1.0,High Risk
14347,17.0,1,115.0,17.0,0,0.0,Low Risk
14348,289.0,1,60.0,289.0,1,1.0,High Risk
14349,269.0,1,65.0,269.0,1,1.0,High Risk
14350,184.0,1,5.0,184.0,1,1.0,High Risk
14351,138.0,1,32.0,138.0,1,1.0,High Risk
14352,298.0,1,49.0,298.0,1,1.0,High Risk
14353,147.0,1,30.0,147.0,1,1.0,High Risk
14354,144.0,1,27.0,144.0,1,1.0,High Risk
14355,61.0,1,25.0,61.0,0,0.0,Low Risk
14356,178.0,1,60.0,178.0,1,1.0,High Risk
14357,285.0,1,27.0,285.0,1,1.0,High Risk
14358,112.0,1,147.0,112.0,1,1.0,High Risk
14359,195.0,1,27.0,195.0,1,1.0,High Risk
14360,251.0,1,25.0,251.0,1,1.0,High Risk
14361,107.0,1,32.0,107.0,1,1.0,High Risk
14362,726.0,1,2443.0,726.0,1,1.0,High Risk
14363,100.0,1,751.0,100.0,1,1.0,High Risk
14364,720.0,1,2443.0,720.0,1,1.0,High Risk
14365,76.0,1,751.0,76.0,0,0.0,Low Risk
14366,55.0,1,780.0,55.0,0,0.0,Low Risk
14367,318.0,1,1244.0,318.0,1,1.0,High Risk
14368,30.0,1,5.0,30.0,0,0.0,Low Risk
14369,299.0,1,1284.0,299.0,1,1.0,High Risk
14370,144.0,1,157.0,144.0,1,0.995,High Risk
14371,283.0,1,1264.0,283.0,1,1.0,High Risk
14372,714.0,1,2182.0,714.0,1,1.0,High Risk
14373,300.0,1,33.0,300.0,1,1.0,High Risk
14374,127.0,1,72.0,127.0,1,1.0,High Risk
14375,213.0,1,72.0,213.0,1,1.0,High Risk
14376,6.0,1,33.0,6.0,0,0.0,Low Risk
14377,52.0,1,33.0,52.0,0,0.0,Low Risk
14378,72.0,1,33.0,72.0,0,0.0,Low Risk
14379,341.0,1,39.0,341.0,1,1.0,High Risk
14380,274.0,1,1215.0,274.0,1,1.0,High Risk
14381,286.0,1,1250.0,286.0,1,1.0,High Risk
14382,291.0,1,1229.0,291.0,1,1.0,High Risk
14383,304.0,1,1284.0,304.0,1,1.0,High Risk
14384,293.0,1,1229.0,293.0,1,1.0,High Risk
14385,304.0,1,1250.0,304.0,1,1.0,High Risk
14386,301.0,1,1250.0,301.0,1,1.0,High Risk
14387,259.0,1,1250.0,259.0,1,1.0,High Risk
14388,258.0,1,1250.0,258.0,1,1.0,High Risk
14389,251.0,1,1250.0,251.0,1,1.0,High Risk
14390,257.0,1,1304.0,257.0,1,1.0,High Risk
14391,268.0,1,1274.0,268.0,1,1.0,High Risk
14392,244.0,1,1257.0,244.0,1,1.0,High Risk
14393,232.0,1,1250.0,232.0,1,1.0,High Risk
14394,704.0,1,2443.0,704.0,1,1.0,High Risk
14395,242.0,1,1250.0,242.0,1,1.0,High Risk
14396,239.0,1,1224.0,239.0,1,1.0,High Risk
14397,214.0,1,2398.0,214.0,1,1.0,High Risk
14398,218.0,1,2427.0,218.0,1,1.0,High Risk
14399,238.0,1,2419.0,238.0,1,1.0,High Risk
14400,238.0,1,2393.0,238.0,1,1.0,High Risk
14401,225.0,1,2469.0,225.0,1,1.0,High Risk
14402,220.0,1,2393.0,220.0,1,1.0,High Risk
14403,228.0,1,1250.0,228.0,1,1.0,High Risk
14404,240.0,1,1284.0,240.0,1,1.0,High Risk
14405,241.0,1,2433.0,241.0,1,1.0,High Risk
14406,226.0,1,2433.0,226.0,1,1.0,High Risk
14407,237.0,1,2433.0,237.0,1,1.0,High Risk
14408,233.0,1,2398.0,233.0,1,1.0,High Risk
14409,245.0,2,2736.0,724.0,1,0.895,High Risk
14410,224.0,1,2384.0,224.0,1,1.0,High Risk
14411,233.0,1,2384.0,233.0,1,1.0,High Risk
14412,233.0,1,1215.0,233.0,1,1.0,High Risk
14413,220.0,1,1224.0,220.0,1,1.0,High Risk
14414,216.0,1,1229.0,216.0,1,1.0,High Risk
14415,236.0,1,2453.0,236.0,1,1.0,High Risk
14416,231.0,1,2433.0,231.0,1,1.0,High Risk
14417,193.0,1,40.0,193.0,1,1.0,High Risk
14418,216.0,1,1308.0,216.0,1,1.0,High Risk
14419,242.0,1,1224.0,242.0,1,1.0,High Risk
14420,218.0,1,1250.0,218.0,1,1.0,High Risk
14421,192.0,1,1269.0,192.0,1,1.0,High Risk
14422,197.0,1,1250.0,197.0,1,1.0,High Risk
14423,220.0,1,72.0,220.0,1,1.0,High Risk
14424,237.0,1,2478.0,237.0,1,1.0,High Risk
14425,91.0,1,72.0,91.0,1,0.99,High Risk
14426,233.0,1,2438.0,233.0,1,1.0,High Risk
14427,232.0,1,2419.0,232.0,1,1.0,High Risk
14428,234.0,1,2393.0,234.0,1,1.0,High Risk
14429,235.0,1,37.0,235.0,1,1.0,High Risk
14430,223.0,1,2393.0,223.0,1,1.0,High Risk
14431,214.0,1,2419.0,214.0,1,1.0,High Risk
14432,86.0,1,72.0,86.0,0,0.0,Low Risk
14433,196.0,1,1250.0,196.0,1,1.0,High Risk
14434,88.0,1,5.0,88.0,0,0.0,Low Risk
14435,287.0,1,39.0,287.0,1,0.995,High Risk
14436,343.0,1,37.0,343.0,1,1.0,High Risk
14437,189.0,1,1244.0,189.0,1,1.0,High Risk
14438,35.0,1,14.0,35.0,0,0.0,Low Risk
14439,104.0,1,96.0,104.0,1,1.0,High Risk
14440,361.0,1,72.0,361.0,1,1.0,High Risk
14441,32.0,1,57.0,32.0,0,0.0,Low Risk
14442,285.0,1,72.0,285.0,1,1.0,High Risk
14443,119.0,1,1736.0,119.0,1,1.0,High Risk
14444,222.0,1,1751.0,222.0,1,1.0,High Risk
14445,209.0,1,1755.0,209.0,1,1.0,High Risk
14446,211.0,1,1736.0,211.0,1,1.0,High Risk
14447,66.0,1,1151.0,66.0,0,0.0,Low Risk
14448,90.0,1,1164.0,90.0,0,0.0,Low Risk
14449,70.0,1,1174.0,70.0,0,0.0,Low Risk
14450,91.0,1,609.0,91.0,1,1.0,High Risk
14451,74.0,1,567.0,74.0,0,0.0,Low Risk
14452,63.0,1,575.0,63.0,0,0.0,Low Risk
14453,74.0,1,2384.0,74.0,0,0.0,Low Risk
14454,99.0,1,1170.0,99.0,1,1.0,High Risk
14455,112.0,1,1155.0,112.0,1,1.0,High Risk
14456,76.0,1,565.0,76.0,0,0.0,Low Risk
14457,17.0,1,5.0,17.0,0,0.0,Low Risk
14458,49.0,1,2420.0,49.0,0,0.0,Low Risk
14459,38.0,1,2413.0,38.0,0,0.0,Low Risk
14460,72.0,1,554.0,72.0,0,0.0,Low Risk
14461,74.0,1,554.0,74.0,0,0.0,Low Risk
14462,99.0,1,1776.0,99.0,1,0.99,High Risk
14463,203.0,1,1765.0,203.0,1,1.0,High Risk
14464,33.0,1,2384.0,33.0,0,0.0,Low Risk
14465,40.0,1,2453.0,40.0,0,0.0,Low Risk
14466,74.0,1,1155.0,74.0,0,0.0,Low Risk
14467,229.0,1,5.0,229.0,1,1.0,High Risk
14468,84.0,1,1151.0,84.0,0,0.0,Low Risk
14469,70.0,1,549.0,70.0,0,0.0,Low Risk
14470,283.0,1,40.0,283.0,1,1.0,High Risk
14471,265.0,1,163.0,265.0,1,1.0,High Risk
14472,71.0,1,40.0,71.0,0,0.0,Low Risk
14473,176.0,1,27.0,176.0,1,1.0,High Risk
14474,247.0,1,5.0,247.0,1,1.0,High Risk
14475,187.0,1,39.0,187.0,1,1.0,High Risk
14476,49.0,1,40.0,49.0,0,0.0,Low Risk
14477,299.0,1,5.0,299.0,1,1.0,High Risk
14478,221.0,1,4.0,221.0,1,1.0,High Risk
14479,121.0,1,1736.0,121.0,1,1.0,High Risk
14480,103.0,1,1800.0,103.0,1,0.98,High Risk
14481,71.0,1,1120.0,71.0,0,0.0,Low Risk
14482,204.0,1,2478.0,204.0,1,1.0,High Risk
14483,94.0,1,163.0,94.0,1,0.995,High Risk
14484,16.0,1,7.0,16.0,0,0.0,Low Risk
14485,54.0,1,2469.0,54.0,0,0.0,Low Risk
14486,321.0,1,1224.0,321.0,1,1.0,High Risk
14487,78.0,1,549.0,78.0,0,0.0,Low Risk
14488,144.0,1,31.0,144.0,1,1.0,High Risk
14489,83.0,1,1120.0,83.0,0,0.0,Low Risk
14490,33.0,1,1147.0,33.0,0,0.0,Low Risk
14491,190.0,1,7.0,190.0,1,1.0,High Risk
14492,194.0,1,7.0,194.0,1,1.0,High Risk
14493,189.0,1,1765.0,189.0,1,1.0,High Risk
14494,47.0,1,1243.0,47.0,0,0.0,Low Risk
14495,196.0,1,40.0,196.0,1,1.0,High Risk
14496,224.0,1,40.0,224.0,1,1.0,High Risk
14497,170.0,1,14.0,170.0,1,1.0,High Risk
14498,158.0,1,1701.0,158.0,1,1.0,High Risk
14499,166.0,1,1786.0,166.0,1,1.0,High Risk
14500,56.0,1,39.0,56.0,0,0.0,Low Risk
14501,72.0,1,1170.0,72.0,0,0.0,Low Risk
14502,47.0,1,1155.0,47.0,0,0.0,Low Risk
14503,44.0,1,1174.0,44.0,0,0.0,Low Risk
14504,205.0,1,49.0,205.0,1,1.0,High Risk
14505,79.0,1,578.0,79.0,0,0.0,Low Risk
14506,135.0,1,39.0,135.0,1,1.0,High Risk
14507,77.0,1,1155.0,77.0,0,0.0,Low Risk
14508,298.0,1,5.0,298.0,1,1.0,High Risk
14509,86.0,1,540.0,86.0,0,0.0,Low Risk
14510,92.0,1,21.0,92.0,1,1.0,High Risk
14511,73.0,1,1212.0,73.0,0,0.0,Low Risk
14512,67.0,1,1134.0,67.0,0,0.0,Low Risk
14513,319.0,1,39.0,319.0,1,1.0,High Risk
14514,308.0,1,7.0,308.0,1,1.0,High Risk
14515,227.0,1,7.0,227.0,1,1.0,High Risk
14516,80.0,1,40.0,80.0,0,0.0,Low Risk
14517,305.0,1,21.0,305.0,1,1.0,High Risk
14518,110.0,1,40.0,110.0,1,1.0,High Risk
14519,154.0,1,40.0,154.0,1,1.0,High Risk
14520,85.0,1,40.0,85.0,0,0.0,Low Risk
14521,223.0,1,114.0,223.0,1,1.0,High Risk
14522,347.0,1,30.0,347.0,1,1.0,High Risk
14523,88.0,1,629.0,88.0,0,0.0,Low Risk
14524,164.0,1,39.0,164.0,1,1.0,High Risk
14525,297.0,1,25.0,297.0,1,1.0,High Risk
14526,64.0,1,663.0,64.0,0,0.005,Low Risk
14527,318.0,1,60.0,318.0,1,1.0,High Risk
14528,124.0,1,7.0,124.0,1,1.0,High Risk
14529,77.0,1,565.0,77.0,0,0.0,Low Risk
14530,338.0,1,21.0,338.0,1,1.0,High Risk
14531,166.0,1,23.0,166.0,1,1.0,High Risk
14532,86.0,1,1188.0,86.0,0,0.0,Low Risk
14533,325.0,1,1224.0,325.0,1,1.0,High Risk
14534,183.0,1,27.0,183.0,1,1.0,High Risk
14535,167.0,1,5.0,167.0,1,1.0,High Risk
14536,148.0,1,40.0,148.0,1,1.0,High Risk
14537,14.0,1,21.0,14.0,0,0.0,Low Risk
14538,98.0,1,39.0,98.0,1,1.0,High Risk
14539,308.0,1,1229.0,308.0,1,1.0,High Risk
14540,260.0,1,1278.0,260.0,1,1.0,High Risk
14541,229.0,1,1224.0,229.0,1,1.0,High Risk
14542,208.0,1,21.0,208.0,1,1.0,High Risk
14543,67.0,1,14.0,67.0,0,0.0,Low Risk
14544,65.0,1,49.0,65.0,0,0.0,Low Risk
14545,14.0,1,4.0,14.0,0,0.0,Low Risk
14546,33.0,1,39.0,33.0,0,0.0,Low Risk
14547,91.0,1,1179.0,91.0,1,1.0,High Risk
14548,352.0,1,4.0,352.0,1,1.0,High Risk
14549,77.0,1,604.0,77.0,0,0.0,Low Risk
14550,205.0,1,7.0,205.0,1,1.0,High Risk
14551,79.0,1,575.0,79.0,0,0.0,Low Risk
14552,45.0,1,143.0,45.0,0,0.0,Low Risk
14553,53.0,1,554.0,53.0,0,0.0,Low Risk
14554,82.0,1,1120.0,82.0,0,0.0,Low Risk
14555,276.0,1,7.0,276.0,1,1.0,High Risk
14556,97.0,2,1277.0,1077.0,1,0.97,High Risk
14557,114.0,2,1253.0,1042.0,1,0.99,High Risk
14558,96.0,2,1262.0,1038.0,1,0.985,High Risk
14559,119.0,2,1307.0,1062.0,1,0.945,High Risk
14560,105.0,2,1253.0,1038.0,1,0.99,High Risk
14561,102.0,2,1288.0,1008.0,1,0.975,High Risk
14562,97.0,2,1288.0,1006.0,1,0.975,High Risk
14563,94.0,2,1239.0,1026.0,1,0.985,High Risk
14564,115.0,2,1239.0,1019.0,1,0.965,High Risk
14565,93.0,2,1253.0,989.0,1,0.98,High Risk
14566,99.0,2,1239.0,982.0,1,0.94,High Risk
14567,104.0,2,1253.0,987.0,1,0.98,High Risk
14568,111.0,2,1239.0,992.0,1,0.97,High Risk
14569,104.0,2,1253.0,955.0,1,0.275,Low Risk
14570,233.0,1,90.0,233.0,1,1.0,High Risk
14571,27.0,1,29.0,27.0,0,0.0,Low Risk
14572,42.0,1,589.0,42.0,0,0.0,Low Risk
14573,64.0,1,1169.0,64.0,0,0.0,Low Risk
14574,86.0,1,1155.0,86.0,0,0.0,Low Risk
14575,216.0,1,1274.0,216.0,1,1.0,High Risk
14576,56.0,1,540.0,56.0,0,0.0,Low Risk
14577,77.0,1,1170.0,77.0,0,0.0,Low Risk
14578,33.0,1,1155.0,33.0,0,0.0,Low Risk
14579,46.0,1,1155.0,46.0,0,0.0,Low Risk
14580,307.0,1,40.0,307.0,1,1.0,High Risk
14581,222.0,1,40.0,222.0,1,1.0,High Risk
14582,123.0,1,34.0,123.0,1,1.0,High Risk
14583,53.0,1,1164.0,53.0,0,0.0,Low Risk
14584,46.0,1,584.0,46.0,0,0.0,Low Risk
14585,47.0,1,1169.0,47.0,0,0.0,Low Risk
14586,33.0,1,1188.0,33.0,0,0.0,Low Risk
14587,215.0,1,1224.0,215.0,1,1.0,High Risk
14588,35.0,1,540.0,35.0,0,0.0,Low Risk
14589,243.0,1,1224.0,243.0,1,1.0,High Risk
14590,40.0,1,540.0,40.0,0,0.0,Low Risk
14591,47.0,1,584.0,47.0,0,0.0,Low Risk
14592,34.0,1,549.0,34.0,0,0.0,Low Risk
14593,269.0,1,39.0,269.0,1,1.0,High Risk
14594,193.0,1,1265.0,193.0,1,1.0,High Risk
14595,182.0,1,1215.0,182.0,1,1.0,High Risk
14596,38.0,1,554.0,38.0,0,0.0,Low Risk
14597,42.0,1,540.0,42.0,0,0.0,Low Risk
14598,42.0,1,540.0,42.0,0,0.0,Low Risk
14599,55.0,1,1151.0,55.0,0,0.0,Low Risk
14600,48.0,1,1174.0,48.0,0,0.0,Low Risk
14601,153.0,1,1269.0,153.0,1,1.0,High Risk
14602,58.0,1,584.0,58.0,0,0.0,Low Risk
14603,168.0,1,1764.0,168.0,1,1.0,High Risk
14604,42.0,1,1169.0,42.0,0,0.0,Low Risk
14605,42.0,1,1174.0,42.0,0,0.0,Low Risk
14606,380.0,1,600.0,380.0,1,1.0,High Risk
14607,172.0,1,1250.0,172.0,1,1.0,High Risk
14608,165.0,1,1253.0,165.0,1,1.0,High Risk
14609,371.0,1,540.0,371.0,1,1.0,High Risk
14610,393.0,1,565.0,393.0,1,1.0,High Risk
14611,34.0,1,575.0,34.0,0,0.0,Low Risk
14612,384.0,1,564.0,384.0,1,1.0,High Risk
14613,355.0,1,575.0,355.0,1,1.0,High Risk
14614,158.0,1,1250.0,158.0,1,1.0,High Risk
14615,159.0,1,1229.0,159.0,1,1.0,High Risk
14616,346.0,1,575.0,346.0,1,1.0,High Risk
14617,352.0,1,540.0,352.0,1,1.0,High Risk
14618,160.0,1,1250.0,160.0,1,1.0,High Risk
14619,392.0,1,2398.0,392.0,1,1.0,High Risk
14620,151.0,1,1274.0,151.0,1,1.0,High Risk
14621,293.0,1,40.0,293.0,1,1.0,High Risk
14622,121.0,1,90.0,121.0,1,0.995,High Risk
14623,227.0,1,2398.0,227.0,1,1.0,High Risk
14624,219.0,1,2398.0,219.0,1,1.0,High Risk
14625,259.0,1,39.0,259.0,1,1.0,High Risk
14626,393.0,1,2433.0,393.0,1,1.0,High Risk
14627,355.0,1,549.0,355.0,1,1.0,High Risk
14628,353.0,1,48.0,353.0,1,1.0,High Risk
14629,300.0,1,6.0,300.0,1,1.0,High Risk
14630,281.0,1,23.0,281.0,1,1.0,High Risk
14631,301.0,1,40.0,301.0,1,1.0,High Risk
14632,142.0,1,39.0,142.0,1,1.0,High Risk
14633,328.0,1,54.0,328.0,1,1.0,High Risk
14634,195.0,1,110.0,195.0,1,1.0,High Risk
14635,121.0,1,1751.0,121.0,1,1.0,High Risk
14636,150.0,1,1755.0,150.0,1,1.0,High Risk
14637,49.0,1,1174.0,49.0,0,0.0,Low Risk
14638,179.0,1,2511.0,179.0,1,1.0,High Risk
14639,304.0,1,40.0,304.0,1,1.0,High Risk
14640,103.0,1,1229.0,103.0,1,1.0,High Risk
14641,345.0,1,2428.0,345.0,1,1.0,High Risk
14642,394.0,1,561.0,394.0,1,1.0,High Risk
14643,338.0,1,584.0,338.0,1,1.0,High Risk
14644,244.0,1,40.0,244.0,1,1.0,High Risk
14645,119.0,1,19.0,119.0,1,1.0,High Risk
14646,354.0,1,21.0,354.0,1,1.0,High Risk
14647,345.0,1,540.0,345.0,1,1.0,High Risk
14648,310.0,1,563.0,310.0,1,1.0,High Risk
14649,214.0,1,5.0,214.0,1,1.0,High Risk
14650,63.0,1,1265.0,63.0,0,0.005,Low Risk
14651,127.0,1,60.0,127.0,1,1.0,High Risk
14652,130.0,1,1786.0,130.0,1,1.0,High Risk
14653,148.0,1,40.0,148.0,1,1.0,High Risk
14654,259.0,1,30.0,259.0,1,1.0,High Risk
14655,11.0,1,40.0,11.0,0,0.0,Low Risk
14656,313.0,1,571.0,313.0,1,1.0,High Risk
14657,286.0,1,540.0,286.0,1,1.0,High Risk
14658,282.0,1,609.0,282.0,1,1.0,High Risk
14659,152.0,1,1736.0,152.0,1,1.0,High Risk
14660,286.0,1,567.0,286.0,1,1.0,High Risk
14661,71.0,1,1736.0,71.0,0,0.0,Low Risk
14662,79.0,1,1736.0,79.0,0,0.0,Low Risk
14663,135.0,1,95.0,135.0,1,0.995,High Risk
14664,168.0,1,95.0,168.0,1,0.995,High Risk
14665,101.0,1,27.0,101.0,1,1.0,High Risk
14666,274.0,1,5.0,274.0,1,1.0,High Risk
14667,239.0,1,40.0,239.0,1,1.0,High Risk
14668,275.0,1,23.0,275.0,1,1.0,High Risk
14669,159.0,1,89.0,159.0,1,1.0,High Risk
14670,301.0,1,39.0,301.0,1,1.0,High Risk
14671,65.0,1,49.0,65.0,0,0.0,Low Risk
14672,321.0,1,30.0,321.0,1,1.0,High Risk
14673,347.0,1,7.0,347.0,1,1.0,High Risk
14674,128.0,1,7.0,128.0,1,1.0,High Risk
14675,327.0,1,2419.0,327.0,1,1.0,High Risk
14676,347.0,1,549.0,347.0,1,1.0,High Risk
14677,260.0,1,67.0,260.0,1,1.0,High Risk
14678,221.0,1,60.0,221.0,1,1.0,High Risk
14679,9.0,1,60.0,9.0,0,0.0,Low Risk
14680,144.0,1,40.0,144.0,1,1.0,High Risk
14681,227.0,1,27.0,227.0,1,1.0,High Risk
14682,334.0,1,2398.0,334.0,1,1.0,High Risk
14683,246.0,1,39.0,246.0,1,1.0,High Risk
14684,74.0,1,1251.0,74.0,0,0.005,Low Risk
14685,110.0,1,23.0,110.0,1,1.0,High Risk
14686,181.0,1,21.0,181.0,1,1.0,High Risk
14687,314.0,1,6.0,314.0,1,1.0,High Risk
14688,53.0,1,13.0,53.0,0,0.0,Low Risk
14689,152.0,1,69.0,152.0,1,1.0,High Risk
14690,202.0,1,6.0,202.0,1,1.0,High Risk
14691,267.0,1,39.0,267.0,1,1.0,High Risk
14692,332.0,1,27.0,332.0,1,1.0,High Risk
14693,325.0,1,67.0,325.0,1,1.0,High Risk
14694,46.0,1,1237.0,46.0,0,0.0,Low Risk
14695,58.0,1,1224.0,58.0,0,0.005,Low Risk
14696,236.0,1,34.0,236.0,1,1.0,High Risk
14697,122.0,1,43.0,122.0,1,1.0,High Risk
14698,358.0,1,69.0,358.0,1,1.0,High Risk
14699,145.0,1,69.0,145.0,1,1.0,High Risk
14700,236.0,1,48.0,236.0,1,1.0,High Risk
14701,45.0,1,1269.0,45.0,0,0.005,Low Risk
14702,351.0,1,600.0,351.0,1,1.0,High Risk
14703,305.0,1,2419.0,305.0,1,1.0,High Risk
14704,336.0,1,608.0,336.0,1,1.0,High Risk
14705,118.0,2,1239.0,943.0,1,0.565,Medium Risk
14706,63.0,2,1274.0,946.0,0,0.04,Low Risk
14707,86.0,2,1239.0,957.0,0,0.015,Low Risk
14708,91.0,2,1262.0,955.0,1,0.48,Medium Risk
14709,63.0,2,1253.0,950.0,0,0.025,Low Risk
14710,68.0,2,1308.0,954.0,0,0.02,Low Risk
14711,61.0,2,1239.0,955.0,0,0.035,Low Risk
14712,62.0,2,1274.0,925.0,0,0.0,Low Risk
14713,61.0,2,1262.0,913.0,0,0.03,Low Risk
14714,81.0,2,1288.0,936.0,0,0.18,Low Risk
14715,62.0,2,1308.0,928.0,0,0.01,Low Risk
14716,63.0,2,1274.0,915.0,0,0.0,Low Risk
14717,72.0,2,1303.0,914.0,0,0.02,Low Risk
14718,87.0,2,1274.0,925.0,0,0.0,Low Risk
14719,78.0,2,1274.0,896.0,0,0.0,Low Risk
14720,349.0,1,60.0,349.0,1,0.995,High Risk
14721,302.0,1,2433.0,302.0,1,1.0,High Risk
14722,311.0,1,584.0,311.0,1,1.0,High Risk
14723,384.0,1,777.0,384.0,1,1.0,High Risk
14724,387.0,1,777.0,387.0,1,1.0,High Risk
14725,296.0,1,2442.0,296.0,1,1.0,High Risk
14726,298.0,1,2419.0,298.0,1,1.0,High Risk
14727,329.0,1,663.0,329.0,1,1.0,High Risk
14728,314.0,1,540.0,314.0,1,1.0,High Risk
14729,326.0,1,575.0,326.0,1,1.0,High Risk
14730,253.0,1,2433.0,253.0,1,1.0,High Risk
14731,268.0,1,2469.0,268.0,1,1.0,High Risk
14732,309.0,1,549.0,309.0,1,1.0,High Risk
14733,327.0,1,639.0,327.0,1,1.0,High Risk
14734,181.0,1,77.0,181.0,1,1.0,High Risk
14735,219.0,1,2384.0,219.0,1,1.0,High Risk
14736,240.0,1,2407.0,240.0,1,1.0,High Risk
14737,238.0,1,2453.0,238.0,1,1.0,High Risk
14738,140.0,1,1765.0,140.0,1,1.0,High Risk
14739,218.0,1,2398.0,218.0,1,1.0,High Risk
14740,315.0,1,540.0,315.0,1,1.0,High Risk
14741,227.0,1,54.0,227.0,1,1.0,High Risk
14742,330.0,1,567.0,330.0,1,1.0,High Risk
14743,183.0,1,2462.0,183.0,1,1.0,High Risk
14744,350.0,1,786.0,350.0,1,1.0,High Risk
14745,185.0,1,2428.0,185.0,1,1.0,High Risk
14746,184.0,1,2473.0,184.0,1,1.0,High Risk
14747,309.0,1,561.0,309.0,1,1.0,High Risk
14748,320.0,1,540.0,320.0,1,1.0,High Risk
14749,322.0,1,540.0,322.0,1,0.995,High Risk
14750,362.0,1,742.0,362.0,1,1.0,High Risk
14751,248.0,1,554.0,248.0,1,1.0,High Risk
14752,110.0,1,1760.0,110.0,1,1.0,High Risk
14753,358.0,1,756.0,358.0,1,1.0,High Risk
14754,79.0,1,4.0,79.0,0,0.0,Low Risk
14755,143.0,1,23.0,143.0,1,1.0,High Risk
14756,152.0,1,6.0,152.0,1,1.0,High Risk
14757,191.0,1,2493.0,191.0,1,1.0,High Risk
14758,297.0,1,629.0,297.0,1,1.0,High Risk
14759,201.0,1,2428.0,201.0,1,1.0,High Risk
14760,340.0,1,742.0,340.0,1,1.0,High Risk
14761,300.0,1,567.0,300.0,1,1.0,High Risk
14762,301.0,1,563.0,301.0,1,1.0,High Risk
14763,146.0,1,2517.0,146.0,1,1.0,High Risk
14764,9.0,1,39.0,9.0,0,0.0,Low Risk
14765,228.0,1,72.0,228.0,1,1.0,High Risk
14766,235.0,1,2438.0,235.0,1,1.0,High Risk
14767,70.0,1,33.0,70.0,0,0.0,Low Risk
14768,224.0,1,2453.0,224.0,1,1.0,High Risk
14769,285.0,1,75.0,285.0,1,1.0,High Risk
14770,371.0,1,2515.0,371.0,1,1.0,High Risk
14771,35.0,1,2295.0,35.0,0,0.0,Low Risk
14772,107.0,1,25.0,107.0,1,1.0,High Risk
14773,176.0,1,75.0,176.0,1,1.0,High Risk
14774,159.0,1,60.0,159.0,1,1.0,High Risk
14775,146.0,1,2537.0,146.0,1,1.0,High Risk
14776,126.0,1,2451.0,126.0,1,1.0,High Risk
14777,103.0,1,2514.0,103.0,1,1.0,High Risk
14778,54.0,1,2310.0,54.0,0,0.0,Low Risk
14779,92.0,1,2443.0,92.0,1,0.97,High Risk
14780,390.0,1,2480.0,390.0,1,1.0,High Risk
14781,371.0,1,2480.0,371.0,1,1.0,High Risk
14782,186.0,1,40.0,186.0,1,1.0,High Risk
14783,245.0,1,59.0,245.0,1,1.0,High Risk
14784,335.0,1,5.0,335.0,1,1.0,High Risk
14785,146.0,1,5.0,146.0,1,1.0,High Risk
14786,16.0,1,5.0,16.0,0,0.0,Low Risk
14787,42.0,1,2330.0,42.0,0,0.0,Low Risk
14788,204.0,1,27.0,204.0,1,1.0,High Risk
14789,345.0,1,60.0,345.0,1,1.0,High Risk
14790,49.0,1,25.0,49.0,0,0.0,Low Risk
14791,23.0,1,69.0,23.0,0,0.0,Low Risk
14792,62.0,1,60.0,62.0,0,0.0,Low Risk
14793,50.0,1,75.0,50.0,0,0.0,Low Risk
14794,393.0,1,2480.0,393.0,1,1.0,High Risk
14795,86.0,1,23.0,86.0,0,0.0,Low Risk
14796,385.0,1,2482.0,385.0,1,1.0,High Risk
14797,114.0,1,2476.0,114.0,1,1.0,High Risk
14798,110.0,1,21.0,110.0,1,1.0,High Risk
14799,108.0,1,2452.0,108.0,1,1.0,High Risk
14800,363.0,1,14.0,363.0,1,0.995,High Risk
14801,260.0,1,40.0,260.0,1,1.0,High Risk
14802,362.0,1,5.0,362.0,1,1.0,High Risk
14803,2.0,1,60.0,2.0,0,0.0,Low Risk
14804,351.0,1,30.0,351.0,1,1.0,High Risk
14805,329.0,1,5.0,329.0,1,1.0,High Risk
14806,64.0,1,2501.0,64.0,0,0.0,Low Risk
14807,150.0,1,23.0,150.0,1,1.0,High Risk
14808,30.0,1,89.0,30.0,0,0.0,Low Risk
14809,131.0,1,78.0,131.0,1,1.0,High Risk
14810,154.0,1,21.0,154.0,1,1.0,High Risk
14811,230.0,1,114.0,230.0,1,1.0,High Risk
14812,364.0,1,86.0,364.0,1,0.995,High Risk
14813,59.0,1,114.0,59.0,0,0.0,Low Risk
14814,309.0,1,27.0,309.0,1,1.0,High Risk
14815,149.0,1,62.0,149.0,1,1.0,High Risk
14816,348.0,1,40.0,348.0,1,1.0,High Risk
14817,182.0,1,7.0,182.0,1,1.0,High Risk
14818,2.0,1,7.0,2.0,0,0.0,Low Risk
14819,280.0,1,36.0,280.0,1,1.0,High Risk
14820,168.0,2,1873.0,892.0,1,1.0,High Risk
14821,351.0,1,49.0,351.0,1,1.0,High Risk
14822,157.0,2,1878.0,887.0,1,0.99,High Risk
14823,166.0,2,1819.0,893.0,1,0.96,High Risk
14824,169.0,2,1887.0,898.0,1,0.99,High Risk
14825,118.0,1,40.0,118.0,1,0.995,High Risk
14826,185.0,1,5.0,185.0,1,1.0,High Risk
14827,134.0,2,1854.0,872.0,1,1.0,High Risk
14828,127.0,2,1873.0,871.0,1,1.0,High Risk
14829,122.0,2,1873.0,883.0,1,1.0,High Risk
14830,151.0,2,1893.0,869.0,1,0.955,High Risk
14831,129.0,2,1833.0,880.0,1,0.865,High Risk
14832,137.0,2,1882.0,882.0,1,1.0,High Risk
14833,124.0,2,1850.0,852.0,1,0.995,High Risk
14834,124.0,1,37.0,124.0,1,1.0,High Risk
14835,128.0,1,27.0,128.0,1,1.0,High Risk
14836,346.0,1,27.0,346.0,1,1.0,High Risk
14837,111.0,1,35.0,111.0,1,1.0,High Risk
14838,235.0,1,25.0,235.0,1,1.0,High Risk
14839,29.0,1,65.0,29.0,0,0.0,Low Risk
14840,357.0,1,108.0,357.0,1,1.0,High Risk
14841,198.0,1,1250.0,198.0,1,1.0,High Risk
14842,154.0,1,65.0,154.0,1,1.0,High Risk
14843,272.0,1,27.0,272.0,1,1.0,High Risk
14844,219.0,1,27.0,219.0,1,1.0,High Risk
14845,354.0,1,25.0,354.0,1,1.0,High Risk
14846,35.0,1,14.0,35.0,0,0.0,Low Risk
14847,134.0,1,65.0,134.0,1,1.0,High Risk
14848,128.0,1,25.0,128.0,1,1.0,High Risk
14849,295.0,1,27.0,295.0,1,1.0,High Risk
14850,356.0,1,35.0,356.0,1,1.0,High Risk
14851,248.0,1,64.0,248.0,1,1.0,High Risk
14852,55.0,1,25.0,55.0,0,0.0,Low Risk
14853,248.0,1,30.0,248.0,1,1.0,High Risk
14854,34.0,1,27.0,34.0,0,0.0,Low Risk
14855,240.0,1,27.0,240.0,1,1.0,High Risk
14856,337.0,1,40.0,337.0,1,0.995,High Risk
14857,43.0,1,750.0,43.0,0,0.0,Low Risk
14858,1105.0,1,3400.0,1105.0,1,1.0,High Risk
14859,1.0,1,32.0,1.0,0,0.0,Low Risk
14860,228.0,1,65.0,228.0,1,1.0,High Risk
14861,124.0,1,27.0,124.0,1,1.0,High Risk
14862,1118.0,1,3400.0,1118.0,1,1.0,High Risk
14863,156.0,1,65.0,156.0,1,1.0,High Risk
14864,186.0,2,4631.0,1126.0,1,0.955,High Risk
14865,719.0,1,2443.0,719.0,1,1.0,High Risk
14866,204.0,2,4644.0,1105.0,1,0.95,High Risk
14867,175.0,2,4604.0,1100.0,1,0.985,High Risk
14868,213.0,2,5784.0,1066.0,1,0.66,Medium Risk
14869,237.0,2,5798.0,1072.0,1,0.67,Medium Risk
14870,162.0,1,80.0,162.0,1,1.0,High Risk
14871,238.0,1,38.0,238.0,1,1.0,High Risk
14872,144.0,1,65.0,144.0,1,1.0,High Risk
14873,218.0,2,5819.0,1081.0,1,0.675,Medium Risk
14874,86.0,1,40.0,86.0,0,0.0,Low Risk
14875,84.0,1,35.0,84.0,0,0.0,Low Risk
14876,712.0,1,2443.0,712.0,1,1.0,High Risk
14877,163.0,2,4629.0,1075.0,1,0.96,High Risk
14878,4.0,1,80.0,4.0,0,0.0,Low Risk
14879,164.0,2,4650.0,1070.0,1,0.985,High Risk
14880,164.0,2,4659.0,1048.0,1,0.94,High Risk
14881,127.0,1,32.0,127.0,1,1.0,High Risk
14882,24.0,1,25.0,24.0,0,0.0,Low Risk
14883,244.0,1,65.0,244.0,1,1.0,High Risk
14884,714.0,1,2443.0,714.0,1,1.0,High Risk
14885,232.0,1,40.0,232.0,1,1.0,High Risk
14886,157.0,1,60.0,157.0,1,1.0,High Risk
14887,165.0,2,4673.0,1044.0,1,0.84,High Risk
14888,161.0,2,4673.0,1061.0,1,0.905,High Risk
14889,181.0,2,4624.0,1056.0,1,0.925,High Risk
14890,163.0,2,4651.0,1053.0,1,0.955,High Risk
14891,347.0,1,25.0,347.0,1,1.0,High Risk
14892,230.0,2,5759.0,1004.0,1,0.905,High Risk
14893,716.0,1,2443.0,716.0,1,1.0,High Risk
14894,277.0,1,25.0,277.0,1,1.0,High Risk
14895,186.0,1,49.0,186.0,1,1.0,High Risk
14896,172.0,2,4650.0,1030.0,1,0.94,High Risk
14897,217.0,1,122.0,217.0,1,1.0,High Risk
14898,109.0,1,33.0,109.0,1,1.0,High Risk
14899,205.0,1,39.0,205.0,1,1.0,High Risk
14900,323.0,1,72.0,323.0,1,1.0,High Risk
14901,255.0,1,42.0,255.0,1,1.0,High Risk
14902,237.0,2,5793.0,1022.0,1,0.905,High Risk
14903,340.0,1,65.0,340.0,1,1.0,High Risk
14904,237.0,2,5773.0,1024.0,1,0.87,High Risk
14905,57.0,1,89.0,57.0,0,0.0,Low Risk
14906,145.0,2,4599.0,1029.0,1,0.96,High Risk
14907,76.0,1,6.0,76.0,0,0.0,Low Risk
14908,14.0,1,6.0,14.0,0,0.0,Low Risk
14909,2.0,1,27.0,2.0,0,0.0,Low Risk
14910,141.0,2,4659.0,980.0,1,0.965,High Risk
14911,143.0,2,4624.0,976.0,1,0.925,High Risk
14912,670.0,1,2182.0,670.0,1,1.0,High Risk
14913,215.0,1,63.0,215.0,1,1.0,High Risk
14914,75.0,1,6.0,75.0,0,0.0,Low Risk
14915,154.0,1,38.0,154.0,1,0.99,High Risk
14916,93.0,1,43.0,93.0,1,1.0,High Risk
14917,134.0,2,4650.0,991.0,1,0.95,High Risk
14918,132.0,2,4700.0,1003.0,1,0.94,High Risk
14919,84.0,2,1260.0,825.0,0,0.01,Low Risk
14920,61.0,2,1248.0,843.0,0,0.005,Low Risk
14921,179.0,2,1819.0,833.0,1,0.895,High Risk
14922,89.0,2,1253.0,830.0,0,0.005,Low Risk
14923,76.0,2,1274.0,796.0,0,0.31,Low Risk
14924,360.0,1,6.0,360.0,1,1.0,High Risk
14925,188.0,2,5819.0,991.0,1,0.96,High Risk
14926,274.0,1,14.0,274.0,1,1.0,High Risk
14927,72.0,2,1308.0,816.0,0,0.025,Low Risk
14928,74.0,2,1272.0,822.0,0,0.17,Low Risk
14929,85.0,2,1316.0,817.0,0,0.065,Low Risk
14930,293.0,1,27.0,293.0,1,1.0,High Risk
14931,237.0,1,30.0,237.0,1,1.0,High Risk
14932,188.0,1,27.0,188.0,1,1.0,High Risk
14933,7.0,1,49.0,7.0,0,0.0,Low Risk
14934,153.0,1,49.0,153.0,1,1.0,High Risk
14935,29.0,1,65.0,29.0,0,0.0,Low Risk
14936,61.0,2,1256.0,810.0,0,0.005,Low Risk
14937,63.0,2,1248.0,815.0,0,0.0,Low Risk
14938,83.0,2,1299.0,813.0,0,0.03,Low Risk
14939,87.0,2,1308.0,795.0,0,0.025,Low Risk
14940,82.0,2,1264.0,779.0,0,0.01,Low Risk
14941,67.0,2,1277.0,772.0,0,0.28,Low Risk
14942,64.0,2,1255.0,774.0,0,0.155,Low Risk
14943,131.0,2,4599.0,988.0,1,0.98,High Risk
14944,200.0,2,5808.0,961.0,1,0.93,High Risk
14945,84.0,2,1274.0,780.0,0,0.065,Low Risk
14946,87.0,2,1248.0,768.0,0,0.045,Low Risk
14947,176.0,2,1873.0,764.0,1,1.0,High Risk
14948,165.0,2,1854.0,782.0,1,0.985,High Risk
14949,167.0,2,1819.0,769.0,1,0.97,High Risk
14950,127.0,2,1882.0,787.0,1,0.945,High Risk
14951,41.0,1,54.0,41.0,0,0.0,Low Risk
14952,123.0,2,4703.0,961.0,1,0.715,High Risk
14953,140.0,2,4599.0,969.0,1,0.945,High Risk
14954,306.0,1,60.0,306.0,1,1.0,High Risk
14955,246.0,1,27.0,246.0,1,1.0,High Risk
14956,144.0,2,4644.0,954.0,1,0.875,High Risk
14957,185.0,1,25.0,185.0,1,1.0,High Risk
14958,228.0,1,89.0,228.0,1,1.0,High Risk
14959,149.0,2,1903.0,752.0,1,0.905,High Risk
14960,295.0,1,27.0,295.0,1,1.0,High Risk
14961,124.0,2,1957.0,737.0,1,0.975,High Risk
14962,140.0,2,1938.0,759.0,1,0.995,High Risk
14963,205.0,2,5819.0,944.0,1,0.815,High Risk
14964,25.0,1,25.0,25.0,0,0.0,Low Risk
14965,133.0,2,4650.0,961.0,1,0.945,High Risk
14966,259.0,1,32.0,259.0,1,1.0,High Risk
14967,205.0,1,27.0,205.0,1,1.0,High Risk
14968,211.0,1,30.0,211.0,1,1.0,High Risk
14969,71.0,1,25.0,71.0,0,0.0,Low Risk
14970,105.0,2,4650.0,959.0,1,0.875,High Risk
14971,96.0,2,4604.0,948.0,1,0.92,High Risk
14972,257.0,2,2749.0,679.0,1,0.74,High Risk
14973,191.0,2,5781.0,971.0,1,0.995,High Risk
14974,203.0,2,5793.0,970.0,1,0.955,High Risk
14975,192.0,2,5819.0,953.0,1,0.91,High Risk
14976,196.0,2,5807.0,971.0,1,0.98,High Risk
14977,188.0,2,5759.0,959.0,1,0.915,High Risk
14978,116.0,2,4625.0,940.0,1,0.94,High Risk
14979,191.0,2,5813.0,928.0,1,0.575,Medium Risk
14980,200.0,2,5784.0,932.0,1,0.965,High Risk
14981,203.0,2,5819.0,929.0,1,0.885,High Risk
14982,228.0,2,3018.0,685.0,1,0.945,High Risk
14983,193.0,2,5819.0,919.0,1,0.83,High Risk
14984,170.0,1,30.0,170.0,1,1.0,High Risk
14985,120.0,2,4625.0,935.0,1,0.95,High Risk
14986,96.0,2,4659.0,932.0,1,0.89,High Risk
14987,116.0,2,4625.0,905.0,1,0.96,High Risk
14988,96.0,2,4640.0,902.0,1,0.935,High Risk
14989,159.0,1,65.0,159.0,1,1.0,High Risk
14990,242.0,2,2745.0,648.0,1,0.765,High Risk
14991,201.0,2,5847.0,896.0,1,0.89,High Risk
14992,235.0,2,2846.0,662.0,1,0.575,Medium Risk
14993,230.0,2,2722.0,650.0,1,0.78,High Risk
14994,117.0,2,4648.0,886.0,1,0.77,High Risk
14995,114.0,2,4626.0,907.0,1,0.975,High Risk
14996,581.0,1,2443.0,581.0,1,1.0,High Risk
14997,92.0,2,4599.0,884.0,1,0.915,High Risk
14998,94.0,2,4624.0,873.0,1,0.64,Medium Risk
14999,87.0,2,4650.0,867.0,0,0.01,Low Risk
15000,582.0,1,2182.0,582.0,1,1.0,High Risk
15001,241.0,1,32.0,241.0,1,1.0,High Risk
15002,82.0,2,4673.0,858.0,0,0.025,Low Risk
15003,86.0,2,4699.0,853.0,0,0.04,Low Risk
15004,85.0,2,4648.0,871.0,0,0.04,Low Risk
15005,86.0,2,4699.0,870.0,0,0.015,Low Risk
15006,61.0,2,4624.0,867.0,0,0.08,Low Risk
15007,64.0,1,25.0,64.0,0,0.0,Low Risk
15008,235.0,1,25.0,235.0,1,1.0,High Risk
15009,8.0,1,49.0,8.0,0,0.0,Low Risk
15010,31.0,1,40.0,31.0,0,0.0,Low Risk
15011,332.0,1,25.0,332.0,1,1.0,High Risk
15012,183.0,2,5768.0,876.0,1,0.96,High Risk
15013,207.0,2,5794.0,843.0,1,0.98,High Risk
15014,560.0,1,2443.0,560.0,1,1.0,High Risk
15015,77.0,2,4714.0,837.0,0,0.455,Medium Risk
15016,91.0,2,4615.0,847.0,1,0.6,Medium Risk
15017,78.0,2,4683.0,834.0,0,0.035,Low Risk
15018,359.0,1,89.0,359.0,1,1.0,High Risk
15019,206.0,2,5869.0,828.0,1,1.0,High Risk
15020,143.0,2,1957.0,756.0,1,0.985,High Risk
15021,104.0,2,1932.0,751.0,1,0.98,High Risk
15022,100.0,2,1917.0,736.0,1,0.87,High Risk
15023,118.0,2,1938.0,732.0,1,0.97,High Risk
15024,124.0,2,1917.0,752.0,1,0.9,High Risk
15025,114.0,2,1952.0,720.0,1,0.95,High Risk
15026,98.0,2,1917.0,700.0,1,0.75,High Risk
15027,327.0,1,5.0,327.0,1,1.0,High Risk
15028,92.0,2,1938.0,701.0,1,0.96,High Risk
15029,97.0,2,1938.0,700.0,1,0.95,High Risk
15030,99.0,2,1930.0,705.0,1,0.965,High Risk
15031,227.0,1,21.0,227.0,1,1.0,High Risk
15032,3.0,1,23.0,3.0,0,0.0,Low Risk
15033,357.0,1,7.0,357.0,1,1.0,High Risk
15034,120.0,2,1903.0,722.0,1,0.9,High Risk
15035,153.0,1,21.0,153.0,1,1.0,High Risk
15036,193.0,1,89.0,193.0,1,1.0,High Risk
15037,85.0,1,89.0,85.0,0,0.0,Low Risk
15038,341.0,1,39.0,341.0,1,1.0,High Risk
15039,152.0,1,2503.0,152.0,1,0.99,High Risk
15040,84.0,1,27.0,84.0,0,0.0,Low Risk
15041,204.0,2,3018.0,562.0,1,1.0,High Risk
15042,194.0,2,5861.0,851.0,1,1.0,High Risk
15043,183.0,2,5759.0,841.0,1,0.985,High Risk
15044,91.0,1,191.0,91.0,1,0.995,High Risk
15045,283.0,1,87.0,283.0,1,1.0,High Risk
15046,121.0,1,27.0,121.0,1,1.0,High Risk
15047,116.0,1,94.0,116.0,1,1.0,High Risk
15048,253.0,1,65.0,253.0,1,1.0,High Risk
15049,187.0,1,191.0,187.0,1,1.0,High Risk
15050,575.0,1,2182.0,575.0,1,1.0,High Risk
15051,72.0,2,4625.0,849.0,0,0.055,Low Risk
15052,34.0,1,5.0,34.0,0,0.0,Low Risk
15053,254.0,1,25.0,254.0,1,1.0,High Risk
15054,315.0,1,27.0,315.0,1,1.0,High Risk
15055,303.0,1,25.0,303.0,1,1.0,High Risk
15056,204.0,2,5784.0,831.0,1,1.0,High Risk
15057,202.0,2,5838.0,816.0,1,0.965,High Risk
15058,189.0,2,5927.0,799.0,1,0.875,High Risk
15059,197.0,2,5838.0,799.0,1,0.965,High Risk
15060,259.0,1,119.0,259.0,1,1.0,High Risk
15061,201.0,2,5794.0,800.0,1,0.975,High Risk
15062,203.0,2,5838.0,810.0,1,0.94,High Risk
15063,255.0,1,49.0,255.0,1,1.0,High Risk
15064,91.0,1,30.0,91.0,1,1.0,High Risk
15065,214.0,1,49.0,214.0,1,1.0,High Risk
15066,103.0,1,49.0,103.0,1,1.0,High Risk
15067,194.0,2,5832.0,798.0,1,0.955,High Risk
15068,71.0,1,65.0,71.0,0,0.0,Low Risk
15069,85.0,1,25.0,85.0,0,0.0,Low Risk
15070,329.0,1,51.0,329.0,1,1.0,High Risk
15071,185.0,2,5768.0,800.0,1,0.945,High Risk
15072,281.0,1,89.0,281.0,1,0.995,High Risk
15073,51.0,1,25.0,51.0,0,0.0,Low Risk
15074,62.0,1,60.0,62.0,0,0.0,Low Risk
15075,156.0,1,7.0,156.0,1,1.0,High Risk
15076,203.0,2,5768.0,802.0,1,0.835,High Risk
15077,221.0,1,77.0,221.0,1,1.0,High Risk
15078,65.0,1,7.0,65.0,0,0.0,Low Risk
15079,338.0,1,65.0,338.0,1,1.0,High Risk
15080,198.0,1,65.0,198.0,1,1.0,High Risk
15081,233.0,1,25.0,233.0,1,1.0,High Risk
15082,322.0,1,65.0,322.0,1,1.0,High Risk
15083,165.0,2,5768.0,817.0,1,0.955,High Risk
15084,154.0,2,5794.0,793.0,1,0.98,High Risk
15085,167.0,2,5768.0,792.0,1,0.9,High Risk
15086,225.0,1,64.0,225.0,1,1.0,High Risk
15087,99.0,1,150.0,99.0,1,1.0,High Risk
15088,109.0,1,65.0,109.0,1,1.0,High Risk
15089,137.0,1,49.0,137.0,1,1.0,High Risk
15090,160.0,2,5798.0,810.0,1,0.945,High Risk
15091,158.0,2,5819.0,818.0,1,0.925,High Risk
15092,181.0,2,5828.0,809.0,1,0.87,High Risk
15093,44.0,1,65.0,44.0,0,0.0,Low Risk
15094,69.0,2,4658.0,799.0,0,0.285,Low Risk
15095,87.0,2,4648.0,818.0,0,0.01,Low Risk
15096,169.0,1,15.0,169.0,1,1.0,High Risk
15097,167.0,2,5843.0,768.0,1,0.85,High Risk
15098,159.0,2,5773.0,769.0,1,0.88,High Risk
15099,171.0,2,5793.0,762.0,1,0.835,High Risk
15100,257.0,1,40.0,257.0,1,1.0,High Risk
15101,13.0,1,7.0,13.0,0,0.0,Low Risk
15102,204.0,1,25.0,204.0,1,1.0,High Risk
15103,303.0,1,147.0,303.0,1,0.995,High Risk
15104,21.0,1,32.0,21.0,0,0.0,Low Risk
15105,160.0,1,115.0,160.0,1,1.0,High Risk
15106,230.0,1,40.0,230.0,1,1.0,High Risk
15107,178.0,2,5768.0,771.0,1,0.7,High Risk
15108,161.0,2,5800.0,786.0,1,0.855,High Risk
15109,23.0,1,32.0,23.0,0,0.0,Low Risk
15110,98.0,1,65.0,98.0,1,1.0,High Risk
15111,172.0,2,5759.0,779.0,1,0.765,High Risk
15112,159.0,2,5794.0,772.0,1,0.89,High Risk
15113,169.0,2,5794.0,782.0,1,0.845,High Risk
15114,192.0,2,2731.0,542.0,1,0.93,High Risk
15115,175.0,2,5853.0,778.0,1,0.955,High Risk
15116,195.0,2,3052.0,517.0,1,1.0,High Risk
15117,155.0,2,5794.0,773.0,1,0.95,High Risk
15118,250.0,1,32.0,250.0,1,1.0,High Risk
15119,224.0,1,35.0,224.0,1,1.0,High Risk
15120,44.0,1,65.0,44.0,0,0.0,Low Risk
15121,61.0,2,3335.0,735.0,0,0.035,Low Risk
15122,67.0,2,3300.0,745.0,0,0.21,Low Risk
15123,40.0,1,65.0,40.0,0,0.0,Low Risk
15124,352.0,1,65.0,352.0,1,0.995,High Risk
15125,231.0,1,65.0,231.0,1,1.0,High Risk
15126,239.0,1,30.0,239.0,1,1.0,High Risk
15127,48.0,1,29.0,48.0,0,0.0,Low Risk
15128,753.0,1,2049.0,753.0,1,1.0,High Risk
15129,205.0,1,69.0,205.0,1,1.0,High Risk
15130,43.0,1,21.0,43.0,0,0.0,Low Risk
15131,311.0,1,21.0,311.0,1,1.0,High Risk
15132,141.0,2,1952.0,722.0,1,0.94,High Risk
15133,362.0,1,40.0,362.0,1,1.0,High Risk
15134,100.0,2,1938.0,720.0,1,0.955,High Risk
15135,104.0,2,1926.0,727.0,1,0.895,High Risk
15136,121.0,2,1967.0,680.0,1,0.95,High Risk
15137,171.0,1,40.0,171.0,1,1.0,High Risk
15138,144.0,1,70.0,144.0,1,1.0,High Risk
15139,97.0,2,1957.0,670.0,1,0.705,High Risk
15140,332.0,1,34.0,332.0,1,1.0,High Risk
15141,102.0,2,1917.0,677.0,1,0.76,High Risk
15142,355.0,1,79.0,355.0,1,1.0,High Risk
15143,138.0,2,1952.0,674.0,1,0.94,High Risk
15144,208.0,1,124.0,208.0,1,1.0,High Risk
15145,268.0,1,27.0,268.0,1,1.0,High Risk
15146,205.0,1,79.0,205.0,1,1.0,High Risk
15147,47.0,1,70.0,47.0,0,0.0,Low Risk
15148,37.0,1,79.0,37.0,0,0.0,Low Risk
15149,78.0,2,1917.0,688.0,0,0.17,Low Risk
15150,116.0,1,79.0,116.0,1,1.0,High Risk
15151,61.0,2,1992.0,675.0,0,0.66,Medium Risk
15152,217.0,1,70.0,217.0,1,1.0,High Risk
15153,82.0,2,1938.0,698.0,0,0.925,High Risk
15154,149.0,2,1957.0,690.0,1,0.89,High Risk
15155,129.0,2,1938.0,680.0,1,0.95,High Risk
15156,125.0,1,129.0,125.0,1,1.0,High Risk
15157,164.0,1,79.0,164.0,1,1.0,High Risk
15158,123.0,1,70.0,123.0,1,1.0,High Risk
15159,271.0,1,94.0,271.0,1,1.0,High Risk
15160,136.0,1,70.0,136.0,1,1.0,High Risk
15161,69.0,2,1938.0,657.0,0,0.125,Low Risk
15162,146.0,2,1903.0,658.0,1,0.905,High Risk
15163,152.0,2,1903.0,663.0,1,0.905,High Risk
15164,310.0,1,124.0,310.0,1,1.0,High Risk
15165,207.0,1,70.0,207.0,1,1.0,High Risk
15166,89.0,2,1957.0,669.0,0,0.505,Medium Risk
15167,35.0,1,129.0,35.0,0,0.0,Low Risk
15168,152.0,2,1903.0,641.0,1,0.985,High Risk
15169,71.0,1,31.0,71.0,0,0.0,Low Risk
15170,70.0,1,36.0,70.0,0,0.0,Low Risk
15171,23.0,1,29.0,23.0,0,0.0,Low Risk
15172,237.0,1,27.0,237.0,1,1.0,High Risk
15173,4.0,1,27.0,4.0,0,0.0,Low Risk
15174,273.0,1,5.0,273.0,1,1.0,High Risk
15175,751.0,1,2071.0,751.0,1,1.0,High Risk
15176,317.0,1,89.0,317.0,1,1.0,High Risk
15177,118.0,1,5.0,118.0,1,1.0,High Risk
15178,143.0,1,29.0,143.0,1,1.0,High Risk
15179,108.0,1,102.0,108.0,1,1.0,High Risk
15180,308.0,1,39.0,308.0,1,1.0,High Risk
15181,136.0,1,5.0,136.0,1,1.0,High Risk
15182,292.0,1,32.0,292.0,1,1.0,High Risk
15183,89.0,1,6.0,89.0,0,0.0,Low Risk
15184,735.0,1,2071.0,735.0,1,1.0,High Risk
15185,296.0,1,36.0,296.0,1,1.0,High Risk
15186,240.0,1,68.0,240.0,1,1.0,High Risk
15187,69.0,1,39.0,69.0,0,0.0,Low Risk
15188,130.0,2,1932.0,658.0,1,0.755,High Risk
15189,131.0,2,1938.0,644.0,1,0.63,Medium Risk
15190,119.0,2,1926.0,639.0,1,0.845,High Risk
15191,105.0,2,1932.0,651.0,1,0.82,High Risk
15192,106.0,2,1938.0,640.0,1,0.645,Medium Risk
15193,98.0,2,1903.0,642.0,1,0.965,High Risk
15194,26.0,1,35.0,26.0,0,0.0,Low Risk
15195,53.0,1,67.0,53.0,0,0.0,Low Risk
15196,360.0,1,27.0,360.0,1,1.0,High Risk
15197,159.0,1,30.0,159.0,1,1.0,High Risk
15198,18.0,1,65.0,18.0,0,0.0,Low Risk
15199,148.0,1,27.0,148.0,1,1.0,High Risk
15200,362.0,1,25.0,362.0,1,0.99,High Risk
15201,208.0,2,2757.0,489.0,1,0.975,High Risk
15202,174.0,2,4498.0,749.0,1,0.735,High Risk
15203,203.0,2,2749.0,509.0,1,0.565,Medium Risk
15204,99.0,1,189.0,99.0,1,1.0,High Risk
15205,70.0,2,1967.0,658.0,0,0.385,Low Risk
15206,60.0,1,2451.0,60.0,0,0.0,Low Risk
15207,36.0,1,2478.0,36.0,0,0.0,Low Risk
15208,36.0,1,2443.0,36.0,0,0.0,Low Risk
15209,217.0,1,49.0,217.0,1,1.0,High Risk
15210,141.0,1,2384.0,141.0,1,0.995,High Risk
15211,301.0,1,554.0,301.0,1,1.0,High Risk
15212,293.0,1,565.0,293.0,1,1.0,High Risk
15213,115.0,1,23.0,115.0,1,1.0,High Risk
15214,76.0,1,63.0,76.0,0,0.0,Low Risk
15215,245.0,1,554.0,245.0,1,1.0,High Risk
15216,33.0,1,14.0,33.0,0,0.0,Low Risk
15217,197.0,1,93.0,197.0,1,1.0,High Risk
15218,64.0,1,39.0,64.0,0,0.0,Low Risk
15219,291.0,1,6.0,291.0,1,1.0,High Risk
15220,256.0,1,570.0,256.0,1,1.0,High Risk
15221,252.0,1,540.0,252.0,1,1.0,High Risk
15222,142.0,1,2419.0,142.0,1,1.0,High Risk
15223,304.0,1,561.0,304.0,1,1.0,High Risk
15224,125.0,1,2407.0,125.0,1,1.0,High Risk
15225,330.0,1,777.0,330.0,1,1.0,High Risk
15226,332.0,1,742.0,332.0,1,1.0,High Risk
15227,203.0,1,5.0,203.0,1,1.0,High Risk
15228,92.0,1,1710.0,92.0,1,1.0,High Risk
15229,106.0,1,1701.0,106.0,1,1.0,High Risk
15230,94.0,1,2419.0,94.0,1,0.995,High Risk
15231,111.0,1,2398.0,111.0,1,1.0,High Risk
15232,74.0,1,1765.0,74.0,0,0.0,Low Risk
15233,280.0,1,5.0,280.0,1,1.0,High Risk
15234,358.0,1,49.0,358.0,1,1.0,High Risk
15235,84.0,2,3293.0,748.0,0,0.1,Low Risk
15236,475.0,1,2182.0,475.0,1,1.0,High Risk
15237,12.0,1,60.0,12.0,0,0.0,Low Risk
15238,340.0,1,27.0,340.0,1,1.0,High Risk
15239,81.0,2,3299.0,751.0,0,0.01,Low Risk
15240,80.0,1,52.0,80.0,0,0.0,Low Risk
15241,276.0,1,30.0,276.0,1,1.0,High Risk
15242,83.0,2,3320.0,737.0,0,0.05,Low Risk
15243,282.0,1,68.0,282.0,1,1.0,High Risk
15244,52.0,1,27.0,52.0,0,0.0,Low Risk
15245,152.0,1,49.0,152.0,1,1.0,High Risk
15246,171.0,2,4490.0,732.0,1,0.86,High Risk
15247,116.0,1,27.0,116.0,1,1.0,High Risk
15248,162.0,2,4468.0,748.0,1,0.75,High Risk
15249,206.0,1,69.0,206.0,1,1.0,High Risk
15250,750.0,1,2071.0,750.0,1,1.0,High Risk
15251,348.0,1,156.0,348.0,1,1.0,High Risk
15252,47.0,1,69.0,47.0,0,0.0,Low Risk
15253,69.0,2,3300.0,753.0,0,0.045,Low Risk
15254,231.0,1,34.0,231.0,1,1.0,High Risk
15255,198.0,1,34.0,198.0,1,1.0,High Risk
15256,115.0,1,36.0,115.0,1,1.0,High Risk
15257,111.0,1,93.0,111.0,1,1.0,High Risk
15258,147.0,1,83.0,147.0,1,1.0,High Risk
15259,114.0,1,36.0,114.0,1,1.0,High Risk
15260,302.0,1,69.0,302.0,1,1.0,High Risk
15261,253.0,1,93.0,253.0,1,1.0,High Risk
15262,283.0,1,195.0,283.0,1,1.0,High Risk
15263,225.0,1,69.0,225.0,1,1.0,High Risk
15264,318.0,1,29.0,318.0,1,1.0,High Risk
15265,313.0,1,31.0,313.0,1,1.0,High Risk
15266,88.0,1,36.0,88.0,0,0.0,Low Risk
15267,250.0,1,93.0,250.0,1,1.0,High Risk
15268,100.0,1,21.0,100.0,1,1.0,High Risk
15269,269.0,1,60.0,269.0,1,1.0,High Risk
15270,158.0,1,14.0,158.0,1,1.0,High Risk
15271,187.0,1,5.0,187.0,1,1.0,High Risk
15272,190.0,1,23.0,190.0,1,1.0,High Risk
15273,356.0,1,60.0,356.0,1,1.0,High Risk
15274,212.0,1,60.0,212.0,1,1.0,High Risk
15275,249.0,1,21.0,249.0,1,1.0,High Risk
15276,202.0,1,27.0,202.0,1,1.0,High Risk
15277,71.0,2,3362.0,732.0,0,0.255,Low Risk
15278,59.0,2,3321.0,715.0,0,0.0,Low Risk
15279,359.0,1,30.0,359.0,1,1.0,High Risk
15280,430.0,1,2182.0,430.0,1,1.0,High Risk
15281,40.0,2,3299.0,719.0,0,0.01,Low Risk
15282,44.0,2,3335.0,718.0,0,0.01,Low Risk
15283,40.0,1,124.0,40.0,0,0.0,Low Risk
15284,42.0,2,3371.0,727.0,0,0.045,Low Risk
15285,115.0,1,27.0,115.0,1,1.0,High Risk
15286,51.0,2,3309.0,715.0,0,0.005,Low Risk
15287,42.0,2,3308.0,716.0,0,0.015,Low Risk
15288,257.0,1,35.0,257.0,1,1.0,High Risk
15289,15.0,1,27.0,15.0,0,0.0,Low Risk
15290,217.0,1,30.0,217.0,1,1.0,High Risk
15291,45.0,2,3295.0,722.0,0,0.105,Low Risk
15292,323.0,1,35.0,323.0,1,1.0,High Risk
15293,176.0,2,4456.0,705.0,1,0.935,High Risk
15294,155.0,2,4455.0,730.0,1,0.655,Medium Risk
15295,454.0,1,2443.0,454.0,1,1.0,High Risk
15296,56.0,2,3299.0,712.0,0,0.015,Low Risk
15297,35.0,2,3355.0,723.0,0,0.025,Low Risk
15298,38.0,2,3287.0,706.0,0,0.04,Low Risk
15299,52.0,2,3340.0,717.0,0,0.005,Low Risk
15300,47.0,2,3397.0,713.0,0,0.065,Low Risk
15301,55.0,2,3299.0,719.0,0,0.01,Low Risk
15302,167.0,2,4484.0,714.0,1,0.865,High Risk
15303,44.0,2,3357.0,729.0,0,0.035,Low Risk
15304,31.0,2,3321.0,704.0,0,0.05,Low Risk
15305,40.0,2,3264.0,700.0,0,0.105,Low Risk
15306,43.0,2,3273.0,709.0,0,0.15,Low Risk
15307,367.0,2,2800.0,679.0,1,0.925,High Risk
15308,381.0,2,2848.0,691.0,1,0.945,High Risk
15309,370.0,2,2867.0,690.0,1,0.94,High Risk
15310,373.0,2,2800.0,690.0,1,0.925,High Risk
15311,456.0,1,2182.0,456.0,1,1.0,High Risk
15312,377.0,2,2822.0,674.0,1,0.935,High Risk
15313,387.0,2,2881.0,680.0,1,0.97,High Risk
15314,164.0,2,4487.0,680.0,1,0.995,High Risk
15315,258.0,1,89.0,258.0,1,1.0,High Risk
15316,341.0,2,2825.0,682.0,1,0.9,High Risk
15317,712.0,1,1000.0,712.0,1,1.0,High Risk
15318,348.0,2,2862.0,672.0,1,0.94,High Risk
15319,165.0,1,14.0,165.0,1,1.0,High Risk
15320,160.0,2,4456.0,673.0,1,0.965,High Risk
15321,154.0,2,4464.0,699.0,1,0.975,High Risk
15322,206.0,2,1554.0,650.0,1,0.53,Medium Risk
15323,335.0,2,2912.0,677.0,1,0.935,High Risk
15324,73.0,1,27.0,73.0,0,0.0,Low Risk
15325,162.0,2,4464.0,691.0,1,0.985,High Risk
15326,157.0,2,4478.0,674.0,1,0.95,High Risk
15327,153.0,2,4442.0,687.0,1,0.865,High Risk
15328,167.0,2,4433.0,679.0,1,0.815,High Risk
15329,176.0,2,4518.0,653.0,1,0.865,High Risk
15330,318.0,2,2860.0,664.0,1,0.875,High Risk
15331,327.0,2,2821.0,665.0,1,0.825,High Risk
15332,295.0,2,2800.0,652.0,1,0.83,High Risk
15333,165.0,1,49.0,165.0,1,1.0,High Risk
15334,267.0,1,32.0,267.0,1,1.0,High Risk
15335,122.0,1,27.0,122.0,1,1.0,High Risk
15336,291.0,1,89.0,291.0,1,0.995,High Risk
15337,11.0,1,27.0,11.0,0,0.0,Low Risk
15338,278.0,1,30.0,278.0,1,1.0,High Risk
15339,153.0,2,4468.0,657.0,1,0.685,Medium Risk
15340,178.0,2,4455.0,651.0,1,0.96,High Risk
15341,340.0,1,65.0,340.0,1,1.0,High Risk
15342,229.0,1,25.0,229.0,1,1.0,High Risk
15343,177.0,2,4489.0,652.0,1,0.945,High Risk
15344,283.0,2,2800.0,664.0,1,0.87,High Risk
15345,289.0,2,2791.0,648.0,1,0.705,High Risk
15346,173.0,1,49.0,173.0,1,1.0,High Risk
15347,219.0,1,65.0,219.0,1,1.0,High Risk
15348,98.0,1,25.0,98.0,1,1.0,High Risk
15349,354.0,1,90.0,354.0,1,1.0,High Risk
15350,301.0,1,27.0,301.0,1,1.0,High Risk
15351,246.0,1,5.0,246.0,1,1.0,High Risk
15352,292.0,2,2800.0,645.0,1,0.625,Medium Risk
15353,119.0,1,1764.0,119.0,1,1.0,High Risk
15354,85.0,1,1774.0,85.0,0,0.0,Low Risk
15355,65.0,1,1751.0,65.0,0,0.0,Low Risk
15356,55.0,1,63.0,55.0,0,0.0,Low Risk
15357,250.0,1,575.0,250.0,1,1.0,High Risk
15358,275.0,1,777.0,275.0,1,1.0,High Risk
15359,258.0,1,23.0,258.0,1,1.0,High Risk
15360,253.0,1,600.0,253.0,1,1.0,High Risk
15361,253.0,1,540.0,253.0,1,1.0,High Risk
15362,1.0,1,54.0,1.0,0,0.0,Low Risk
15363,104.0,1,2420.0,104.0,1,0.995,High Risk
15364,71.0,1,1745.0,71.0,0,0.0,Low Risk
15365,172.0,1,39.0,172.0,1,1.0,High Risk
15366,334.0,1,63.0,334.0,1,1.0,High Risk
15367,84.0,1,49.0,84.0,0,0.0,Low Risk
15368,219.0,1,78.0,219.0,1,1.0,High Risk
15369,111.0,1,54.0,111.0,1,1.0,High Risk
15370,2.0,1,54.0,2.0,0,0.0,Low Risk
15371,158.0,1,23.0,158.0,1,1.0,High Risk
15372,4.0,1,34.0,4.0,0,0.0,Low Risk
15373,260.0,1,549.0,260.0,1,1.0,High Risk
15374,173.0,2,1565.0,648.0,1,0.095,Low Risk
15375,8.0,1,124.0,8.0,0,0.0,Low Risk
15376,70.0,2,1971.0,664.0,0,0.095,Low Risk
15377,102.0,1,122.0,102.0,1,1.0,High Risk
15378,58.0,1,40.0,58.0,0,0.0,Low Risk
15379,99.0,1,60.0,99.0,1,1.0,High Risk
15380,195.0,1,1784.0,195.0,1,1.0,High Risk
15381,183.0,1,34.0,183.0,1,1.0,High Risk
15382,373.0,1,2521.0,373.0,1,1.0,High Risk
15383,367.0,1,2443.0,367.0,1,1.0,High Risk
15384,177.0,1,34.0,177.0,1,1.0,High Risk
15385,135.0,1,34.0,135.0,1,1.0,High Risk
15386,64.0,1,23.0,64.0,0,0.0,Low Risk
15387,158.0,1,1775.0,158.0,1,1.0,High Risk
15388,71.0,1,5.0,71.0,0,0.0,Low Risk
15389,51.0,1,2355.0,51.0,0,0.0,Low Risk
15390,276.0,1,36.0,276.0,1,1.0,High Risk
15391,177.0,1,1726.0,177.0,1,1.0,High Risk
15392,246.0,1,69.0,246.0,1,1.0,High Risk
15393,294.0,1,60.0,294.0,1,1.0,High Risk
15394,229.0,1,21.0,229.0,1,1.0,High Risk
15395,113.0,1,34.0,113.0,1,1.0,High Risk
15396,351.0,1,25.0,351.0,1,1.0,High Risk
15397,12.0,1,119.0,12.0,0,0.0,Low Risk
15398,81.0,1,40.0,81.0,0,0.0,Low Risk
15399,151.0,1,1759.0,151.0,1,1.0,High Risk
15400,335.0,1,2544.0,335.0,1,1.0,High Risk
15401,327.0,1,133.0,327.0,1,1.0,High Risk
15402,350.0,1,39.0,350.0,1,1.0,High Risk
15403,225.0,1,29.0,225.0,1,1.0,High Risk
15404,144.0,1,42.0,144.0,1,1.0,High Risk
15405,37.0,1,1775.0,37.0,0,0.0,Low Risk
15406,138.0,1,36.0,138.0,1,1.0,High Risk
15407,42.0,1,2334.0,42.0,0,0.0,Low Risk
15408,332.0,1,126.0,332.0,1,1.0,High Risk
15409,153.0,1,39.0,153.0,1,1.0,High Risk
15410,320.0,1,68.0,320.0,1,1.0,High Risk
15411,201.0,1,29.0,201.0,1,1.0,High Risk
15412,333.0,1,59.0,333.0,1,1.0,High Risk
15413,98.0,1,56.0,98.0,1,1.0,High Risk
15414,98.0,1,58.0,98.0,1,1.0,High Risk
15415,356.0,1,58.0,356.0,1,1.0,High Risk
15416,9.0,1,69.0,9.0,0,0.0,Low Risk
15417,203.0,1,89.0,203.0,1,1.0,High Risk
15418,239.0,1,6.0,239.0,1,1.0,High Risk
15419,205.0,1,36.0,205.0,1,1.0,High Risk
15420,218.0,1,34.0,218.0,1,1.0,High Risk
15421,355.0,1,2443.0,355.0,1,1.0,High Risk
15422,97.0,1,60.0,97.0,1,1.0,High Risk
15423,69.0,2,1981.0,621.0,0,0.06,Low Risk
15424,80.0,2,2002.0,615.0,0,0.085,Low Risk
15425,331.0,1,79.0,331.0,1,1.0,High Risk
15426,151.0,1,70.0,151.0,1,1.0,High Risk
15427,54.0,1,70.0,54.0,0,0.0,Low Risk
15428,69.0,1,124.0,69.0,0,0.0,Low Risk
15429,134.0,1,70.0,134.0,1,1.0,High Risk
15430,88.0,2,1938.0,610.0,0,0.3,Low Risk
15431,128.0,1,70.0,128.0,1,1.0,High Risk
15432,44.0,1,23.0,44.0,0,0.0,Low Risk
15433,277.0,1,124.0,277.0,1,1.0,High Risk
15434,91.0,2,1903.0,628.0,1,0.625,Medium Risk
15435,221.0,1,70.0,221.0,1,1.0,High Risk
15436,65.0,2,1957.0,612.0,0,0.015,Low Risk
15437,78.0,2,1957.0,633.0,0,0.02,Low Risk
15438,61.0,2,1953.0,612.0,0,0.045,Low Risk
15439,83.0,2,1938.0,627.0,0,0.09,Low Risk
15440,90.0,2,1938.0,634.0,0,0.065,Low Risk
15441,69.0,2,1957.0,621.0,0,0.015,Low Risk
15442,37.0,1,79.0,37.0,0,0.0,Low Risk
15443,89.0,2,1919.0,634.0,0,0.035,Low Risk
15444,72.0,2,1938.0,622.0,0,0.005,Low Risk
15445,89.0,2,1938.0,616.0,0,0.0,Low Risk
15446,64.0,2,1938.0,619.0,0,0.0,Low Risk
15447,4.0,1,79.0,4.0,0,0.0,Low Risk
15448,33.0,2,1938.0,602.0,0,0.675,Medium Risk
15449,155.0,1,21.0,155.0,1,1.0,High Risk
15450,307.0,1,5.0,307.0,1,1.0,High Risk
15451,105.0,1,30.0,105.0,1,1.0,High Risk
15452,197.0,1,27.0,197.0,1,1.0,High Risk
15453,292.0,1,60.0,292.0,1,1.0,High Risk
15454,112.0,1,54.0,112.0,1,1.0,High Risk
15455,185.0,1,27.0,185.0,1,1.0,High Risk
15456,245.0,1,30.0,245.0,1,1.0,High Risk
15457,69.0,1,40.0,69.0,0,0.0,Low Risk
15458,323.0,1,89.0,323.0,1,1.0,High Risk
15459,235.0,1,32.0,235.0,1,1.0,High Risk
15460,155.0,1,65.0,155.0,1,1.0,High Risk
15461,12.0,1,25.0,12.0,0,0.0,Low Risk
15462,28.0,1,59.0,28.0,0,0.0,Low Risk
15463,135.0,1,27.0,135.0,1,1.0,High Risk
15464,124.0,1,27.0,124.0,1,1.0,High Risk
15465,92.0,1,60.0,92.0,1,1.0,High Risk
15466,320.0,1,27.0,320.0,1,1.0,High Risk
15467,239.0,1,25.0,239.0,1,1.0,High Risk
15468,58.0,1,32.0,58.0,0,0.0,Low Risk
15469,354.0,1,27.0,354.0,1,1.0,High Risk
15470,329.0,1,65.0,329.0,1,1.0,High Risk
15471,319.0,1,35.0,319.0,1,1.0,High Risk
15472,153.0,1,25.0,153.0,1,1.0,High Risk
15473,314.0,1,115.0,314.0,1,1.0,High Risk
15474,176.0,1,89.0,176.0,1,1.0,High Risk
15475,187.0,1,14.0,187.0,1,1.0,High Risk
15476,225.0,1,30.0,225.0,1,1.0,High Risk
15477,174.0,1,30.0,174.0,1,1.0,High Risk
15478,112.0,1,49.0,112.0,1,1.0,High Risk
15479,195.0,1,49.0,195.0,1,1.0,High Risk
15480,113.0,1,32.0,113.0,1,1.0,High Risk
15481,349.0,1,23.0,349.0,1,1.0,High Risk
15482,649.0,1,2071.0,649.0,1,1.0,High Risk
15483,618.0,1,1000.0,618.0,1,1.0,High Risk
15484,190.0,1,25.0,190.0,1,1.0,High Risk
15485,287.0,2,2813.0,640.0,1,0.865,High Risk
15486,287.0,2,2813.0,667.0,1,0.805,High Risk
15487,286.0,2,2800.0,644.0,1,0.62,Medium Risk
15488,176.0,2,4456.0,652.0,1,0.97,High Risk
15489,339.0,1,5.0,339.0,1,1.0,High Risk
15490,360.0,1,25.0,360.0,1,1.0,High Risk
15491,174.0,2,4468.0,654.0,1,0.925,High Risk
15492,159.0,2,4469.0,629.0,1,0.905,High Risk
15493,280.0,1,30.0,280.0,1,1.0,High Risk
15494,345.0,1,65.0,345.0,1,1.0,High Risk
15495,115.0,1,27.0,115.0,1,1.0,High Risk
15496,135.0,1,59.0,135.0,1,1.0,High Risk
15497,612.0,1,1000.0,612.0,1,1.0,High Risk
15498,120.0,1,65.0,120.0,1,1.0,High Risk
15499,224.0,1,89.0,224.0,1,1.0,High Risk
15500,271.0,2,2848.0,621.0,1,0.995,High Risk
15501,143.0,1,25.0,143.0,1,1.0,High Risk
15502,116.0,1,49.0,116.0,1,1.0,High Risk
15503,146.0,1,27.0,146.0,1,1.0,High Risk
15504,604.0,1,1000.0,604.0,1,1.0,High Risk
15505,593.0,1,1000.0,593.0,1,1.0,High Risk
15506,358.0,1,60.0,358.0,1,1.0,High Risk
15507,339.0,1,65.0,339.0,1,1.0,High Risk
15508,240.0,1,27.0,240.0,1,1.0,High Risk
15509,263.0,1,49.0,263.0,1,1.0,High Risk
15510,247.0,2,2800.0,619.0,1,0.995,High Risk
15511,244.0,2,2813.0,615.0,1,0.975,High Risk
15512,153.0,2,4464.0,617.0,1,0.98,High Risk
15513,601.0,1,1000.0,601.0,1,1.0,High Risk
15514,219.0,2,2848.0,636.0,1,0.985,High Risk
15515,225.0,1,30.0,225.0,1,1.0,High Risk
15516,160.0,1,89.0,160.0,1,1.0,High Risk
15517,199.0,1,32.0,199.0,1,1.0,High Risk
15518,313.0,1,25.0,313.0,1,1.0,High Risk
15519,109.0,1,32.0,109.0,1,1.0,High Risk
15520,155.0,1,30.0,155.0,1,1.0,High Risk
15521,239.0,2,2827.0,614.0,1,0.975,High Risk
15522,233.0,2,2821.0,631.0,1,0.925,High Risk
15523,175.0,1,25.0,175.0,1,1.0,High Risk
15524,102.0,1,49.0,102.0,1,1.0,High Risk
15525,40.0,1,27.0,40.0,0,0.0,Low Risk
15526,134.0,1,49.0,134.0,1,1.0,High Risk
15527,96.0,1,38.0,96.0,1,0.995,High Risk
15528,184.0,1,29.0,184.0,1,1.0,High Risk
15529,30.0,1,129.0,30.0,0,0.0,Low Risk
15530,171.0,2,1549.0,556.0,1,0.725,High Risk
15531,161.0,2,4468.0,615.0,1,0.915,High Risk
15532,250.0,1,27.0,250.0,1,1.0,High Risk
15533,143.0,2,4469.0,614.0,1,0.925,High Risk
15534,166.0,2,1629.0,517.0,1,0.61,Medium Risk
15535,151.0,2,4490.0,632.0,1,0.77,High Risk
15536,141.0,1,65.0,141.0,1,1.0,High Risk
15537,123.0,2,4514.0,628.0,1,0.72,High Risk
15538,127.0,2,4468.0,620.0,1,0.975,High Risk
15539,127.0,2,4464.0,619.0,1,0.97,High Risk
15540,139.0,2,4469.0,626.0,1,0.95,High Risk
15541,145.0,2,4468.0,609.0,1,0.98,High Risk
15542,254.0,1,25.0,254.0,1,1.0,High Risk
15543,290.0,1,27.0,290.0,1,1.0,High Risk
15544,347.0,1,14.0,347.0,1,0.995,High Risk
15545,265.0,1,21.0,265.0,1,1.0,High Risk
15546,238.0,2,2822.0,624.0,1,1.0,High Risk
15547,220.0,2,2847.0,637.0,1,0.985,High Risk
15548,56.0,2,1408.0,589.0,0,0.24,Low Risk
15549,40.0,2,1323.0,584.0,0,0.025,Low Risk
15550,54.0,2,1361.0,582.0,0,0.375,Low Risk
15551,178.0,1,94.0,178.0,1,1.0,High Risk
15552,349.0,1,29.0,349.0,1,1.0,High Risk
15553,221.0,1,48.0,221.0,1,1.0,High Risk
15554,45.0,1,69.0,45.0,0,0.0,Low Risk
15555,88.0,1,69.0,88.0,0,0.0,Low Risk
15556,166.0,1,27.0,166.0,1,1.0,High Risk
15557,255.0,1,36.0,255.0,1,1.0,High Risk
15558,262.0,1,44.0,262.0,1,1.0,High Risk
15559,203.0,1,6.0,203.0,1,1.0,High Risk
15560,258.0,1,39.0,258.0,1,1.0,High Risk
15561,58.0,2,1396.0,597.0,0,0.075,Low Risk
15562,44.0,2,1337.0,595.0,0,0.025,Low Risk
15563,105.0,2,1925.0,595.0,1,0.645,Medium Risk
15564,100.0,2,1957.0,578.0,1,0.21,Low Risk
15565,0.0,1,49.0,0.0,0,0.0,Low Risk
15566,28.0,1,23.0,28.0,0,0.0,Low Risk
15567,116.0,2,2016.0,599.0,1,0.885,High Risk
15568,58.0,2,1957.0,600.0,0,0.37,Low Risk
15569,35.0,2,1957.0,592.0,0,0.01,Low Risk
15570,47.0,2,1938.0,592.0,0,0.01,Low Risk
15571,46.0,2,1957.0,589.0,0,0.02,Low Risk
15572,53.0,2,1938.0,593.0,0,0.05,Low Risk
15573,454.0,1,1000.0,454.0,1,1.0,High Risk
15574,358.0,1,69.0,358.0,1,1.0,High Risk
15575,79.0,1,29.0,79.0,0,0.0,Low Risk
15576,226.0,2,2890.0,628.0,1,0.88,High Risk
15577,242.0,1,29.0,242.0,1,1.0,High Risk
15578,241.0,1,69.0,241.0,1,1.0,High Risk
15579,92.0,1,58.0,92.0,1,1.0,High Risk
15580,241.0,2,2840.0,615.0,1,0.95,High Risk
15581,25.0,1,69.0,25.0,0,0.0,Low Risk
15582,219.0,2,2822.0,616.0,1,0.995,High Risk
15583,433.0,1,1000.0,433.0,1,1.0,High Risk
15584,197.0,1,36.0,197.0,1,1.0,High Risk
15585,364.0,1,34.0,364.0,1,1.0,High Risk
15586,41.0,2,1903.0,607.0,0,0.785,High Risk
15587,196.0,1,29.0,196.0,1,1.0,High Risk
15588,39.0,2,1920.0,601.0,0,0.11,Low Risk
15589,48.0,2,1938.0,568.0,0,0.15,Low Risk
15590,55.0,2,1966.0,549.0,0,0.745,High Risk
15591,103.0,1,70.0,103.0,1,1.0,High Risk
15592,58.0,2,1957.0,559.0,0,0.05,Low Risk
15593,247.0,1,79.0,247.0,1,1.0,High Risk
15594,41.0,1,27.0,41.0,0,0.0,Low Risk
15595,235.0,1,30.0,235.0,1,1.0,High Risk
15596,23.0,1,25.0,23.0,0,0.0,Low Risk
15597,233.0,1,36.0,233.0,1,1.0,High Risk
15598,19.0,1,69.0,19.0,0,0.0,Low Risk
15599,358.0,1,34.0,358.0,1,1.0,High Risk
15600,351.0,1,29.0,351.0,1,1.0,High Risk
15601,219.0,2,2800.0,623.0,1,1.0,High Risk
15602,241.0,2,2862.0,620.0,1,0.99,High Risk
15603,150.0,2,4468.0,599.0,1,0.875,High Risk
15604,132.0,2,4487.0,599.0,1,0.78,High Risk
15605,134.0,2,4442.0,594.0,1,0.77,High Risk
15606,3.0,1,27.0,3.0,0,0.0,Low Risk
15607,216.0,2,2890.0,599.0,1,0.49,Medium Risk
15608,240.0,2,2813.0,585.0,1,0.815,High Risk
15609,219.0,2,2881.0,583.0,1,0.975,High Risk
15610,136.0,2,4509.0,590.0,1,0.84,High Risk
15611,152.0,2,4509.0,586.0,1,0.855,High Risk
15612,135.0,2,4490.0,601.0,1,0.79,High Risk
15613,100.0,1,58.0,100.0,1,1.0,High Risk
15614,9.0,1,139.0,9.0,0,0.0,Low Risk
15615,230.0,2,2791.0,591.0,1,0.97,High Risk
15616,447.0,1,1000.0,447.0,1,1.0,High Risk
15617,198.0,2,2800.0,590.0,1,0.815,High Risk
15618,197.0,2,2881.0,597.0,1,0.62,Medium Risk
15619,183.0,2,2826.0,604.0,1,0.885,High Risk
15620,164.0,2,2972.0,606.0,1,0.76,High Risk
15621,1097.0,1,699.0,1097.0,1,1.0,High Risk
15622,119.0,1,29.0,119.0,1,1.0,High Risk
15623,179.0,2,2820.0,595.0,1,0.775,High Risk
15624,174.0,2,2841.0,587.0,1,0.65,Medium Risk
15625,156.0,2,2826.0,581.0,1,0.965,High Risk
15626,167.0,2,2827.0,586.0,1,0.795,High Risk
15627,126.0,2,2891.0,602.0,1,0.695,Medium Risk
15628,137.0,2,2791.0,583.0,1,0.99,High Risk
15629,261.0,1,36.0,261.0,1,1.0,High Risk
15630,1077.0,1,699.0,1077.0,1,1.0,High Risk
15631,1013.0,1,699.0,1013.0,1,0.995,High Risk
15632,130.0,2,2813.0,598.0,1,0.54,Medium Risk
15633,132.0,2,2848.0,592.0,1,0.82,High Risk
15634,94.0,2,2883.0,606.0,1,0.85,High Risk
15635,71.0,2,2896.0,607.0,0,0.135,Low Risk
15636,88.0,2,2840.0,598.0,0,0.16,Low Risk
15637,186.0,1,36.0,186.0,1,1.0,High Risk
15638,26.0,1,58.0,26.0,0,0.0,Low Risk
15639,148.0,2,4518.0,597.0,1,0.64,Medium Risk
15640,177.0,1,49.0,177.0,1,1.0,High Risk
15641,165.0,2,1288.0,1006.0,1,0.975,High Risk
15642,130.0,2,4464.0,602.0,1,0.855,High Risk
15643,152.0,2,4490.0,601.0,1,0.79,High Risk
15644,977.0,1,699.0,977.0,1,1.0,High Risk
15645,42.0,2,2805.0,590.0,0,0.41,Medium Risk
15646,51.0,2,2800.0,604.0,0,0.92,High Risk
15647,47.0,2,2972.0,590.0,0,0.13,Low Risk
15648,54.0,2,2890.0,581.0,0,0.97,High Risk
15649,84.0,1,27.0,84.0,0,0.0,Low Risk
15650,122.0,2,4433.0,608.0,1,0.745,High Risk
15651,128.0,2,4455.0,591.0,1,0.955,High Risk
15652,57.0,2,1957.0,555.0,0,0.525,Medium Risk
15653,43.0,2,1938.0,570.0,0,0.03,Low Risk
15654,58.0,2,1938.0,565.0,0,0.09,Low Risk
15655,378.0,2,1346.0,549.0,1,0.835,High Risk
15656,387.0,2,1323.0,555.0,1,0.84,High Risk
15657,372.0,2,1346.0,556.0,1,0.84,High Risk
15658,378.0,2,1358.0,568.0,1,0.82,High Risk
15659,382.0,2,1391.0,563.0,1,0.77,High Risk
15660,17.0,1,70.0,17.0,0,0.0,Low Risk
15661,121.0,2,1957.0,552.0,1,0.63,Medium Risk
15662,101.0,2,1912.0,553.0,1,0.93,High Risk
15663,93.0,2,1938.0,544.0,1,0.99,High Risk
15664,94.0,2,1976.0,527.0,1,0.865,High Risk
15665,307.0,1,124.0,307.0,1,1.0,High Risk
15666,248.0,1,79.0,248.0,1,1.0,High Risk
15667,388.0,2,1337.0,522.0,1,0.87,High Risk
15668,352.0,2,1391.0,544.0,1,0.92,High Risk
15669,299.0,1,120.0,299.0,1,1.0,High Risk
15670,258.0,1,124.0,258.0,1,1.0,High Risk
15671,237.0,1,70.0,237.0,1,1.0,High Risk
15672,115.0,1,70.0,115.0,1,1.0,High Risk
15673,94.0,1,124.0,94.0,1,1.0,High Risk
15674,347.0,2,1505.0,529.0,1,0.955,High Risk
15675,194.0,1,69.0,194.0,1,1.0,High Risk
15676,193.0,1,69.0,193.0,1,1.0,High Risk
15677,32.0,2,2805.0,596.0,0,0.085,Low Risk
15678,131.0,1,30.0,131.0,1,1.0,High Risk
15679,179.0,1,5.0,179.0,1,1.0,High Risk
15680,197.0,1,30.0,197.0,1,1.0,High Risk
15681,273.0,1,32.0,273.0,1,1.0,High Risk
15682,53.0,2,2813.0,587.0,0,0.16,Low Risk
15683,165.0,1,64.0,165.0,1,1.0,High Risk
15684,133.0,2,1270.0,1000.0,1,0.955,High Risk
15685,144.0,2,4468.0,595.0,1,0.62,Medium Risk
15686,108.0,1,25.0,108.0,1,1.0,High Risk
15687,100.0,1,40.0,100.0,1,1.0,High Risk
15688,210.0,1,25.0,210.0,1,1.0,High Risk
15689,304.0,1,65.0,304.0,1,1.0,High Risk
15690,176.0,1,97.0,176.0,1,1.0,High Risk
15691,247.0,1,133.0,247.0,1,1.0,High Risk
15692,343.0,1,29.0,343.0,1,1.0,High Risk
15693,113.0,2,1266.0,966.0,1,0.73,High Risk
15694,331.0,1,7.0,331.0,1,1.0,High Risk
15695,149.0,2,4456.0,561.0,1,0.98,High Risk
15696,130.0,2,4524.0,573.0,1,0.91,High Risk
15697,275.0,1,69.0,275.0,1,1.0,High Risk
15698,271.0,1,29.0,271.0,1,1.0,High Risk
15699,141.0,2,4442.0,551.0,1,0.8,High Risk
15700,273.0,1,64.0,273.0,1,1.0,High Risk
15701,277.0,1,7.0,277.0,1,1.0,High Risk
15702,301.0,1,40.0,301.0,1,1.0,High Risk
15703,219.0,1,69.0,219.0,1,1.0,High Risk
15704,135.0,2,4468.0,562.0,1,0.87,High Risk
15705,77.0,1,34.0,77.0,0,0.0,Low Risk
15706,122.0,2,4455.0,564.0,1,0.97,High Risk
15707,321.0,1,7.0,321.0,1,1.0,High Risk
15708,193.0,1,34.0,193.0,1,1.0,High Risk
15709,140.0,2,4504.0,577.0,1,0.865,High Risk
15710,110.0,1,69.0,110.0,1,1.0,High Risk
15711,561.0,1,2071.0,561.0,1,1.0,High Risk
15712,566.0,1,2049.0,566.0,1,1.0,High Risk
15713,181.0,1,43.0,181.0,1,1.0,High Risk
15714,237.0,1,58.0,237.0,1,1.0,High Risk
15715,255.0,1,36.0,255.0,1,1.0,High Risk
15716,111.0,1,69.0,111.0,1,1.0,High Risk
15717,61.0,1,69.0,61.0,0,0.0,Low Risk
15718,570.0,1,2071.0,570.0,1,1.0,High Risk
15719,141.0,2,4478.0,569.0,1,0.775,High Risk
15720,195.0,1,128.0,195.0,1,1.0,High Risk
15721,173.0,1,69.0,173.0,1,1.0,High Risk
15722,167.0,1,58.0,167.0,1,1.0,High Risk
15723,332.0,1,34.0,332.0,1,1.0,High Risk
15724,123.0,2,4467.0,552.0,1,0.73,High Risk
15725,558.0,1,2049.0,558.0,1,1.0,High Risk
15726,559.0,1,2049.0,559.0,1,1.0,High Risk
15727,557.0,1,2071.0,557.0,1,1.0,High Risk
15728,151.0,2,4482.0,564.0,1,0.85,High Risk
15729,150.0,2,4455.0,560.0,1,0.98,High Risk
15730,128.0,2,4442.0,574.0,1,0.965,High Risk
15731,113.0,1,5.0,113.0,1,1.0,High Risk
15732,547.0,1,2049.0,547.0,1,1.0,High Risk
15733,130.0,1,89.0,130.0,1,1.0,High Risk
15734,98.0,1,93.0,98.0,1,0.995,High Risk
15735,565.0,1,2049.0,565.0,1,1.0,High Risk
15736,563.0,1,2071.0,563.0,1,1.0,High Risk
15737,347.0,1,25.0,347.0,1,1.0,High Risk
15738,242.0,1,69.0,242.0,1,1.0,High Risk
15739,59.0,1,34.0,59.0,0,0.0,Low Risk
15740,330.0,1,62.0,330.0,1,1.0,High Risk
15741,113.0,2,1938.0,522.0,1,0.855,High Risk
15742,169.0,1,70.0,169.0,1,1.0,High Risk
15743,118.0,1,70.0,118.0,1,1.0,High Risk
15744,342.0,2,1372.0,533.0,1,0.975,High Risk
15745,96.0,2,1938.0,546.0,1,0.985,High Risk
15746,116.0,2,1932.0,524.0,1,0.99,High Risk
15747,111.0,2,2001.0,539.0,1,0.815,High Risk
15748,107.0,2,1938.0,532.0,1,0.945,High Risk
15749,342.0,2,1358.0,535.0,1,0.99,High Risk
15750,364.0,2,1323.0,543.0,1,0.935,High Risk
15751,105.0,2,1938.0,493.0,1,0.58,Medium Risk
15752,106.0,2,1903.0,499.0,1,0.975,High Risk
15753,114.0,2,1917.0,518.0,1,0.94,High Risk
15754,78.0,2,1957.0,518.0,0,0.11,Low Risk
15755,69.0,2,1938.0,497.0,0,0.125,Low Risk
15756,45.0,1,124.0,45.0,0,0.0,Low Risk
15757,128.0,1,79.0,128.0,1,1.0,High Risk
15758,312.0,2,1344.0,497.0,1,0.895,High Risk
15759,323.0,2,1323.0,491.0,1,0.6635,Medium Risk
15760,196.0,1,124.0,196.0,1,1.0,High Risk
15761,320.0,2,1323.0,505.0,1,0.8985,High Risk
15762,68.0,2,1938.0,501.0,0,0.085,Low Risk
15763,273.0,1,134.0,273.0,1,1.0,High Risk
15764,85.0,2,1957.0,507.0,0,0.03,Low Risk
15765,77.0,2,1938.0,516.0,0,0.53,Medium Risk
15766,321.0,1,79.0,321.0,1,1.0,High Risk
15767,76.0,1,79.0,76.0,0,0.0,Low Risk
15768,309.0,2,1332.0,507.0,1,0.81,High Risk
15769,313.0,2,1372.0,508.0,1,0.985,High Risk
15770,148.0,1,37.0,148.0,1,1.0,High Risk
15771,117.0,1,70.0,117.0,1,1.0,High Risk
15772,319.0,1,70.0,319.0,1,1.0,High Risk
15773,27.0,1,124.0,27.0,0,0.0,Low Risk
15774,317.0,1,70.0,317.0,1,1.0,High Risk
15775,317.0,2,1332.0,500.0,1,0.785,High Risk
15776,36.0,1,89.0,36.0,0,0.0,Low Risk
15777,251.0,1,25.0,251.0,1,1.0,High Risk
15778,217.0,1,69.0,217.0,1,1.0,High Risk
15779,112.0,1,34.0,112.0,1,1.0,High Risk
15780,155.0,1,25.0,155.0,1,1.0,High Risk
15781,118.0,1,79.0,118.0,1,1.0,High Risk
15782,14.0,1,110.0,14.0,0,0.0,Low Risk
15783,942.0,1,699.0,942.0,1,1.0,High Risk
15784,25.0,1,89.0,25.0,0,0.0,Low Risk
15785,316.0,1,89.0,316.0,1,1.0,High Risk
15786,256.0,1,75.0,256.0,1,1.0,High Risk
15787,569.0,1,2071.0,569.0,1,1.0,High Risk
15788,9.0,1,60.0,9.0,0,0.0,Low Risk
15789,358.0,1,36.0,358.0,1,1.0,High Risk
15790,906.0,1,699.0,906.0,1,1.0,High Risk
15791,99.0,1,27.0,99.0,1,0.985,High Risk
15792,161.0,1,25.0,161.0,1,1.0,High Risk
15793,303.0,1,184.0,303.0,1,0.995,High Risk
15794,71.0,1,89.0,71.0,0,0.0,Low Risk
15795,198.0,1,44.0,198.0,1,1.0,High Risk
15796,79.0,2,1992.0,459.0,0,0.105,Low Risk
15797,77.0,2,1957.0,477.0,0,0.085,Low Risk
15798,79.0,2,1957.0,471.0,0,0.1,Low Risk
15799,176.0,1,29.0,176.0,1,1.0,High Risk
15800,75.0,1,29.0,75.0,0,0.0,Low Risk
15801,187.0,1,69.0,187.0,1,1.0,High Risk
15802,567.0,1,2049.0,567.0,1,1.0,High Risk
15803,211.0,1,5.0,211.0,1,1.0,High Risk
15804,185.0,1,89.0,185.0,1,1.0,High Risk
15805,218.0,1,44.0,218.0,1,1.0,High Risk
15806,569.0,1,2071.0,569.0,1,1.0,High Risk
15807,166.0,1,5.0,166.0,1,1.0,High Risk
15808,357.0,1,69.0,357.0,1,1.0,High Risk
15809,55.0,1,34.0,55.0,0,0.0,Low Risk
15810,264.0,1,119.0,264.0,1,1.0,High Risk
15811,13.0,1,68.0,13.0,0,0.0,Low Risk
15812,566.0,1,2071.0,566.0,1,1.0,High Risk
15813,205.0,1,58.0,205.0,1,1.0,High Risk
15814,85.0,1,58.0,85.0,0,0.0,Low Risk
15815,564.0,1,2049.0,564.0,1,1.0,High Risk
15816,545.0,1,2049.0,545.0,1,1.0,High Risk
15817,74.0,1,1736.0,74.0,0,0.0,Low Risk
15818,239.0,1,554.0,239.0,1,1.0,High Risk
15819,113.0,1,2407.0,113.0,1,1.0,High Risk
15820,44.0,1,69.0,44.0,0,0.0,Low Risk
15821,25.0,1,4.0,25.0,0,0.0,Low Risk
15822,237.0,1,27.0,237.0,1,1.0,High Risk
15823,65.0,1,2442.0,65.0,0,0.0,Low Risk
15824,46.0,1,2419.0,46.0,0,0.0,Low Risk
15825,254.0,1,567.0,254.0,1,1.0,High Risk
15826,366.0,1,1229.0,366.0,1,1.0,High Risk
15827,394.0,1,1238.0,394.0,1,0.995,High Risk
15828,91.0,1,1751.0,91.0,1,0.995,High Risk
15829,85.0,1,1732.0,85.0,0,0.0,Low Risk
15830,35.0,1,1728.0,35.0,0,0.0,Low Risk
15831,245.0,1,554.0,245.0,1,1.0,High Risk
15832,380.0,1,1265.0,380.0,1,1.0,High Risk
15833,0.0,1,80.0,0.0,0,0.0,Low Risk
15834,225.0,1,6.0,225.0,1,1.0,High Risk
15835,181.0,1,6.0,181.0,1,1.0,High Risk
15836,80.0,1,69.0,80.0,0,0.0,Low Risk
15837,16.0,1,39.0,16.0,0,0.0,Low Risk
15838,260.0,1,549.0,260.0,1,1.0,High Risk
15839,345.0,1,36.0,345.0,1,1.0,High Risk
15840,255.0,1,78.0,255.0,1,1.0,High Risk
15841,100.0,1,34.0,100.0,1,1.0,High Risk
15842,317.0,1,78.0,317.0,1,1.0,High Risk
15843,273.0,1,540.0,273.0,1,1.0,High Risk
15844,106.0,1,184.0,106.0,1,1.0,High Risk
15845,12.0,1,13.0,12.0,0,0.0,Low Risk
15846,180.0,1,27.0,180.0,1,1.0,High Risk
15847,47.0,1,28.0,47.0,0,0.0,Low Risk
15848,100.0,1,60.0,100.0,1,1.0,High Risk
15849,223.0,1,608.0,223.0,1,1.0,High Risk
15850,269.0,1,39.0,269.0,1,1.0,High Risk
15851,235.0,1,54.0,235.0,1,1.0,High Risk
15852,107.0,1,23.0,107.0,1,1.0,High Risk
15853,360.0,1,114.0,360.0,1,1.0,High Risk
15854,265.0,1,786.0,265.0,1,1.0,High Risk
15855,85.0,1,1715.0,85.0,0,0.0,Low Risk
15856,87.0,1,1701.0,87.0,0,0.0,Low Risk
15857,259.0,1,810.0,259.0,1,1.0,High Risk
15858,231.0,1,21.0,231.0,1,1.0,High Risk
15859,222.0,1,554.0,222.0,1,1.0,High Risk
15860,194.0,1,34.0,194.0,1,1.0,High Risk
15861,238.0,1,540.0,238.0,1,1.0,High Risk
15862,358.0,1,36.0,358.0,1,1.0,High Risk
15863,377.0,1,1250.0,377.0,1,1.0,High Risk
15864,23.0,1,4.0,23.0,0,0.0,Low Risk
15865,395.0,1,1269.0,395.0,1,1.0,High Risk
15866,343.0,1,124.0,343.0,1,1.0,High Risk
15867,219.0,1,615.0,219.0,1,1.0,High Risk
15868,56.0,1,1728.0,56.0,0,0.0,Low Risk
15869,231.0,1,540.0,231.0,1,1.0,High Risk
15870,216.0,1,554.0,216.0,1,1.0,High Risk
15871,237.0,1,549.0,237.0,1,1.0,High Risk
15872,153.0,1,89.0,153.0,1,1.0,High Risk
15873,164.0,1,23.0,164.0,1,1.0,High Risk
15874,346.0,1,1250.0,346.0,1,1.0,High Risk
15875,272.0,1,23.0,272.0,1,1.0,High Risk
15876,74.0,1,60.0,74.0,0,0.0,Low Risk
15877,230.0,1,589.0,230.0,1,1.0,High Risk
15878,53.0,1,39.0,53.0,0,0.0,Low Risk
15879,264.0,1,21.0,264.0,1,1.0,High Risk
15880,104.0,1,75.0,104.0,1,1.0,High Risk
15881,158.0,1,23.0,158.0,1,1.0,High Risk
15882,192.0,1,43.0,192.0,1,1.0,High Risk
15883,278.0,1,91.0,278.0,1,1.0,High Risk
15884,64.0,1,69.0,64.0,0,0.0,Low Risk
15885,337.0,1,1274.0,337.0,1,1.0,High Risk
15886,234.0,1,575.0,234.0,1,1.0,High Risk
15887,221.0,1,554.0,221.0,1,1.0,High Risk
15888,225.0,1,6.0,225.0,1,1.0,High Risk
15889,44.0,1,39.0,44.0,0,0.0,Low Risk
15890,289.0,1,30.0,289.0,1,1.0,High Risk
15891,219.0,1,589.0,219.0,1,1.0,High Risk
15892,161.0,1,40.0,161.0,1,1.0,High Risk
15893,188.0,1,554.0,188.0,1,1.0,High Risk
15894,188.0,1,60.0,188.0,1,1.0,High Risk
15895,304.0,1,23.0,304.0,1,1.0,High Risk
15896,215.0,1,554.0,215.0,1,1.0,High Risk
15897,316.0,1,13.0,316.0,1,1.0,High Risk
15898,312.0,1,39.0,312.0,1,1.0,High Risk
15899,331.0,1,174.0,331.0,1,0.995,High Risk
15900,339.0,1,23.0,339.0,1,1.0,High Risk
15901,126.0,1,48.0,126.0,1,1.0,High Risk
15902,68.0,1,4.0,68.0,0,0.0,Low Risk
15903,265.0,1,777.0,265.0,1,1.0,High Risk
15904,248.0,1,800.0,248.0,1,1.0,High Risk
15905,354.0,1,29.0,354.0,1,1.0,High Risk
15906,249.0,1,6.0,249.0,1,1.0,High Risk
15907,110.0,1,68.0,110.0,1,1.0,High Risk
15908,66.0,1,108.0,66.0,0,0.0,Low Risk
15909,100.0,1,36.0,100.0,1,1.0,High Risk
15910,333.0,1,78.0,333.0,1,1.0,High Risk
15911,215.0,1,589.0,215.0,1,1.0,High Risk
15912,340.0,1,4.0,340.0,1,1.0,High Risk
15913,202.0,1,27.0,202.0,1,1.0,High Risk
15914,213.0,1,608.0,213.0,1,1.0,High Risk
15915,222.0,1,589.0,222.0,1,1.0,High Risk
15916,210.0,1,59.0,210.0,1,1.0,High Risk
15917,31.0,2,1323.0,484.0,0,0.0948,Low Risk
15918,37.0,2,1339.0,465.0,0,0.04,Low Risk
15919,50.0,2,1400.0,461.0,0,0.12,Low Risk
15920,46.0,2,1350.0,462.0,0,0.13,Low Risk
15921,41.0,2,1337.0,463.0,0,0.065,Low Risk
15922,50.0,2,1337.0,481.0,0,0.2125,Low Risk
15923,56.0,2,1323.0,458.0,0,0.1168,Low Risk
15924,43.0,2,1323.0,471.0,0,0.3088,Low Risk
15925,38.0,2,1350.0,473.0,0,0.387,Low Risk
15926,73.0,1,36.0,73.0,0,0.0,Low Risk
15927,56.0,1,29.0,56.0,0,0.0,Low Risk
15928,281.0,1,36.0,281.0,1,1.0,High Risk
15929,238.0,1,598.0,238.0,1,1.0,High Risk
15930,155.0,1,589.0,155.0,1,1.0,High Risk
15931,314.0,1,1264.0,314.0,1,1.0,High Risk
15932,233.0,1,561.0,233.0,1,1.0,High Risk
15933,227.0,1,575.0,227.0,1,1.0,High Risk
15934,302.0,1,1224.0,302.0,1,1.0,High Risk
15935,231.0,1,554.0,231.0,1,1.0,High Risk
15936,162.0,1,29.0,162.0,1,1.0,High Risk
15937,250.0,1,1250.0,250.0,1,1.0,High Risk
15938,213.0,1,619.0,213.0,1,1.0,High Risk
15939,236.0,1,722.0,236.0,1,1.0,High Risk
15940,247.0,1,777.0,247.0,1,1.0,High Risk
15941,248.0,1,1274.0,248.0,1,1.0,High Risk
15942,223.0,1,777.0,223.0,1,1.0,High Risk
15943,218.0,1,589.0,218.0,1,1.0,High Risk
15944,105.0,1,69.0,105.0,1,1.0,High Risk
15945,231.0,1,554.0,231.0,1,1.0,High Risk
15946,243.0,1,777.0,243.0,1,1.0,High Risk
15947,238.0,1,1215.0,238.0,1,1.0,High Risk
15948,239.0,1,625.0,239.0,1,1.0,High Risk
15949,233.0,1,1293.0,233.0,1,1.0,High Risk
15950,186.0,1,565.0,186.0,1,1.0,High Risk
15951,217.0,1,777.0,217.0,1,1.0,High Risk
15952,25.0,1,60.0,25.0,0,0.0,Low Risk
15953,228.0,1,751.0,228.0,1,1.0,High Risk
15954,231.0,1,786.0,231.0,1,1.0,High Risk
15955,224.0,1,1224.0,224.0,1,1.0,High Risk
15956,180.0,1,565.0,180.0,1,1.0,High Risk
15957,207.0,1,608.0,207.0,1,1.0,High Risk
15958,48.0,1,1760.0,48.0,0,0.0,Low Risk
15959,36.0,1,1732.0,36.0,0,0.0,Low Risk
15960,132.0,1,563.0,132.0,1,1.0,High Risk
15961,195.0,1,575.0,195.0,1,1.0,High Risk
15962,218.0,1,1269.0,218.0,1,1.0,High Risk
15963,193.0,1,554.0,193.0,1,1.0,High Risk
15964,197.0,1,1238.0,197.0,1,0.995,High Risk
15965,238.0,1,751.0,238.0,1,1.0,High Risk
15966,213.0,1,776.0,213.0,1,1.0,High Risk
15967,185.0,1,589.0,185.0,1,1.0,High Risk
15968,328.0,2,1337.0,462.0,1,0.515,Medium Risk
15969,134.0,1,79.0,134.0,1,1.0,High Risk
15970,194.0,1,23.0,194.0,1,1.0,High Risk
15971,162.0,1,39.0,162.0,1,1.0,High Risk
15972,135.0,1,6.0,135.0,1,1.0,High Risk
15973,307.0,1,84.0,307.0,1,1.0,High Risk
15974,261.0,1,39.0,261.0,1,1.0,High Risk
15975,191.0,1,1293.0,191.0,1,1.0,High Risk
15976,205.0,1,765.0,205.0,1,1.0,High Risk
15977,192.0,1,791.0,192.0,1,1.0,High Risk
15978,183.0,1,1284.0,183.0,1,1.0,High Risk
15979,138.0,1,554.0,138.0,1,1.0,High Risk
15980,147.0,1,589.0,147.0,1,1.0,High Risk
15981,30.0,1,23.0,30.0,0,0.0,Low Risk
15982,312.0,1,21.0,312.0,1,1.0,High Risk
15983,177.0,1,29.0,177.0,1,1.0,High Risk
15984,32.0,1,1745.0,32.0,0,0.0,Low Risk
15985,52.0,1,1765.0,52.0,0,0.0,Low Risk
15986,350.0,1,1164.0,350.0,1,1.0,High Risk
15987,321.0,1,1155.0,321.0,1,1.0,High Risk
15988,312.0,1,1155.0,312.0,1,1.0,High Risk
15989,263.0,1,1179.0,263.0,1,1.0,High Risk
15990,360.0,1,25.0,360.0,1,1.0,High Risk
15991,287.0,1,23.0,287.0,1,1.0,High Risk
15992,205.0,1,1265.0,205.0,1,1.0,High Risk
15993,189.0,1,584.0,189.0,1,1.0,High Risk
15994,54.0,1,39.0,54.0,0,0.0,Low Risk
15995,388.0,1,1134.0,388.0,1,1.0,High Risk
15996,385.0,1,1145.0,385.0,1,1.0,High Risk
15997,107.0,1,15.0,107.0,1,1.0,High Risk
15998,249.0,1,1149.0,249.0,1,1.0,High Risk
15999,162.0,1,75.0,162.0,1,1.0,High Risk
16000,76.0,1,58.0,76.0,0,0.0,Low Risk
16001,331.0,1,30.0,331.0,1,1.0,High Risk
16002,317.0,1,30.0,317.0,1,1.0,High Risk
16003,352.0,1,39.0,352.0,1,1.0,High Risk
16004,147.0,1,21.0,147.0,1,1.0,High Risk
16005,175.0,1,1265.0,175.0,1,1.0,High Risk
16006,182.0,1,777.0,182.0,1,1.0,High Risk
16007,209.0,1,750.0,209.0,1,1.0,High Risk
16008,194.0,1,114.0,194.0,1,1.0,High Risk
16009,135.0,1,617.0,135.0,1,1.0,High Risk
16010,116.0,1,575.0,116.0,1,1.0,High Risk
16011,16.0,1,42.0,16.0,0,0.0,Low Risk
16012,32.0,1,36.0,32.0,0,0.0,Low Risk
16013,117.0,1,36.0,117.0,1,1.0,High Risk
16014,48.0,1,36.0,48.0,0,0.0,Low Risk
16015,112.0,2,1274.0,790.0,1,0.555,Medium Risk
16016,85.0,1,69.0,85.0,0,0.0,Low Risk
16017,327.0,1,42.0,327.0,1,1.0,High Risk
16018,124.0,2,4502.0,542.0,1,0.905,High Risk
16019,168.0,1,34.0,168.0,1,1.0,High Risk
16020,137.0,1,5.0,137.0,1,1.0,High Risk
16021,543.0,1,2071.0,543.0,1,1.0,High Risk
16022,523.0,1,2071.0,523.0,1,1.0,High Risk
16023,273.0,1,5.0,273.0,1,1.0,High Risk
16024,290.0,1,60.0,290.0,1,1.0,High Risk
16025,46.0,1,7.0,46.0,0,0.0,Low Risk
16026,317.0,1,23.0,317.0,1,1.0,High Risk
16027,789.0,1,699.0,789.0,1,1.0,High Risk
16028,723.0,1,783.0,723.0,1,1.0,High Risk
16029,283.0,1,60.0,283.0,1,1.0,High Risk
16030,16.0,1,31.0,16.0,0,0.0,Low Risk
16031,219.0,1,21.0,219.0,1,1.0,High Risk
16032,82.0,1,5.0,82.0,0,0.0,Low Risk
16033,10.0,1,7.0,10.0,0,0.0,Low Risk
16034,246.0,1,29.0,246.0,1,1.0,High Risk
16035,145.0,1,5.0,145.0,1,1.0,High Risk
16036,187.0,1,7.0,187.0,1,1.0,High Risk
16037,333.0,1,7.0,333.0,1,1.0,High Risk
16038,321.0,1,13.0,321.0,1,1.0,High Risk
16039,80.0,1,7.0,80.0,0,0.0,Low Risk
16041,360.0,1,7.0,360.0,1,1.0,High Risk
16042,96.0,1,7.0,96.0,1,1.0,High Risk
16043,48.0,1,69.0,48.0,0,0.0,Low Risk
16044,714.0,1,783.0,714.0,1,1.0,High Risk
16045,519.0,1,2049.0,519.0,1,1.0,High Risk
16046,529.0,1,2049.0,529.0,1,1.0,High Risk
16047,287.0,1,36.0,287.0,1,1.0,High Risk
16048,527.0,1,2049.0,527.0,1,1.0,High Risk
16049,76.0,1,36.0,76.0,0,0.0,Low Risk
16050,270.0,1,5.0,270.0,1,1.0,High Risk
16051,535.0,1,2071.0,535.0,1,1.0,High Risk
16052,526.0,1,2049.0,526.0,1,1.0,High Risk
16053,180.0,1,36.0,180.0,1,1.0,High Risk
16054,684.0,1,783.0,684.0,1,1.0,High Risk
16055,546.0,1,2071.0,546.0,1,1.0,High Risk
16056,314.0,1,34.0,314.0,1,1.0,High Risk
16057,538.0,1,2071.0,538.0,1,1.0,High Risk
16058,18.0,1,29.0,18.0,0,0.0,Low Risk
16059,541.0,1,2049.0,541.0,1,1.0,High Risk
16060,337.0,1,119.0,337.0,1,1.0,High Risk
16061,674.0,1,783.0,674.0,1,1.0,High Risk
16062,182.0,1,5.0,182.0,1,1.0,High Risk
16063,672.0,1,783.0,672.0,1,1.0,High Risk
16064,532.0,1,2071.0,532.0,1,1.0,High Risk
16065,546.0,1,2071.0,546.0,1,1.0,High Risk
16066,211.0,1,69.0,211.0,1,1.0,High Risk
16067,363.0,1,34.0,363.0,1,1.0,High Risk
16068,526.0,1,2049.0,526.0,1,1.0,High Risk
16069,530.0,1,2049.0,530.0,1,1.0,High Risk
16070,528.0,1,2049.0,528.0,1,1.0,High Risk
16071,39.0,1,69.0,39.0,0,0.0,Low Risk
16072,692.0,1,783.0,692.0,1,1.0,High Risk
16073,271.0,1,31.0,271.0,1,1.0,High Risk
16074,140.0,2,4433.0,542.0,1,0.44,Medium Risk
16075,145.0,2,4433.0,540.0,1,0.275,Low Risk
16076,94.0,2,1372.0,677.0,1,0.4,Medium Risk
16077,528.0,1,2071.0,528.0,1,1.0,High Risk
16078,535.0,1,2071.0,535.0,1,1.0,High Risk
16079,542.0,1,2071.0,542.0,1,1.0,High Risk
16080,507.0,1,2071.0,507.0,1,1.0,High Risk
16081,506.0,1,2071.0,506.0,1,1.0,High Risk
16082,505.0,1,2049.0,505.0,1,1.0,High Risk
16083,646.0,1,783.0,646.0,1,1.0,High Risk
16084,507.0,1,2049.0,507.0,1,1.0,High Risk
16085,669.0,1,783.0,669.0,1,1.0,High Risk
16086,612.0,1,783.0,612.0,1,1.0,High Risk
16087,499.0,1,2049.0,499.0,1,1.0,High Risk
16088,517.0,1,2071.0,517.0,1,1.0,High Risk
16089,511.0,1,2071.0,511.0,1,1.0,High Risk
16090,488.0,1,2049.0,488.0,1,1.0,High Risk
16091,491.0,1,2049.0,491.0,1,1.0,High Risk
16092,493.0,1,2071.0,493.0,1,1.0,High Risk
16093,142.0,2,4519.0,514.0,1,1.0,High Risk
16094,146.0,2,4509.0,490.0,1,0.995,High Risk
16095,494.0,1,2071.0,494.0,1,1.0,High Risk
16096,501.0,1,2049.0,501.0,1,1.0,High Risk
16097,123.0,2,4490.0,488.0,1,1.0,High Risk
16098,148.0,2,4464.0,509.0,1,1.0,High Risk
16099,163.0,1,69.0,163.0,1,1.0,High Risk
16100,612.0,1,783.0,612.0,1,1.0,High Risk
16101,298.0,1,7.0,298.0,1,1.0,High Risk
16102,612.0,1,783.0,612.0,1,1.0,High Risk
16103,611.0,1,783.0,611.0,1,1.0,High Risk
16104,130.0,2,4468.0,493.0,1,1.0,High Risk
16105,111.0,2,4468.0,510.0,1,1.0,High Risk
16106,105.0,2,4447.0,512.0,1,0.995,High Risk
16107,116.0,2,4455.0,500.0,1,1.0,High Risk
16108,98.0,2,4455.0,516.0,1,1.0,High Risk
16109,504.0,1,2071.0,504.0,1,1.0,High Risk
16110,320.0,1,89.0,320.0,1,1.0,High Risk
16111,75.0,1,5.0,75.0,0,0.0,Low Risk
16112,234.0,1,7.0,234.0,1,1.0,High Risk
16113,216.0,1,114.0,216.0,1,1.0,High Risk
16114,140.0,1,78.0,140.0,1,1.0,High Risk
16115,121.0,2,4464.0,464.0,1,1.0,High Risk
16116,86.0,1,58.0,86.0,0,0.0,Low Risk
16117,95.0,2,4464.0,477.0,1,1.0,High Risk
16118,96.0,2,4490.0,470.0,1,1.0,High Risk
16119,209.0,1,777.0,209.0,1,1.0,High Risk
16120,145.0,1,1229.0,145.0,1,1.0,High Risk
16121,148.0,1,1265.0,148.0,1,1.0,High Risk
16122,198.0,1,540.0,198.0,1,1.0,High Risk
16123,169.0,1,786.0,169.0,1,1.0,High Risk
16124,156.0,1,777.0,156.0,1,1.0,High Risk
16125,128.0,1,811.0,128.0,1,1.0,High Risk
16126,164.0,1,608.0,164.0,1,1.0,High Risk
16127,336.0,1,1155.0,336.0,1,1.0,High Risk
16128,244.0,1,1120.0,244.0,1,1.0,High Risk
16129,340.0,1,1155.0,340.0,1,1.0,High Risk
16130,269.0,1,1134.0,269.0,1,1.0,High Risk
16131,94.0,1,540.0,94.0,1,1.0,High Risk
16132,99.0,1,604.0,99.0,1,1.0,High Risk
16133,157.0,1,571.0,157.0,1,1.0,High Risk
16134,135.0,1,777.0,135.0,1,1.0,High Risk
16135,150.0,1,777.0,150.0,1,1.0,High Risk
16136,204.0,1,43.0,204.0,1,1.0,High Risk
16137,125.0,1,1224.0,125.0,1,1.0,High Risk
16138,165.0,1,618.0,165.0,1,1.0,High Risk
16139,129.0,1,777.0,129.0,1,1.0,High Risk
16140,94.0,1,1283.0,94.0,1,1.0,High Risk
16141,164.0,1,575.0,164.0,1,1.0,High Risk
16142,169.0,1,575.0,169.0,1,1.0,High Risk
16143,126.0,1,791.0,126.0,1,1.0,High Risk
16144,318.0,1,1169.0,318.0,1,1.0,High Risk
16145,141.0,1,40.0,141.0,1,1.0,High Risk
16146,171.0,1,35.0,171.0,1,1.0,High Risk
16147,237.0,1,75.0,237.0,1,1.0,High Risk
16148,84.0,1,124.0,84.0,0,0.0,Low Risk
16149,212.0,1,79.0,212.0,1,1.0,High Risk
16150,114.0,1,42.0,114.0,1,1.0,High Risk
16151,259.0,1,201.0,259.0,1,1.0,High Risk
16152,112.0,1,6.0,112.0,1,1.0,High Risk
16153,303.0,1,39.0,303.0,1,1.0,High Risk
16154,308.0,1,43.0,308.0,1,1.0,High Risk
16155,100.0,1,1229.0,100.0,1,1.0,High Risk
16156,319.0,1,69.0,319.0,1,1.0,High Risk
16157,250.0,1,6.0,250.0,1,1.0,High Risk
16158,231.0,1,60.0,231.0,1,1.0,High Risk
16159,123.0,1,6.0,123.0,1,1.0,High Risk
16160,151.0,1,791.0,151.0,1,1.0,High Risk
16161,112.0,1,31.0,112.0,1,1.0,High Risk
16162,61.0,1,1237.0,61.0,0,0.0,Low Risk
16163,78.0,1,540.0,78.0,0,0.0,Low Risk
16164,270.0,1,7.0,270.0,1,1.0,High Risk
16165,261.0,1,4.0,261.0,1,1.0,High Risk
16166,169.0,1,4.0,169.0,1,1.0,High Risk
16167,103.0,1,827.0,103.0,1,1.0,High Risk
16168,260.0,1,1203.0,260.0,1,1.0,High Risk
16169,102.0,1,68.0,102.0,1,1.0,High Risk
16170,56.0,1,1215.0,56.0,0,0.0,Low Risk
16171,109.0,1,756.0,109.0,1,1.0,High Risk
16172,170.0,1,589.0,170.0,1,1.0,High Risk
16173,94.0,1,23.0,94.0,1,1.0,High Risk
16174,327.0,1,60.0,327.0,1,0.99,High Risk
16175,140.0,1,7.0,140.0,1,1.0,High Risk
16176,73.0,1,565.0,73.0,0,0.0,Low Risk
16177,344.0,1,21.0,344.0,1,1.0,High Risk
16178,56.0,1,28.0,56.0,0,0.0,Low Risk
16179,39.0,1,25.0,39.0,0,0.0,Low Risk
16180,159.0,1,549.0,159.0,1,1.0,High Risk
16181,60.0,1,1269.0,60.0,0,0.005,Low Risk
16182,215.0,1,1155.0,215.0,1,1.0,High Risk
16183,218.0,1,1174.0,218.0,1,1.0,High Risk
16184,239.0,1,1147.0,239.0,1,1.0,High Risk
16185,361.0,1,90.0,361.0,1,1.0,High Risk
16186,81.0,1,589.0,81.0,0,0.0,Low Risk
16187,80.0,1,600.0,80.0,0,0.0,Low Risk
16188,43.0,1,7.0,43.0,0,0.0,Low Risk
16189,113.0,1,5.0,113.0,1,1.0,High Risk
16190,140.0,1,58.0,140.0,1,1.0,High Risk
16191,24.0,1,36.0,24.0,0,0.0,Low Risk
16192,9.0,1,29.0,9.0,0,0.0,Low Risk
16193,349.0,1,34.0,349.0,1,1.0,High Risk
16194,486.0,1,2049.0,486.0,1,1.0,High Risk
16195,271.0,1,78.0,271.0,1,1.0,High Risk
16196,107.0,2,4455.0,474.0,1,0.995,High Risk
16197,314.0,1,69.0,314.0,1,1.0,High Risk
16198,247.0,1,36.0,247.0,1,1.0,High Risk
16199,195.0,1,148.0,195.0,1,1.0,High Risk
16200,99.0,2,4468.0,486.0,1,1.0,High Risk
16201,73.0,1,36.0,73.0,0,0.0,Low Risk
16202,95.0,2,4492.0,483.0,1,0.985,High Risk
16203,325.0,1,97.0,325.0,1,0.995,High Risk
16204,103.0,1,19.0,103.0,1,1.0,High Risk
16205,185.0,1,5.0,185.0,1,1.0,High Risk
16206,462.0,1,2049.0,462.0,1,1.0,High Risk
16207,472.0,1,2071.0,472.0,1,1.0,High Risk
16208,328.0,1,5.0,328.0,1,1.0,High Risk
16209,34.0,1,40.0,34.0,0,0.0,Low Risk
16210,182.0,1,14.0,182.0,1,1.0,High Risk
16211,289.0,1,7.0,289.0,1,1.0,High Risk
16212,477.0,1,2071.0,477.0,1,1.0,High Risk
16213,473.0,1,2071.0,473.0,1,1.0,High Risk
16214,108.0,1,7.0,108.0,1,1.0,High Risk
16215,272.0,1,188.0,272.0,1,1.0,High Risk
16216,99.0,1,64.0,99.0,1,1.0,High Risk
16217,5.0,1,38.0,5.0,0,0.0,Low Risk
16218,244.0,1,29.0,244.0,1,1.0,High Risk
16219,290.0,1,6.0,290.0,1,1.0,High Risk
16220,246.0,1,68.0,246.0,1,1.0,High Risk
16221,138.0,1,39.0,138.0,1,1.0,High Risk
16222,274.0,1,4.0,274.0,1,1.0,High Risk
16223,347.0,1,12.0,347.0,1,1.0,High Risk
16224,308.0,1,6.0,308.0,1,1.0,High Risk
16225,301.0,1,6.0,301.0,1,1.0,High Risk
16226,141.0,1,28.0,141.0,1,1.0,High Risk
16227,480.0,1,2049.0,480.0,1,1.0,High Risk
16228,463.0,1,2071.0,463.0,1,1.0,High Risk
16229,476.0,1,2071.0,476.0,1,1.0,High Risk
16230,340.0,1,93.0,340.0,1,1.0,High Risk
16231,194.0,1,14.0,194.0,1,1.0,High Risk
16232,481.0,1,2049.0,481.0,1,1.0,High Risk
16233,475.0,1,2049.0,475.0,1,1.0,High Risk
16234,270.0,1,58.0,270.0,1,1.0,High Risk
16235,474.0,1,2071.0,474.0,1,1.0,High Risk
16236,464.0,1,2049.0,464.0,1,1.0,High Risk
16237,80.0,1,34.0,80.0,0,0.0,Low Risk
16238,274.0,1,29.0,274.0,1,1.0,High Risk
16239,75.0,1,69.0,75.0,0,0.0,Low Risk
16240,469.0,1,2071.0,469.0,1,1.0,High Risk
16241,477.0,1,2049.0,477.0,1,1.0,High Risk
16242,241.0,1,29.0,241.0,1,1.0,High Risk
16243,583.0,1,783.0,583.0,1,1.0,High Risk
16244,286.0,1,55.0,286.0,1,1.0,High Risk
16245,33.0,1,36.0,33.0,0,0.0,Low Risk
16246,89.0,1,34.0,89.0,0,0.0,Low Risk
16247,259.0,1,29.0,259.0,1,1.0,High Risk
16248,255.0,1,69.0,255.0,1,1.0,High Risk
16249,170.0,1,36.0,170.0,1,1.0,High Risk
16250,339.0,1,29.0,339.0,1,1.0,High Risk
16251,118.0,2,4588.0,460.0,1,0.985,High Risk
16252,483.0,1,2049.0,483.0,1,0.995,High Risk
16253,580.0,1,783.0,580.0,1,1.0,High Risk
16254,580.0,1,783.0,580.0,1,1.0,High Risk
16255,465.0,1,2049.0,465.0,1,1.0,High Risk
16256,475.0,1,2049.0,475.0,1,1.0,High Risk
16257,464.0,1,2071.0,464.0,1,1.0,High Risk
16258,458.0,1,2071.0,458.0,1,1.0,High Risk
16259,452.0,1,2071.0,452.0,1,1.0,High Risk
16260,589.0,1,783.0,589.0,1,1.0,High Risk
16261,453.0,1,2049.0,453.0,1,1.0,High Risk
16262,436.0,1,2049.0,436.0,1,1.0,High Risk
16263,432.0,1,2049.0,432.0,1,1.0,High Risk
16264,454.0,1,2049.0,454.0,1,1.0,High Risk
16265,438.0,1,2071.0,438.0,1,1.0,High Risk
16266,604.0,1,783.0,604.0,1,1.0,High Risk
16267,452.0,1,2071.0,452.0,1,1.0,High Risk
16268,532.0,1,783.0,532.0,1,1.0,High Risk
16269,450.0,1,2049.0,450.0,1,1.0,High Risk
16270,444.0,1,2049.0,444.0,1,1.0,High Risk
16271,495.0,1,783.0,495.0,1,1.0,High Risk
16272,431.0,1,2071.0,431.0,1,1.0,High Risk
16273,446.0,1,2049.0,446.0,1,1.0,High Risk
16274,100.0,2,4490.0,450.0,1,0.955,High Risk
16275,105.0,2,4468.0,432.0,1,0.97,High Risk
16276,427.0,1,2049.0,427.0,1,1.0,High Risk
16277,432.0,1,2049.0,432.0,1,1.0,High Risk
16278,429.0,1,2071.0,429.0,1,1.0,High Risk
16279,77.0,1,29.0,77.0,0,0.0,Low Risk
16280,119.0,2,4490.0,438.0,1,0.91,High Risk
16281,120.0,2,4447.0,446.0,1,0.665,Medium Risk
16282,104.0,2,4540.0,429.0,1,0.965,High Risk
16283,112.0,1,70.0,112.0,1,1.0,High Risk
16284,353.0,1,120.0,353.0,1,1.0,High Risk
16285,249.0,1,123.0,249.0,1,1.0,High Risk
16286,498.0,1,783.0,498.0,1,1.0,High Risk
16287,434.0,1,2071.0,434.0,1,1.0,High Risk
16288,96.0,2,4484.0,432.0,1,0.92,High Risk
16289,94.0,2,4442.0,444.0,1,0.435,Medium Risk
16290,456.0,1,2071.0,456.0,1,1.0,High Risk
16291,186.0,1,29.0,186.0,1,1.0,High Risk
16292,95.0,2,4455.0,457.0,1,0.99,High Risk
16293,454.0,1,2049.0,454.0,1,1.0,High Risk
16294,343.0,1,89.0,343.0,1,1.0,High Risk
16295,116.0,2,4540.0,430.0,1,0.97,High Risk
16296,113.0,2,4442.0,437.0,1,0.54,Medium Risk
16297,116.0,2,4518.0,429.0,1,0.945,High Risk
16298,492.0,1,783.0,492.0,1,1.0,High Risk
16299,493.0,1,783.0,493.0,1,1.0,High Risk
16300,274.0,2,1323.0,466.0,1,0.5071,Medium Risk
16301,316.0,1,7.0,316.0,1,1.0,High Risk
16302,96.0,1,69.0,96.0,1,1.0,High Risk
16303,46.0,1,36.0,46.0,0,0.0,Low Risk
16304,190.0,1,29.0,190.0,1,1.0,High Risk
16305,120.0,1,43.0,120.0,1,1.0,High Risk
16306,44.0,1,1715.0,44.0,0,0.0,Low Risk
16307,165.0,1,29.0,165.0,1,1.0,High Risk
16308,194.0,1,69.0,194.0,1,1.0,High Risk
16309,296.0,1,6.0,296.0,1,1.0,High Risk
16310,333.0,1,2457.0,333.0,1,1.0,High Risk
16311,102.0,1,69.0,102.0,1,1.0,High Risk
16312,194.0,1,34.0,194.0,1,1.0,High Risk
16313,111.0,1,34.0,111.0,1,1.0,High Risk
16314,268.0,1,34.0,268.0,1,1.0,High Risk
16315,195.0,1,69.0,195.0,1,1.0,High Risk
16316,22.0,1,69.0,22.0,0,0.0,Low Risk
16317,331.0,1,2443.0,331.0,1,1.0,High Risk
16318,97.0,1,6.0,97.0,1,1.0,High Risk
16319,24.0,1,43.0,24.0,0,0.0,Low Risk
16320,34.0,1,1775.0,34.0,0,0.0,Low Risk
16321,72.0,1,34.0,72.0,0,0.0,Low Risk
16322,339.0,1,29.0,339.0,1,1.0,High Risk
16323,301.0,1,36.0,301.0,1,1.0,High Risk
16324,359.0,1,84.0,359.0,1,1.0,High Risk
16325,50.0,1,2365.0,50.0,0,0.01,Low Risk
16326,321.0,1,201.0,321.0,1,0.995,High Risk
16327,195.0,1,84.0,195.0,1,1.0,High Risk
16328,248.0,1,34.0,248.0,1,1.0,High Risk
16329,7.0,1,69.0,7.0,0,0.0,Low Risk
16330,227.0,1,40.0,227.0,1,1.0,High Risk
16331,32.0,1,43.0,32.0,0,0.0,Low Risk
16332,360.0,1,4.0,360.0,1,1.0,High Risk
16333,139.0,1,7.0,139.0,1,1.0,High Risk
16334,94.0,1,29.0,94.0,1,1.0,High Risk
16335,149.0,1,5.0,149.0,1,1.0,High Risk
16336,41.0,1,40.0,41.0,0,0.0,Low Risk
16337,291.0,1,36.0,291.0,1,1.0,High Risk
16338,153.0,1,12.0,153.0,1,1.0,High Risk
16339,303.0,2,1340.0,485.0,1,0.6012,Medium Risk
16340,300.0,2,1337.0,455.0,1,0.755,High Risk
16341,274.0,2,1350.0,438.0,1,0.8,High Risk
16342,258.0,2,1323.0,437.0,1,0.72,High Risk
16343,257.0,2,1348.0,441.0,1,0.86,High Risk
16344,206.0,1,133.0,206.0,1,1.0,High Risk
16345,252.0,1,70.0,252.0,1,1.0,High Risk
16346,93.0,1,70.0,93.0,1,1.0,High Risk
16347,269.0,2,1391.0,445.0,1,0.99,High Risk
16348,228.0,1,79.0,228.0,1,1.0,High Risk
16349,224.0,2,1382.0,445.0,1,0.935,High Risk
16350,18.0,1,124.0,18.0,0,0.0,Low Risk
16351,302.0,1,70.0,302.0,1,1.0,High Risk
16352,237.0,1,124.0,237.0,1,1.0,High Risk
16353,243.0,2,1358.0,446.0,1,0.965,High Risk
16354,233.0,2,1372.0,453.0,1,0.97,High Risk
16355,219.0,2,1323.0,444.0,1,0.84,High Risk
16356,233.0,2,1383.0,446.0,1,0.895,High Risk
16357,236.0,2,1337.0,428.0,1,0.65,Medium Risk
16358,134.0,1,70.0,134.0,1,1.0,High Risk
16359,276.0,1,79.0,276.0,1,0.995,High Risk
16360,213.0,2,1344.0,434.0,1,0.83,High Risk
16361,289.0,1,70.0,289.0,1,1.0,High Risk
16362,131.0,1,70.0,131.0,1,1.0,High Risk
16363,238.0,2,1407.0,427.0,1,0.77,High Risk
16364,203.0,1,133.0,203.0,1,1.0,High Risk
16365,333.0,1,79.0,333.0,1,1.0,High Risk
16366,223.0,2,1372.0,436.0,1,0.91,High Risk
16367,233.0,2,1323.0,441.0,1,0.84,High Risk
16368,173.0,1,70.0,173.0,1,1.0,High Risk
16369,328.0,1,133.0,328.0,1,1.0,High Risk
16370,253.0,1,79.0,253.0,1,1.0,High Risk
16371,235.0,2,1323.0,445.0,1,0.84,High Risk
16372,232.0,2,1350.0,453.0,1,0.74,High Risk
16373,29.0,1,39.0,29.0,0,0.0,Low Risk
16374,249.0,1,39.0,249.0,1,1.0,High Risk
16375,73.0,1,6.0,73.0,0,0.0,Low Risk
16376,314.0,1,6.0,314.0,1,1.0,High Risk
16377,76.0,1,6.0,76.0,0,0.0,Low Risk
16378,25.0,1,129.0,25.0,0,0.0,Low Risk
16379,106.0,1,79.0,106.0,1,1.0,High Risk
16380,176.0,1,153.0,176.0,1,1.0,High Risk
16381,248.0,1,70.0,248.0,1,1.0,High Risk
16382,71.0,1,69.0,71.0,0,0.0,Low Risk
16383,290.0,1,36.0,290.0,1,1.0,High Risk
16384,5.0,1,69.0,5.0,0,0.0,Low Risk
16385,236.0,1,79.0,236.0,1,1.0,High Risk
16386,134.0,1,69.0,134.0,1,1.0,High Risk
16387,180.0,1,36.0,180.0,1,1.0,High Risk
16388,307.0,1,34.0,307.0,1,1.0,High Risk
16389,291.0,1,84.0,291.0,1,1.0,High Risk
16390,328.0,1,29.0,328.0,1,1.0,High Risk
16391,51.0,1,48.0,51.0,0,0.0,Low Risk
16392,197.0,1,34.0,197.0,1,1.0,High Risk
16393,1.0,1,23.0,1.0,0,0.0,Low Risk
16394,322.0,1,124.0,322.0,1,0.995,High Risk
16395,146.0,1,30.0,146.0,1,1.0,High Risk
16396,117.0,1,75.0,117.0,1,1.0,High Risk
16397,166.0,1,89.0,166.0,1,1.0,High Risk
16398,66.0,1,33.0,66.0,0,0.0,Low Risk
16399,121.0,1,27.0,121.0,1,1.0,High Risk
16400,279.0,1,84.0,279.0,1,1.0,High Risk
16401,359.0,1,70.0,359.0,1,1.0,High Risk
16402,273.0,1,70.0,273.0,1,1.0,High Risk
16403,99.0,1,129.0,99.0,1,0.995,High Risk
16404,73.0,1,133.0,73.0,0,0.0,Low Risk
16405,492.0,1,783.0,492.0,1,1.0,High Risk
16406,455.0,1,2071.0,455.0,1,1.0,High Risk
16407,113.0,2,1358.0,475.0,1,0.8658,High Risk
16408,101.0,2,4490.0,452.0,1,0.965,High Risk
16409,147.0,1,78.0,147.0,1,1.0,High Risk
16410,223.0,1,60.0,223.0,1,1.0,High Risk
16411,254.0,1,23.0,254.0,1,1.0,High Risk
16412,238.0,1,23.0,238.0,1,1.0,High Risk
16413,95.0,1,69.0,95.0,1,1.0,High Risk
16414,243.0,1,104.0,243.0,1,1.0,High Risk
16415,194.0,1,5.0,194.0,1,1.0,High Risk
16416,361.0,1,70.0,361.0,1,1.0,High Risk
16417,431.0,1,2049.0,431.0,1,1.0,High Risk
16418,99.0,1,21.0,99.0,1,1.0,High Risk
16419,108.0,2,4490.0,439.0,1,0.94,High Risk
16420,234.0,1,70.0,234.0,1,1.0,High Risk
16421,353.0,1,70.0,353.0,1,1.0,High Risk
16422,449.0,1,2049.0,449.0,1,1.0,High Risk
16423,115.0,1,60.0,115.0,1,1.0,High Risk
16424,439.0,1,2071.0,439.0,1,1.0,High Risk
16425,434.0,1,2049.0,434.0,1,1.0,High Risk
16426,456.0,1,2049.0,456.0,1,1.0,High Risk
16427,177.0,1,23.0,177.0,1,1.0,High Risk
16428,101.0,2,4490.0,427.0,1,0.78,High Risk
16429,213.0,1,94.0,213.0,1,1.0,High Risk
16430,462.0,1,783.0,462.0,1,1.0,High Risk
16431,188.0,1,33.0,188.0,1,1.0,High Risk
16432,429.0,1,2049.0,429.0,1,1.0,High Risk
16433,77.0,1,27.0,77.0,0,0.0,Low Risk
16434,184.0,1,27.0,184.0,1,1.0,High Risk
16435,5.0,1,36.0,5.0,0,0.0,Low Risk
16436,264.0,1,89.0,264.0,1,0.995,High Risk
16437,73.0,1,94.0,73.0,0,0.0,Low Risk
16438,301.0,1,79.0,301.0,1,1.0,High Risk
16439,252.0,1,27.0,252.0,1,1.0,High Risk
16440,108.0,2,4462.0,434.0,1,0.885,High Risk
16441,105.0,2,4447.0,453.0,1,0.945,High Risk
16442,356.0,1,79.0,356.0,1,1.0,High Risk
16443,245.0,1,27.0,245.0,1,1.0,High Risk
16444,276.0,1,23.0,276.0,1,1.0,High Risk
16445,98.0,1,31.0,98.0,1,1.0,High Risk
16446,94.0,1,34.0,94.0,1,1.0,High Risk
16447,104.0,2,4468.0,443.0,1,0.955,High Risk
16448,112.0,2,4490.0,457.0,1,1.0,High Risk
16449,435.0,1,2071.0,435.0,1,1.0,High Risk
16450,115.0,2,4482.0,456.0,1,0.985,High Risk
16451,108.0,2,4514.0,430.0,1,0.94,High Risk
16452,181.0,1,37.0,181.0,1,1.0,High Risk
16453,97.0,2,4544.0,432.0,1,0.97,High Risk
16454,119.0,2,4468.0,442.0,1,0.99,High Risk
16455,228.0,1,7.0,228.0,1,1.0,High Risk
16456,95.0,2,4533.0,427.0,1,0.885,High Risk
16457,105.0,1,58.0,105.0,1,1.0,High Risk
16458,152.0,1,58.0,152.0,1,1.0,High Risk
16459,210.0,1,69.0,210.0,1,1.0,High Risk
16460,101.0,2,4552.0,406.0,1,0.61,Medium Risk
16461,95.0,2,4490.0,407.0,1,0.065,Low Risk
16462,202.0,1,110.0,202.0,1,1.0,High Risk
16463,84.0,1,35.0,84.0,0,0.0,Low Risk
16464,323.0,1,23.0,323.0,1,1.0,High Risk
16465,132.0,1,6.0,132.0,1,1.0,High Risk
16466,233.0,1,12.0,233.0,1,1.0,High Risk
16467,233.0,1,67.0,233.0,1,1.0,High Risk
16468,404.0,1,2049.0,404.0,1,1.0,High Risk
16469,408.0,1,2071.0,408.0,1,1.0,High Risk
16470,35.0,2,1332.0,430.0,0,0.085,Low Risk
16471,44.0,2,1372.0,405.0,0,0.015,Low Risk
16472,33.0,2,1387.0,406.0,0,0.035,Low Risk
16473,59.0,2,1346.0,406.0,0,0.02,Low Risk
16474,31.0,2,1398.0,416.0,0,0.68,Medium Risk
16475,197.0,1,60.0,197.0,1,1.0,High Risk
16476,33.0,1,33.0,33.0,0,0.0,Low Risk
16477,65.0,1,25.0,65.0,0,0.0,Low Risk
16478,212.0,1,23.0,212.0,1,1.0,High Risk
16479,294.0,1,27.0,294.0,1,1.0,High Risk
16480,306.0,1,23.0,306.0,1,1.0,High Risk
16481,5.0,1,119.0,5.0,0,0.0,Low Risk
16482,173.0,1,58.0,173.0,1,1.0,High Risk
16483,328.0,1,39.0,328.0,1,1.0,High Risk
16484,44.0,2,1382.0,422.0,0,0.07,Low Risk
16485,48.0,2,1323.0,413.0,0,0.08,Low Risk
16486,60.0,2,1354.0,406.0,0,0.04,Low Risk
16487,52.0,2,1372.0,401.0,0,0.07,Low Risk
16488,44.0,2,1323.0,426.0,0,0.2,Low Risk
16489,44.0,2,1323.0,424.0,0,0.145,Low Risk
16490,35.0,2,1383.0,424.0,0,0.015,Low Risk
16491,44.0,2,1332.0,424.0,0,0.07,Low Risk
16492,200.0,1,39.0,200.0,1,1.0,High Risk
16493,58.0,2,1345.0,413.0,0,0.045,Low Risk
16494,48.0,2,1353.0,422.0,0,0.455,Medium Risk
16495,91.0,2,1952.0,399.0,1,0.455,Medium Risk
16496,132.0,1,35.0,132.0,1,1.0,High Risk
16497,274.0,1,42.0,274.0,1,1.0,High Risk
16498,229.0,1,37.0,229.0,1,1.0,High Risk
16499,225.0,2,1350.0,422.0,1,0.585,Medium Risk
16500,232.0,2,1332.0,421.0,1,0.555,Medium Risk
16501,210.0,2,1372.0,399.0,1,0.52,Medium Risk
16502,201.0,1,578.0,201.0,1,1.0,High Risk
16503,363.0,1,70.0,363.0,1,1.0,High Risk
16504,178.0,1,21.0,178.0,1,1.0,High Risk
16505,417.0,1,2071.0,417.0,1,1.0,High Risk
16506,153.0,1,25.0,153.0,1,1.0,High Risk
16507,197.0,1,33.0,197.0,1,1.0,High Risk
16508,21.0,1,27.0,21.0,0,0.0,Low Risk
16509,410.0,1,2071.0,410.0,1,1.0,High Risk
16510,314.0,1,60.0,314.0,1,1.0,High Risk
16511,93.0,1,31.0,93.0,1,1.0,High Risk
16512,187.0,1,549.0,187.0,1,1.0,High Risk
16513,210.0,1,540.0,210.0,1,1.0,High Risk
16514,207.0,1,563.0,207.0,1,1.0,High Risk
16515,190.0,1,540.0,190.0,1,1.0,High Risk
16516,211.0,1,540.0,211.0,1,1.0,High Risk
16517,26.0,1,124.0,26.0,0,0.0,Low Risk
16518,182.0,1,540.0,182.0,1,1.0,High Risk
16519,267.0,1,124.0,267.0,1,1.0,High Risk
16520,59.0,1,79.0,59.0,0,0.0,Low Risk
16521,255.0,1,79.0,255.0,1,1.0,High Risk
16522,114.0,2,4462.0,398.0,1,0.01,Low Risk
16523,179.0,1,70.0,179.0,1,1.0,High Risk
16524,405.0,1,2049.0,405.0,1,1.0,High Risk
16525,401.0,1,2049.0,401.0,1,1.0,High Risk
16526,326.0,1,182.0,326.0,1,1.0,High Risk
16527,312.0,1,23.0,312.0,1,1.0,High Risk
16528,100.0,2,4514.0,409.0,1,0.74,High Risk
16529,140.0,1,89.0,140.0,1,1.0,High Risk
16530,159.0,1,58.0,159.0,1,1.0,High Risk
16531,310.0,1,48.0,310.0,1,1.0,High Risk
16532,412.0,1,2071.0,412.0,1,0.995,High Risk
16533,30.0,1,23.0,30.0,0,0.0,Low Risk
16534,287.0,1,25.0,287.0,1,1.0,High Risk
16535,417.0,1,2071.0,417.0,1,1.0,High Risk
16536,419.0,1,2049.0,419.0,1,1.0,High Risk
16537,429.0,1,783.0,429.0,1,1.0,High Risk
16538,118.0,2,4469.0,419.0,1,0.45,Medium Risk
16539,8.0,1,84.0,8.0,0,0.0,Low Risk
16540,65.0,2,4468.0,398.0,0,0.0,Low Risk
16541,87.0,2,4504.0,406.0,0,0.06,Low Risk
16542,91.0,2,4490.0,417.0,1,0.5,Medium Risk
16543,61.0,2,4533.0,418.0,0,0.06,Low Risk
16544,76.0,2,4468.0,415.0,0,0.375,Low Risk
16545,405.0,1,2071.0,405.0,1,1.0,High Risk
16546,429.0,1,783.0,429.0,1,1.0,High Risk
16547,403.0,1,2049.0,403.0,1,1.0,High Risk
16548,421.0,1,2071.0,421.0,1,1.0,High Risk
16549,36.0,1,27.0,36.0,0,0.0,Low Risk
16550,426.0,1,2071.0,426.0,1,1.0,High Risk
16551,427.0,1,783.0,427.0,1,1.0,High Risk
16552,418.0,1,2049.0,418.0,1,1.0,High Risk
16553,417.0,1,2071.0,417.0,1,1.0,High Risk
16554,425.0,1,2049.0,425.0,1,1.0,High Risk
16555,408.0,1,2071.0,408.0,1,1.0,High Risk
16556,414.0,1,2049.0,414.0,1,1.0,High Risk
16557,398.0,1,2049.0,398.0,1,1.0,High Risk
16558,452.0,1,783.0,452.0,1,1.0,High Risk
16559,418.0,1,2049.0,418.0,1,1.0,High Risk
16560,400.0,1,2049.0,400.0,1,1.0,High Risk
16561,432.0,1,783.0,432.0,1,1.0,High Risk
16562,336.0,1,84.0,336.0,1,1.0,High Risk
16563,4.0,1,94.0,4.0,0,0.0,Low Risk
16564,214.0,1,84.0,214.0,1,1.0,High Risk
16565,247.0,1,60.0,247.0,1,1.0,High Risk
16566,335.0,1,33.0,335.0,1,1.0,High Risk
16567,223.0,1,27.0,223.0,1,1.0,High Risk
16568,79.0,1,21.0,79.0,0,0.0,Low Risk
16569,83.0,2,4490.0,399.0,0,0.15,Low Risk
16570,61.0,2,4464.0,414.0,0,0.035,Low Risk
16571,81.0,2,4518.0,420.0,0,0.04,Low Risk
16572,70.0,2,4484.0,397.0,0,0.035,Low Risk
16573,69.0,2,4490.0,415.0,0,0.115,Low Risk
16574,78.0,2,4490.0,419.0,0,0.01,Low Risk
16575,82.0,2,4456.0,407.0,0,0.005,Low Risk
16576,424.0,1,2071.0,424.0,1,1.0,High Risk
16577,413.0,1,2071.0,413.0,1,0.995,High Risk
16578,1118.0,1,3578.0,1118.0,1,1.0,High Risk
16579,1110.0,1,3578.0,1110.0,1,1.0,High Risk
16580,102.0,1,69.0,102.0,1,1.0,High Risk
16581,114.0,1,40.0,114.0,1,1.0,High Risk
16582,171.0,1,540.0,171.0,1,1.0,High Risk
16583,173.0,1,562.0,173.0,1,1.0,High Risk
16584,173.0,1,554.0,173.0,1,1.0,High Risk
16585,160.0,1,599.0,160.0,1,1.0,High Risk
16586,167.0,1,563.0,167.0,1,1.0,High Risk
16587,73.0,1,1120.0,73.0,0,0.0,Low Risk
16588,65.0,1,1145.0,65.0,0,0.0,Low Risk
16589,66.0,1,15.0,66.0,0,0.0,Low Risk
16590,58.0,1,1183.0,58.0,0,0.0,Low Risk
16591,36.0,1,1189.0,36.0,0,0.0,Low Risk
16592,38.0,1,5.0,38.0,0,0.0,Low Risk
16593,171.0,1,5.0,171.0,1,1.0,High Risk
16594,135.0,1,14.0,135.0,1,1.0,High Risk
16595,322.0,1,40.0,322.0,1,1.0,High Risk
16596,41.0,1,64.0,41.0,0,0.0,Low Risk
16597,283.0,1,64.0,283.0,1,1.0,High Risk
16598,122.0,1,564.0,122.0,1,1.0,High Risk
16599,149.0,1,556.0,149.0,1,1.0,High Risk
16600,139.0,1,604.0,139.0,1,1.0,High Risk
16601,103.0,1,23.0,103.0,1,1.0,High Risk
16602,1122.0,1,3578.0,1122.0,1,1.0,High Risk
16603,407.0,1,783.0,407.0,1,0.995,High Risk
16604,206.0,1,93.0,206.0,1,0.995,High Risk
16605,1117.0,1,3578.0,1117.0,1,1.0,High Risk
16606,1098.0,1,3578.0,1098.0,1,1.0,High Risk
16607,70.0,2,5997.0,1123.0,0,0.0,Low Risk
16608,313.0,1,7.0,313.0,1,1.0,High Risk
16609,85.0,1,34.0,85.0,0,0.0,Low Risk
16610,210.0,1,36.0,210.0,1,1.0,High Risk
16611,255.0,1,43.0,255.0,1,1.0,High Risk
16612,1098.0,1,3578.0,1098.0,1,1.0,High Risk
16613,1121.0,1,3578.0,1121.0,1,1.0,High Risk
16614,420.0,1,783.0,420.0,1,1.0,High Risk
16615,1108.0,1,3578.0,1108.0,1,1.0,High Risk
16616,81.0,2,5998.0,1104.0,0,0.0,Low Risk
16617,80.0,2,5998.0,1124.0,0,0.0,Low Risk
16618,62.0,2,5976.0,1112.0,0,0.005,Low Risk
16619,178.0,1,69.0,178.0,1,1.0,High Risk
16620,201.0,1,34.0,201.0,1,1.0,High Risk
16621,128.0,1,89.0,128.0,1,1.0,High Risk
16622,69.0,2,5971.0,1124.0,0,0.06,Low Risk
16623,148.0,1,29.0,148.0,1,1.0,High Risk
16624,83.0,2,5984.0,1113.0,0,0.03,Low Risk
16625,361.0,1,29.0,361.0,1,1.0,High Risk
16626,80.0,2,5971.0,1113.0,0,0.0,Low Risk
16627,67.0,1,34.0,67.0,0,0.0,Low Risk
16628,170.0,1,36.0,170.0,1,1.0,High Risk
16629,176.0,1,5.0,176.0,1,1.0,High Risk
16630,29.0,1,36.0,29.0,0,0.0,Low Risk
16631,254.0,1,43.0,254.0,1,1.0,High Risk
16632,317.0,1,34.0,317.0,1,1.0,High Risk
16633,121.0,1,40.0,121.0,1,1.0,High Risk
16634,200.0,1,22.0,200.0,1,1.0,High Risk
16635,74.0,1,567.0,74.0,0,0.0,Low Risk
16636,44.0,1,93.0,44.0,0,0.0,Low Risk
16637,63.0,2,6011.0,1113.0,0,0.01,Low Risk
16638,208.0,1,69.0,208.0,1,1.0,High Risk
16639,240.0,1,36.0,240.0,1,1.0,High Risk
16640,184.0,1,21.0,184.0,1,1.0,High Risk
16641,1.0,1,60.0,1.0,0,0.0,Low Risk
16642,91.0,2,5962.0,1096.0,1,0.455,Medium Risk
16643,129.0,1,30.0,129.0,1,1.0,High Risk
16644,108.0,1,55.0,108.0,1,1.0,High Risk
16645,132.0,1,23.0,132.0,1,1.0,High Risk
16646,70.0,2,6051.0,1125.0,0,0.645,Medium Risk
16647,69.0,2,5997.0,1111.0,0,0.0,Low Risk
16648,17.0,1,21.0,17.0,0,0.0,Low Risk
16649,200.0,1,23.0,200.0,1,1.0,High Risk
16650,1108.0,1,3578.0,1108.0,1,1.0,High Risk
16651,129.0,1,23.0,129.0,1,1.0,High Risk
16652,70.0,2,6021.0,1099.0,0,0.57,Medium Risk
16653,176.0,1,75.0,176.0,1,1.0,High Risk
16654,255.0,1,129.0,255.0,1,1.0,High Risk
16655,306.0,1,21.0,306.0,1,1.0,High Risk
16656,109.0,1,21.0,109.0,1,1.0,High Risk
16657,176.0,1,70.0,176.0,1,1.0,High Risk
16658,61.0,1,84.0,61.0,0,0.0,Low Risk
16659,300.0,1,27.0,300.0,1,1.0,High Risk
16660,365.0,1,75.0,365.0,1,1.0,High Risk
16661,35.0,1,21.0,35.0,0,0.0,Low Risk
16662,338.0,1,23.0,338.0,1,1.0,High Risk
16663,87.0,2,5997.0,1100.0,0,0.0,Low Risk
16664,73.0,2,6047.0,1099.0,0,0.84,High Risk
16665,288.0,1,60.0,288.0,1,1.0,High Risk
16666,245.0,1,21.0,245.0,1,1.0,High Risk
16667,1118.0,1,3578.0,1118.0,1,1.0,High Risk
16668,61.0,2,5997.0,1105.0,0,0.005,Low Risk
16669,78.0,2,6006.0,1121.0,0,0.05,Low Risk
16670,83.0,2,5997.0,1099.0,0,0.0,Low Risk
16671,86.0,2,5976.0,1112.0,0,0.005,Low Risk
16672,76.0,2,5997.0,1115.0,0,0.005,Low Risk
16673,887.0,1,3578.0,887.0,1,1.0,High Risk
16674,1096.0,1,3578.0,1096.0,1,1.0,High Risk
16675,161.0,1,23.0,161.0,1,1.0,High Risk
16676,228.0,1,27.0,228.0,1,1.0,High Risk
16677,15.0,1,34.0,15.0,0,0.0,Low Risk
16678,190.0,1,84.0,190.0,1,0.995,High Risk
16679,1076.0,1,3578.0,1076.0,1,1.0,High Risk
16680,183.0,1,31.0,183.0,1,1.0,High Risk
16681,296.0,1,35.0,296.0,1,0.995,High Risk
16682,1078.0,1,3578.0,1078.0,1,1.0,High Risk
16683,64.0,1,23.0,64.0,0,0.0,Low Risk
16684,149.0,1,39.0,149.0,1,1.0,High Risk
16685,147.0,1,60.0,147.0,1,1.0,High Risk
16686,46.0,1,75.0,46.0,0,0.0,Low Risk
16687,0.0,1,75.0,0.0,0,0.0,Low Risk
16688,37.0,1,1183.0,37.0,0,0.0,Low Risk
16689,365.0,1,166.0,365.0,1,1.0,High Risk
16690,137.0,1,540.0,137.0,1,1.0,High Risk
16691,132.0,1,575.0,132.0,1,1.0,High Risk
16692,145.0,1,604.0,145.0,1,1.0,High Risk
16693,149.0,1,604.0,149.0,1,1.0,High Risk
16694,140.0,1,540.0,140.0,1,1.0,High Risk
16695,41.0,1,1184.0,41.0,0,0.0,Low Risk
16696,59.0,1,1120.0,59.0,0,0.0,Low Risk
16697,52.0,1,1183.0,52.0,0,0.0,Low Risk
16698,52.0,1,1120.0,52.0,0,0.0,Low Risk
16699,51.0,1,1179.0,51.0,0,0.0,Low Risk
16700,40.0,1,1155.0,40.0,0,0.0,Low Risk
16701,262.0,1,40.0,262.0,1,1.0,High Risk
16702,39.0,1,1155.0,39.0,0,0.0,Low Risk
16703,53.0,1,1155.0,53.0,0,0.0,Low Risk
16704,220.0,1,5.0,220.0,1,1.0,High Risk
16705,325.0,1,42.0,325.0,1,1.0,High Risk
16706,57.0,1,40.0,57.0,0,0.0,Low Risk
16707,142.0,1,554.0,142.0,1,1.0,High Risk
16708,135.0,1,561.0,135.0,1,1.0,High Risk
16709,150.0,1,64.0,150.0,1,1.0,High Risk
16710,148.0,1,629.0,148.0,1,1.0,High Risk
16711,110.0,1,563.0,110.0,1,1.0,High Risk
16712,120.0,1,618.0,120.0,1,1.0,High Risk
16713,33.0,1,1174.0,33.0,0,0.0,Low Risk
16714,51.0,1,1158.0,51.0,0,0.0,Low Risk
16715,47.0,1,1155.0,47.0,0,0.0,Low Risk
16716,52.0,1,1147.0,52.0,0,0.0,Low Risk
16717,213.0,1,7.0,213.0,1,1.0,High Risk
16718,55.0,1,13.0,55.0,0,0.0,Low Risk
16719,231.0,1,59.0,231.0,1,1.0,High Risk
16720,115.0,1,599.0,115.0,1,1.0,High Risk
16721,332.0,1,40.0,332.0,1,1.0,High Risk
16722,97.0,1,166.0,97.0,1,0.995,High Risk
16723,112.0,1,564.0,112.0,1,1.0,High Risk
16724,39.0,1,1155.0,39.0,0,0.0,Low Risk
16725,124.0,1,70.0,124.0,1,1.0,High Risk
16726,96.0,1,120.0,96.0,1,1.0,High Risk
16727,1089.0,1,3578.0,1089.0,1,1.0,High Risk
16728,312.0,1,6.0,312.0,1,1.0,High Risk
16729,66.0,1,68.0,66.0,0,0.0,Low Risk
16730,351.0,1,13.0,351.0,1,1.0,High Risk
16731,267.0,1,4.0,267.0,1,1.0,High Risk
16732,47.0,1,70.0,47.0,0,0.0,Low Risk
16733,80.0,1,30.0,80.0,0,0.0,Low Risk
16734,47.0,1,157.0,47.0,0,0.0,Low Risk
16735,237.0,1,120.0,237.0,1,1.0,High Risk
16736,4.0,1,84.0,4.0,0,0.0,Low Risk
16737,58.0,1,60.0,58.0,0,0.0,Low Risk
16738,251.0,1,23.0,251.0,1,1.0,High Risk
16739,130.0,1,79.0,130.0,1,1.0,High Risk
16740,258.0,1,70.0,258.0,1,1.0,High Risk
16741,317.0,1,25.0,317.0,1,1.0,High Risk
16742,7.0,1,23.0,7.0,0,0.0,Low Risk
16743,86.0,1,21.0,86.0,0,0.0,Low Risk
16744,50.0,1,1155.0,50.0,0,0.0,Low Risk
16745,372.0,1,643.0,372.0,1,1.0,High Risk
16746,387.0,1,618.0,387.0,1,1.0,High Risk
16747,335.0,1,629.0,335.0,1,1.0,High Risk
16748,58.0,1,84.0,58.0,0,0.0,Low Risk
16749,118.0,1,23.0,118.0,1,1.0,High Risk
16750,167.0,1,21.0,167.0,1,1.0,High Risk
16751,134.0,1,23.0,134.0,1,1.0,High Risk
16752,244.0,1,75.0,244.0,1,1.0,High Risk
16753,893.0,1,3578.0,893.0,1,1.0,High Risk
16754,313.0,1,25.0,313.0,1,1.0,High Risk
16755,159.0,1,23.0,159.0,1,1.0,High Risk
16756,267.0,1,60.0,267.0,1,1.0,High Risk
16757,195.0,1,70.0,195.0,1,1.0,High Risk
16758,309.0,1,133.0,309.0,1,1.0,High Risk
16759,309.0,1,70.0,309.0,1,1.0,High Risk
16760,1076.0,1,3578.0,1076.0,1,1.0,High Risk
16761,243.0,1,1169.0,243.0,1,1.0,High Risk
16762,231.0,1,1155.0,231.0,1,1.0,High Risk
16763,83.0,1,575.0,83.0,0,0.0,Low Risk
16764,115.0,1,785.0,115.0,1,1.0,High Risk
16765,106.0,1,776.0,106.0,1,1.0,High Risk
16766,373.0,1,742.0,373.0,1,1.0,High Risk
16767,390.0,1,827.0,390.0,1,1.0,High Risk
16768,396.0,1,776.0,396.0,1,1.0,High Risk
16769,103.0,1,742.0,103.0,1,0.995,High Risk
16770,97.0,1,776.0,97.0,1,1.0,High Risk
16771,340.0,1,751.0,340.0,1,1.0,High Risk
16772,115.0,1,777.0,115.0,1,1.0,High Risk
16773,327.0,1,124.0,327.0,1,1.0,High Risk
16774,69.0,1,777.0,69.0,0,0.0,Low Risk
16775,342.0,1,771.0,342.0,1,1.0,High Risk
16776,218.0,1,1120.0,218.0,1,1.0,High Risk
16777,76.0,1,751.0,76.0,0,0.0,Low Risk
16778,342.0,1,778.0,342.0,1,1.0,High Risk
16779,180.0,1,540.0,180.0,1,1.0,High Risk
16780,74.0,1,40.0,74.0,0,0.0,Low Risk
16781,75.0,1,777.0,75.0,0,0.0,Low Risk
16782,154.0,1,575.0,154.0,1,1.0,High Risk
16783,337.0,1,48.0,337.0,1,0.99,High Risk
16784,301.0,1,165.0,301.0,1,1.0,High Risk
16785,69.0,1,751.0,69.0,0,0.0,Low Risk
16786,188.0,1,39.0,188.0,1,0.995,High Risk
16787,145.0,1,575.0,145.0,1,1.0,High Risk
16788,337.0,1,69.0,337.0,1,1.0,High Risk
16789,323.0,1,6.0,323.0,1,1.0,High Risk
16790,151.0,1,554.0,151.0,1,1.0,High Risk
16791,145.0,1,563.0,145.0,1,1.0,High Risk
16792,332.0,1,777.0,332.0,1,1.0,High Risk
16793,324.0,1,751.0,324.0,1,1.0,High Risk
16794,23.0,1,55.0,23.0,0,0.0,Low Risk
16795,331.0,1,25.0,331.0,1,1.0,High Risk
16796,209.0,1,1174.0,209.0,1,1.0,High Risk
16797,178.0,1,1134.0,178.0,1,1.0,High Risk
16798,243.0,1,1120.0,243.0,1,1.0,High Risk
16799,199.0,1,1174.0,199.0,1,1.0,High Risk
16800,375.0,1,1174.0,375.0,1,1.0,High Risk
16801,360.0,1,1120.0,360.0,1,1.0,High Risk
16802,334.0,1,777.0,334.0,1,1.0,High Risk
16803,133.0,1,561.0,133.0,1,1.0,High Risk
16804,260.0,1,40.0,260.0,1,1.0,High Risk
16805,125.0,1,54.0,125.0,1,1.0,High Risk
16806,78.0,1,49.0,78.0,0,0.0,Low Risk
16807,343.0,1,4.0,343.0,1,1.0,High Risk
16808,345.0,1,5.0,345.0,1,1.0,High Risk
16809,76.0,1,866.0,76.0,0,0.0,Low Risk
16810,194.0,1,1164.0,194.0,1,1.0,High Risk
16811,45.0,1,578.0,45.0,0,0.0,Low Risk
16812,192.0,1,1155.0,192.0,1,1.0,High Risk
16813,163.0,1,40.0,163.0,1,1.0,High Risk
16814,163.0,1,23.0,163.0,1,1.0,High Risk
16815,318.0,1,182.0,318.0,1,1.0,High Risk
16816,347.0,1,110.0,347.0,1,0.995,High Risk
16817,249.0,1,49.0,249.0,1,1.0,High Risk
16818,42.0,1,563.0,42.0,0,0.0,Low Risk
16819,32.0,1,608.0,32.0,0,0.0,Low Risk
16820,379.0,1,2419.0,379.0,1,0.995,High Risk
16821,395.0,1,2419.0,395.0,1,1.0,High Risk
16822,350.0,1,2428.0,350.0,1,1.0,High Risk
16823,188.0,1,34.0,188.0,1,1.0,High Risk
16824,207.0,1,1164.0,207.0,1,1.0,High Risk
16825,88.0,1,786.0,88.0,0,0.0,Low Risk
16826,278.0,1,901.0,278.0,1,1.0,High Risk
16827,282.0,1,23.0,282.0,1,1.0,High Risk
16828,82.0,1,25.0,82.0,0,0.0,Low Risk
16829,311.0,1,27.0,311.0,1,1.0,High Risk
16830,56.0,1,40.0,56.0,0,0.0,Low Risk
16831,81.0,1,60.0,81.0,0,0.0,Low Risk
16832,5.0,1,27.0,5.0,0,0.0,Low Risk
16833,170.0,1,21.0,170.0,1,1.0,High Risk
16834,71.0,1,21.0,71.0,0,0.0,Low Risk
16835,203.0,1,14.0,203.0,1,1.0,High Risk
16836,339.0,1,43.0,339.0,1,1.0,High Risk
16837,317.0,1,5.0,317.0,1,1.0,High Risk
16838,347.0,1,60.0,347.0,1,1.0,High Risk
16839,65.0,1,30.0,65.0,0,0.0,Low Risk
16840,321.0,1,2419.0,321.0,1,1.0,High Risk
16841,243.0,1,49.0,243.0,1,1.0,High Risk
16842,315.0,1,60.0,315.0,1,1.0,High Risk
16843,214.0,1,23.0,214.0,1,1.0,High Risk
16844,203.0,1,27.0,203.0,1,1.0,High Risk
16845,224.0,1,90.0,224.0,1,1.0,High Risk
16846,87.0,1,751.0,87.0,0,0.0,Low Risk
16847,56.0,1,791.0,56.0,0,0.0,Low Risk
16848,224.0,1,23.0,224.0,1,1.0,High Risk
16849,92.0,1,27.0,92.0,1,1.0,High Risk
16850,82.0,1,40.0,82.0,0,0.0,Low Risk
16851,307.0,1,73.0,307.0,1,1.0,High Risk
16852,295.0,1,40.0,295.0,1,1.0,High Risk
16853,139.0,1,575.0,139.0,1,1.0,High Risk
16854,128.0,1,19.0,128.0,1,1.0,High Risk
16855,57.0,1,750.0,57.0,0,0.0,Low Risk
16856,87.0,1,23.0,87.0,0,0.0,Low Risk
16857,124.0,1,578.0,124.0,1,1.0,High Risk
16858,320.0,1,40.0,320.0,1,1.0,High Risk
16859,192.0,1,75.0,192.0,1,0.995,High Risk
16860,291.0,1,777.0,291.0,1,1.0,High Risk
16861,38.0,1,615.0,38.0,0,0.0,Low Risk
16862,39.0,1,540.0,39.0,0,0.0,Low Risk
16863,38.0,1,549.0,38.0,0,0.0,Low Risk
16864,41.0,1,565.0,41.0,0,0.0,Low Risk
16865,240.0,1,2447.0,240.0,1,1.0,High Risk
16866,235.0,1,2419.0,235.0,1,1.0,High Risk
16867,206.0,1,2398.0,206.0,1,1.0,High Risk
16868,174.0,1,2443.0,174.0,1,1.0,High Risk
16869,121.0,1,2419.0,121.0,1,1.0,High Risk
16870,97.0,1,2462.0,97.0,1,0.995,High Risk
16871,77.0,1,2419.0,77.0,0,0.0,Low Risk
16872,36.0,1,2384.0,36.0,0,0.0,Low Risk
16873,42.0,1,2393.0,42.0,0,0.0,Low Risk
16874,396.0,1,1250.0,396.0,1,1.0,High Risk
16875,323.0,1,1288.0,323.0,1,1.0,High Risk
16876,323.0,1,1269.0,323.0,1,1.0,High Risk
16877,215.0,1,1215.0,215.0,1,1.0,High Risk
16878,201.0,1,1229.0,201.0,1,1.0,High Risk
16879,178.0,1,1284.0,178.0,1,1.0,High Risk
16880,170.0,1,1314.0,170.0,1,1.0,High Risk
16881,292.0,1,2393.0,292.0,1,1.0,High Risk
16882,43.0,1,777.0,43.0,0,0.0,Low Risk
16883,291.0,1,791.0,291.0,1,1.0,High Risk
16884,281.0,1,778.0,281.0,1,1.0,High Risk
16885,288.0,1,756.0,288.0,1,1.0,High Risk
16886,122.0,1,604.0,122.0,1,1.0,High Risk
16887,83.0,1,40.0,83.0,0,0.0,Low Risk
16888,268.0,1,39.0,268.0,1,1.0,High Risk
16889,42.0,1,23.0,42.0,0,0.0,Low Risk
16890,95.0,1,72.0,95.0,1,1.0,High Risk
16891,138.0,1,561.0,138.0,1,1.0,High Risk
16892,137.0,1,598.0,137.0,1,1.0,High Risk
16893,118.0,1,649.0,118.0,1,1.0,High Risk
16894,120.0,1,35.0,120.0,1,1.0,High Risk
16895,102.0,1,549.0,102.0,1,1.0,High Risk
16896,44.0,1,811.0,44.0,0,0.0,Low Risk
16897,93.0,1,540.0,93.0,1,1.0,High Risk
16898,248.0,1,750.0,248.0,1,1.0,High Risk
16899,46.0,1,751.0,46.0,0,0.0,Low Risk
16900,50.0,1,777.0,50.0,0,0.0,Low Risk
16901,255.0,1,777.0,255.0,1,1.0,High Risk
16902,284.0,1,2433.0,284.0,1,1.0,High Risk
16903,182.0,1,1174.0,182.0,1,1.0,High Risk
16904,306.0,1,39.0,306.0,1,1.0,High Risk
16905,338.0,1,156.0,338.0,1,0.995,High Risk
16906,224.0,1,21.0,224.0,1,1.0,High Risk
16907,99.0,1,540.0,99.0,1,1.0,High Risk
16908,96.0,1,578.0,96.0,1,1.0,High Risk
16909,245.0,1,786.0,245.0,1,1.0,High Risk
16910,110.0,1,549.0,110.0,1,1.0,High Risk
16911,349.0,1,575.0,349.0,1,1.0,High Risk
16912,22.0,1,25.0,22.0,0,0.0,Low Risk
16913,40.0,1,60.0,40.0,0,0.0,Low Risk
16914,170.0,1,5.0,170.0,1,1.0,High Risk
16915,291.0,1,40.0,291.0,1,1.0,High Risk
16916,105.0,1,40.0,105.0,1,1.0,High Risk
16917,37.0,1,40.0,37.0,0,0.0,Low Risk
16918,1075.0,1,3578.0,1075.0,1,1.0,High Risk
16919,63.0,2,5998.0,1077.0,0,0.005,Low Risk
16920,89.0,2,6016.0,1066.0,0,0.01,Low Risk
16921,82.0,2,5997.0,1078.0,0,0.0,Low Risk
16922,162.0,1,7.0,162.0,1,1.0,High Risk
16923,101.0,1,60.0,101.0,1,1.0,High Risk
16924,97.0,1,29.0,97.0,1,1.0,High Risk
16925,305.0,1,2526.0,305.0,1,1.0,High Risk
16926,76.0,1,39.0,76.0,0,0.0,Low Risk
16927,317.0,1,5.0,317.0,1,1.0,High Risk
16928,35.0,1,4.0,35.0,0,0.0,Low Risk
16929,154.0,1,1120.0,154.0,1,1.0,High Risk
16930,311.0,1,4.0,311.0,1,1.0,High Risk
16931,302.0,1,36.0,302.0,1,1.0,High Risk
16932,67.0,1,7.0,67.0,0,0.0,Low Risk
16933,172.0,1,124.0,172.0,1,1.0,High Risk
16934,69.0,1,13.0,69.0,0,0.0,Low Risk
16935,46.0,1,5.0,46.0,0,0.0,Low Risk
16936,155.0,1,114.0,155.0,1,1.0,High Risk
16937,225.0,1,25.0,225.0,1,1.0,High Risk
16938,316.0,1,2641.0,316.0,1,1.0,High Risk
16939,200.0,1,39.0,200.0,1,1.0,High Risk
16940,293.0,1,93.0,293.0,1,1.0,High Risk
16941,262.0,1,39.0,262.0,1,1.0,High Risk
16942,218.0,1,15.0,218.0,1,1.0,High Risk
16943,363.0,1,29.0,363.0,1,1.0,High Risk
16944,284.0,1,2443.0,284.0,1,1.0,High Risk
16945,245.0,1,2579.0,245.0,1,1.0,High Risk
16946,277.0,1,13.0,277.0,1,1.0,High Risk
16947,70.0,1,1143.0,70.0,0,0.0,Low Risk
16948,92.0,1,5.0,92.0,1,1.0,High Risk
16949,243.0,1,2457.0,243.0,1,1.0,High Risk
16950,389.0,1,574.0,389.0,1,1.0,High Risk
16951,83.0,1,5.0,83.0,0,0.0,Low Risk
16952,45.0,1,2335.0,45.0,0,0.0,Low Risk
16953,215.0,1,2480.0,215.0,1,1.0,High Risk
16954,350.0,1,549.0,350.0,1,1.0,High Risk
16955,160.0,1,40.0,160.0,1,1.0,High Risk
16956,222.0,1,39.0,222.0,1,1.0,High Risk
16957,341.0,1,554.0,341.0,1,1.0,High Risk
16958,303.0,1,6.0,303.0,1,1.0,High Risk
16959,43.0,1,39.0,43.0,0,0.0,Low Risk
16960,180.0,1,55.0,180.0,1,1.0,High Risk
16961,283.0,1,7.0,283.0,1,1.0,High Risk
16962,311.0,1,29.0,311.0,1,1.0,High Risk
16963,182.0,1,7.0,182.0,1,1.0,High Risk
16964,47.0,1,7.0,47.0,0,0.0,Low Risk
16965,269.0,1,6.0,269.0,1,1.0,High Risk
16966,325.0,1,565.0,325.0,1,1.0,High Risk
16967,310.0,1,40.0,310.0,1,1.0,High Risk
16968,285.0,1,554.0,285.0,1,1.0,High Risk
16969,360.0,1,40.0,360.0,1,1.0,High Risk
16970,64.0,1,599.0,64.0,0,0.0,Low Risk
16971,299.0,1,64.0,299.0,1,1.0,High Risk
16972,90.0,1,59.0,90.0,0,0.0,Low Risk
16973,66.0,1,68.0,66.0,0,0.0,Low Risk
16974,65.0,1,540.0,65.0,0,0.0,Low Risk
16975,73.0,1,554.0,73.0,0,0.0,Low Risk
16976,139.0,1,83.0,139.0,1,0.995,High Risk
16977,134.0,1,59.0,134.0,1,1.0,High Risk
16978,80.0,1,554.0,80.0,0,0.0,Low Risk
16979,358.0,1,29.0,358.0,1,1.0,High Risk
16980,179.0,1,5.0,179.0,1,1.0,High Risk
16981,257.0,1,29.0,257.0,1,1.0,High Risk
16982,362.0,1,40.0,362.0,1,1.0,High Risk
16983,87.0,1,604.0,87.0,0,0.0,Low Risk
16984,89.0,1,540.0,89.0,0,0.0,Low Risk
16985,61.0,1,561.0,61.0,0,0.0,Low Risk
16986,72.0,1,540.0,72.0,0,0.0,Low Risk
16987,50.0,1,554.0,50.0,0,0.0,Low Risk
16988,55.0,1,554.0,55.0,0,0.0,Low Risk
16989,101.0,1,7.0,101.0,1,1.0,High Risk
16990,21.0,1,4.0,21.0,0,0.0,Low Risk
16991,167.0,1,39.0,167.0,1,1.0,High Risk
16992,135.0,1,2.0,135.0,1,1.0,High Risk
16993,70.0,1,2.0,70.0,0,0.0,Low Risk
16994,268.0,1,2.0,268.0,1,1.0,High Risk
16995,158.0,1,7.0,158.0,1,1.0,High Risk
16996,332.0,1,5.0,332.0,1,1.0,High Risk
16997,353.0,1,68.0,353.0,1,1.0,High Risk
16998,88.0,1,5.0,88.0,0,0.0,Low Risk
16999,140.0,1,144.0,140.0,1,1.0,High Risk
17000,79.0,1,103.0,79.0,0,0.0,Low Risk
17001,143.0,1,94.0,143.0,1,1.0,High Risk
17002,107.0,1,40.0,107.0,1,1.0,High Risk
17003,302.0,1,40.0,302.0,1,1.0,High Risk
17004,342.0,1,5.0,342.0,1,1.0,High Risk
17005,288.0,1,7.0,288.0,1,1.0,High Risk
17006,307.0,1,7.0,307.0,1,1.0,High Risk
17007,233.0,1,7.0,233.0,1,1.0,High Risk
17008,166.0,1,40.0,166.0,1,1.0,High Risk
17009,188.0,1,7.0,188.0,1,1.0,High Risk
17010,201.0,1,7.0,201.0,1,1.0,High Risk
17011,170.0,1,64.0,170.0,1,1.0,High Risk
17012,279.0,1,7.0,279.0,1,1.0,High Risk
17013,158.0,1,7.0,158.0,1,1.0,High Risk
17014,899.0,1,3578.0,899.0,1,1.0,High Risk
17015,1089.0,1,3578.0,1089.0,1,1.0,High Risk
17016,246.0,1,29.0,246.0,1,1.0,High Risk
17017,110.0,1,2.0,110.0,1,1.0,High Risk
17018,1082.0,1,3578.0,1082.0,1,1.0,High Risk
17019,1094.0,1,3578.0,1094.0,1,1.0,High Risk
17020,38.0,1,7.0,38.0,0,0.0,Low Risk
17021,265.0,1,40.0,265.0,1,1.0,High Risk
17022,203.0,1,79.0,203.0,1,1.0,High Risk
17023,1078.0,1,3578.0,1078.0,1,1.0,High Risk
17024,25.0,1,40.0,25.0,0,0.0,Low Risk
17025,11.0,1,194.0,11.0,0,0.0,Low Risk
17026,7.0,1,70.0,7.0,0,0.0,Low Risk
17027,62.0,1,7.0,62.0,0,0.0,Low Risk
17028,82.0,1,120.0,82.0,0,0.0,Low Risk
17029,295.0,1,64.0,295.0,1,1.0,High Risk
17030,157.0,1,40.0,157.0,1,1.0,High Risk
17031,69.0,2,5971.0,1083.0,0,0.005,Low Risk
17032,70.0,2,6047.0,1086.0,0,0.925,High Risk
17033,341.0,1,75.0,341.0,1,1.0,High Risk
17034,90.0,1,25.0,90.0,0,0.0,Low Risk
17035,55.0,1,70.0,55.0,0,0.0,Low Risk
17036,274.0,1,70.0,274.0,1,1.0,High Risk
17037,909.0,1,3578.0,909.0,1,1.0,High Risk
17038,45.0,1,34.0,45.0,0,0.0,Low Risk
17039,68.0,2,5985.0,1092.0,0,0.035,Low Risk
17040,1084.0,1,3578.0,1084.0,1,1.0,High Risk
17041,1085.0,1,3578.0,1085.0,1,1.0,High Risk
17042,1066.0,1,3578.0,1066.0,1,1.0,High Risk
17043,1081.0,1,3578.0,1081.0,1,1.0,High Risk
17044,279.0,1,40.0,279.0,1,1.0,High Risk
17045,1077.0,1,3578.0,1077.0,1,1.0,High Risk
17046,143.0,1,120.0,143.0,1,1.0,High Risk
17047,46.0,1,70.0,46.0,0,0.0,Low Risk
17048,1078.0,1,3578.0,1078.0,1,1.0,High Risk
17049,89.0,1,84.0,89.0,0,0.0,Low Risk
17050,349.0,1,27.0,349.0,1,1.0,High Risk
17051,110.0,1,21.0,110.0,1,1.0,High Risk
17052,884.0,1,3578.0,884.0,1,1.0,High Risk
17053,85.0,1,68.0,85.0,0,0.0,Low Risk
17054,288.0,1,69.0,288.0,1,1.0,High Risk
17055,304.0,1,25.0,304.0,1,1.0,High Risk
17056,226.0,1,75.0,226.0,1,1.0,High Risk
17057,62.0,1,30.0,62.0,0,0.0,Low Risk
17058,309.0,1,21.0,309.0,1,1.0,High Risk
17059,56.0,1,21.0,56.0,0,0.0,Low Risk
17060,189.0,1,83.0,189.0,1,0.995,High Risk
17061,173.0,1,40.0,173.0,1,1.0,High Risk
17062,88.0,2,6006.0,1077.0,0,0.005,Low Risk
17063,62.0,2,5962.0,1066.0,0,0.045,Low Risk
17064,88.0,2,6026.0,1084.0,0,0.53,Medium Risk
17065,83.0,2,5962.0,1070.0,0,0.11,Low Risk
17066,74.0,2,5997.0,1091.0,0,0.0,Low Risk
17067,65.0,2,5997.0,1095.0,0,0.005,Low Risk
17068,71.0,2,5997.0,1085.0,0,0.0,Low Risk
17069,63.0,2,6021.0,1087.0,0,0.66,Medium Risk
17070,62.0,1,554.0,62.0,0,0.0,Low Risk
17071,50.0,2,5997.0,1082.0,0,0.0,Low Risk
17072,49.0,2,5971.0,1085.0,0,0.005,Low Risk
17073,91.0,1,549.0,91.0,1,1.0,High Risk
17074,249.0,1,7.0,249.0,1,1.0,High Risk
17075,103.0,1,13.0,103.0,1,1.0,High Risk
17076,66.0,1,88.0,66.0,0,0.0,Low Risk
17077,35.0,2,5997.0,1086.0,0,0.005,Low Risk
17078,238.0,1,21.0,238.0,1,1.0,High Risk
17079,43.0,2,6011.0,1075.0,0,0.01,Low Risk
17080,59.0,1,40.0,59.0,0,0.0,Low Risk
17081,334.0,1,40.0,334.0,1,1.0,High Risk
17082,45.0,1,25.0,45.0,0,0.0,Low Risk
17083,332.0,1,60.0,332.0,1,1.0,High Risk
17084,34.0,2,5962.0,1081.0,0,0.01,Low Risk
17085,144.0,1,60.0,144.0,1,1.0,High Risk
17086,240.0,1,5.0,240.0,1,1.0,High Risk
17087,295.0,1,166.0,295.0,1,1.0,High Risk
17088,244.0,1,7.0,244.0,1,1.0,High Risk
17089,1059.0,1,3578.0,1059.0,1,1.0,High Risk
17090,138.0,1,15.0,138.0,1,1.0,High Risk
17091,302.0,1,40.0,302.0,1,1.0,High Risk
17092,64.0,1,1250.0,64.0,0,0.0,Low Risk
17093,901.0,1,3578.0,901.0,1,1.0,High Risk
17094,130.0,1,2.0,130.0,1,1.0,High Risk
17095,341.0,1,2.0,341.0,1,1.0,High Risk
17096,215.0,1,2.0,215.0,1,1.0,High Risk
17097,1050.0,1,3578.0,1050.0,1,1.0,High Risk
17098,1056.0,1,3578.0,1056.0,1,1.0,High Risk
17099,78.0,1,1250.0,78.0,0,0.0,Low Risk
17100,33.0,2,6021.0,1039.0,0,0.1,Low Risk
17101,169.0,1,49.0,169.0,1,1.0,High Risk
17102,352.0,1,79.0,352.0,1,1.0,High Risk
17103,32.0,1,1300.0,32.0,0,0.005,Low Risk
17104,47.0,1,1215.0,47.0,0,0.0,Low Risk
17105,60.0,1,7.0,60.0,0,0.0,Low Risk
17106,140.0,1,7.0,140.0,1,1.0,High Risk
17107,288.0,1,13.0,288.0,1,1.0,High Risk
17108,348.0,1,810.0,348.0,1,1.0,High Risk
17109,327.0,1,751.0,327.0,1,1.0,High Risk
17110,322.0,1,778.0,322.0,1,0.995,High Risk
17111,322.0,1,845.0,322.0,1,0.995,High Risk
17112,307.0,1,865.0,307.0,1,0.995,High Risk
17113,1058.0,1,3578.0,1058.0,1,1.0,High Risk
17114,285.0,1,901.0,285.0,1,1.0,High Risk
17115,337.0,1,570.0,337.0,1,1.0,High Risk
17116,325.0,1,563.0,325.0,1,1.0,High Risk
17117,280.0,1,618.0,280.0,1,1.0,High Risk
17118,295.0,1,565.0,295.0,1,1.0,High Risk
17119,37.0,1,589.0,37.0,0,0.0,Low Risk
17120,49.0,1,575.0,49.0,0,0.0,Low Risk
17121,53.0,1,540.0,53.0,0,0.0,Low Risk
17122,83.0,1,120.0,83.0,0,0.0,Low Risk
17123,248.0,1,40.0,248.0,1,1.0,High Risk
17124,122.0,1,5.0,122.0,1,1.0,High Risk
17125,61.0,1,21.0,61.0,0,0.0,Low Risk
17126,46.0,1,5.0,46.0,0,0.0,Low Risk
17127,294.0,1,14.0,294.0,1,1.0,High Risk
17128,296.0,1,5.0,296.0,1,1.0,High Risk
17129,58.0,1,13.0,58.0,0,0.0,Low Risk
17130,899.0,1,3578.0,899.0,1,1.0,High Risk
17131,898.0,1,3578.0,898.0,1,1.0,High Risk
17132,50.0,2,6011.0,1061.0,0,0.025,Low Risk
17133,54.0,1,549.0,54.0,0,0.0,Low Risk
17134,59.0,1,575.0,59.0,0,0.0,Low Risk
17135,51.0,1,575.0,51.0,0,0.0,Low Risk
17136,57.0,1,549.0,57.0,0,0.0,Low Risk
17137,391.0,1,2384.0,391.0,1,1.0,High Risk
17138,107.0,1,7.0,107.0,1,1.0,High Risk
17139,3.0,1,7.0,3.0,0,0.0,Low Risk
17140,149.0,1,127.0,149.0,1,1.0,High Risk
17141,31.0,1,40.0,31.0,0,0.0,Low Risk
17142,340.0,1,94.0,340.0,1,1.0,High Risk
17143,1039.0,1,3578.0,1039.0,1,1.0,High Risk
17144,316.0,1,14.0,316.0,1,1.0,High Risk
17145,195.0,1,15.0,195.0,1,1.0,High Risk
17146,1063.0,1,3578.0,1063.0,1,1.0,High Risk
17147,205.0,1,60.0,205.0,1,1.0,High Risk
17148,1035.0,1,3578.0,1035.0,1,1.0,High Risk
17149,1046.0,1,3578.0,1046.0,1,1.0,High Risk
17150,1049.0,1,3578.0,1049.0,1,1.0,High Risk
17151,1050.0,1,3578.0,1050.0,1,1.0,High Risk
17152,214.0,1,5.0,214.0,1,1.0,High Risk
17153,39.0,2,6025.0,1035.0,0,0.085,Low Risk
17154,86.0,1,570.0,86.0,0,0.0,Low Risk
17155,52.0,2,5971.0,1047.0,0,0.72,High Risk
17156,55.0,2,5962.0,1042.0,0,0.06,Low Risk
17157,52.0,2,5997.0,1064.0,0,0.005,Low Risk
17158,140.0,1,7.0,140.0,1,1.0,High Risk
17159,35.0,2,5997.0,1055.0,0,0.02,Low Risk
17160,35.0,2,5978.0,1049.0,0,0.675,Medium Risk
17161,63.0,1,575.0,63.0,0,0.0,Low Risk
17162,901.0,1,3578.0,901.0,1,1.0,High Risk
17163,1048.0,1,3578.0,1048.0,1,1.0,High Risk
17164,1042.0,1,3578.0,1042.0,1,1.0,High Risk
17165,1051.0,1,3578.0,1051.0,1,1.0,High Risk
17166,900.0,1,3578.0,900.0,1,1.0,High Risk
17167,1045.0,1,3578.0,1045.0,1,1.0,High Risk
17168,1040.0,1,3578.0,1040.0,1,1.0,High Risk
17169,1061.0,1,3578.0,1061.0,1,1.0,High Risk
17170,898.0,1,3578.0,898.0,1,1.0,High Risk
17171,1047.0,1,3578.0,1047.0,1,1.0,High Risk
17172,1038.0,1,3578.0,1038.0,1,1.0,High Risk
17173,1062.0,1,3578.0,1062.0,1,1.0,High Risk
17174,886.0,1,3578.0,886.0,1,1.0,High Risk
17175,13.0,1,40.0,13.0,0,0.0,Low Risk
17176,338.0,1,7.0,338.0,1,1.0,High Risk
17177,899.0,1,3578.0,899.0,1,1.0,High Risk
17178,890.0,1,3578.0,890.0,1,1.0,High Risk
17179,906.0,1,3578.0,906.0,1,1.0,High Risk
17180,1058.0,1,3578.0,1058.0,1,1.0,High Risk
17181,1046.0,1,3578.0,1046.0,1,1.0,High Risk
17182,1061.0,1,3578.0,1061.0,1,1.0,High Risk
17183,1060.0,1,3578.0,1060.0,1,1.0,High Risk
17184,1058.0,1,3578.0,1058.0,1,1.0,High Risk
17185,1043.0,1,3578.0,1043.0,1,1.0,High Risk
17186,1059.0,1,3578.0,1059.0,1,1.0,High Risk
17187,1060.0,1,3578.0,1060.0,1,1.0,High Risk
17188,199.0,1,40.0,199.0,1,1.0,High Risk
17189,55.0,1,29.0,55.0,0,0.0,Low Risk
17190,38.0,1,567.0,38.0,0,0.0,Low Risk
17191,55.0,2,5997.0,1040.0,0,0.05,Low Risk
17192,57.0,2,5997.0,1043.0,0,0.005,Low Risk
17193,99.0,1,30.0,99.0,1,0.99,High Risk
17194,38.0,2,6016.0,1059.0,0,0.005,Low Risk
17195,39.0,2,6115.0,1038.0,0,0.12,Low Risk
17196,54.0,1,575.0,54.0,0,0.0,Low Risk
17197,41.0,2,5985.0,1007.0,0,0.065,Low Risk
17198,901.0,1,3578.0,901.0,1,1.0,High Risk
17199,900.0,1,3578.0,900.0,1,1.0,High Risk
17200,1032.0,1,3578.0,1032.0,1,1.0,High Risk
17201,1028.0,1,3578.0,1028.0,1,1.0,High Risk
17202,374.0,1,2419.0,374.0,1,1.0,High Risk
17203,394.0,1,2419.0,394.0,1,1.0,High Risk
17204,388.0,1,2384.0,388.0,1,1.0,High Risk
17205,393.0,1,2419.0,393.0,1,1.0,High Risk
17206,277.0,1,604.0,277.0,1,1.0,High Risk
17207,369.0,1,2398.0,369.0,1,1.0,High Risk
17208,388.0,1,2462.0,388.0,1,1.0,High Risk
17209,339.0,1,2398.0,339.0,1,1.0,High Risk
17210,286.0,1,575.0,286.0,1,1.0,High Risk
17211,288.0,1,564.0,288.0,1,1.0,High Risk
17212,292.0,1,540.0,292.0,1,1.0,High Risk
17213,284.0,1,619.0,284.0,1,1.0,High Risk
17214,170.0,1,40.0,170.0,1,1.0,High Risk
17215,120.0,1,60.0,120.0,1,1.0,High Risk
17216,299.0,1,589.0,299.0,1,1.0,High Risk
17217,332.0,1,7.0,332.0,1,1.0,High Risk
17218,337.0,1,2408.0,337.0,1,1.0,High Risk
17219,142.0,1,19.0,142.0,1,1.0,High Risk
17220,65.0,1,40.0,65.0,0,0.0,Low Risk
17221,73.0,1,14.0,73.0,0,0.0,Low Risk
17222,1019.0,1,3578.0,1019.0,1,1.0,High Risk
17223,1034.0,1,3578.0,1034.0,1,1.0,High Risk
17224,1018.0,1,3578.0,1018.0,1,1.0,High Risk
17225,45.0,2,6016.0,1019.0,0,0.01,Low Risk
17226,207.0,1,60.0,207.0,1,1.0,High Risk
17227,361.0,1,60.0,361.0,1,1.0,High Risk
17228,154.0,1,60.0,154.0,1,1.0,High Risk
17229,146.0,1,21.0,146.0,1,1.0,High Risk
17230,160.0,1,27.0,160.0,1,1.0,High Risk
17231,250.0,1,25.0,250.0,1,1.0,High Risk
17232,171.0,1,23.0,171.0,1,1.0,High Risk
17233,208.0,1,143.0,208.0,1,1.0,High Risk
17234,257.0,1,21.0,257.0,1,1.0,High Risk
17235,38.0,2,5976.0,1024.0,0,0.005,Low Risk
17236,318.0,1,30.0,318.0,1,1.0,High Risk
17237,186.0,1,60.0,186.0,1,1.0,High Risk
17238,364.0,1,33.0,364.0,1,1.0,High Risk
17239,30.0,1,21.0,30.0,0,0.0,Low Risk
17240,333.0,1,7.0,333.0,1,1.0,High Risk
17241,37.0,2,5998.0,1021.0,0,0.01,Low Risk
17242,328.0,1,130.0,328.0,1,1.0,High Risk
17243,168.0,1,7.0,168.0,1,1.0,High Risk
17244,37.0,2,6061.0,1027.0,0,0.065,Low Risk
17245,46.0,2,6026.0,1027.0,0,0.01,Low Risk
17246,26.0,1,7.0,26.0,0,0.0,Low Risk
17247,36.0,2,5976.0,1022.0,0,0.005,Low Risk
17248,44.0,2,5962.0,1007.0,0,0.05,Low Risk
17249,341.0,1,5.0,341.0,1,1.0,High Risk
17250,106.0,1,28.0,106.0,1,1.0,High Risk
17251,56.0,2,6016.0,1025.0,0,0.0,Low Risk
17252,228.0,1,5.0,228.0,1,1.0,High Risk
17253,101.0,1,5.0,101.0,1,1.0,High Risk
17254,210.0,1,14.0,210.0,1,1.0,High Risk
17255,221.0,1,166.0,221.0,1,0.995,High Risk
17256,45.0,2,6051.0,1005.0,0,0.105,Low Risk
17257,246.0,1,29.0,246.0,1,1.0,High Risk
17258,54.0,2,5976.0,1031.0,0,0.025,Low Risk
17259,27.0,1,7.0,27.0,0,0.0,Low Risk
17260,37.0,2,6118.0,1026.0,0,0.05,Low Risk
17261,214.0,1,7.0,214.0,1,1.0,High Risk
17262,92.0,1,28.0,92.0,1,1.0,High Risk
17263,7.0,1,7.0,7.0,0,0.0,Low Risk
17264,70.0,1,40.0,70.0,0,0.0,Low Risk
17265,48.0,2,5997.0,1008.0,0,0.01,Low Risk
17266,61.0,1,40.0,61.0,0,0.0,Low Risk
17267,301.0,1,5.0,301.0,1,1.0,High Risk
17268,334.0,1,64.0,334.0,1,1.0,High Risk
17269,45.0,2,5997.0,1023.0,0,0.0,Low Risk
17270,324.0,1,14.0,324.0,1,1.0,High Risk
17271,1014.0,1,3578.0,1014.0,1,1.0,High Risk
17272,1027.0,1,3578.0,1027.0,1,1.0,High Risk
17273,77.0,1,112.0,77.0,0,0.0,Low Risk
17274,37.0,2,5962.0,1030.0,0,0.025,Low Risk
17275,363.0,1,5.0,363.0,1,1.0,High Risk
17276,44.0,1,40.0,44.0,0,0.0,Low Risk
17277,138.0,1,64.0,138.0,1,1.0,High Risk
17278,7.0,1,5.0,7.0,0,0.0,Low Risk
17279,267.0,1,40.0,267.0,1,1.0,High Risk
17280,263.0,1,7.0,263.0,1,1.0,High Risk
17281,155.0,1,5.0,155.0,1,1.0,High Risk
17282,276.0,1,7.0,276.0,1,1.0,High Risk
17283,202.0,1,5.0,202.0,1,1.0,High Risk
17284,38.0,1,40.0,38.0,0,0.0,Low Risk
17285,40.0,1,563.0,40.0,0,0.0,Low Risk
17286,41.0,2,5997.0,1026.0,0,0.005,Low Risk
17287,278.0,1,5.0,278.0,1,1.0,High Risk
17288,280.0,1,104.0,280.0,1,1.0,High Risk
17289,32.0,2,6039.0,1007.0,0,0.545,Medium Risk
17290,43.0,1,55.0,43.0,0,0.0,Low Risk
17291,261.0,1,64.0,261.0,1,1.0,High Risk
17292,136.0,1,40.0,136.0,1,1.0,High Risk
17293,274.0,1,62.0,274.0,1,1.0,High Risk
17294,1008.0,1,3578.0,1008.0,1,1.0,High Risk
17295,1008.0,1,3578.0,1008.0,1,1.0,High Risk
17296,1008.0,1,3578.0,1008.0,1,1.0,High Risk
17297,47.0,2,5997.0,1023.0,0,0.0,Low Risk
17298,53.0,2,5971.0,1027.0,0,0.075,Low Risk
17299,387.0,2,4828.0,1023.0,1,0.95,High Risk
17300,1019.0,1,3578.0,1019.0,1,1.0,High Risk
17301,292.0,1,2.0,292.0,1,1.0,High Risk
17302,355.0,1,161.0,355.0,1,1.0,High Risk
17303,328.0,1,79.0,328.0,1,1.0,High Risk
17304,194.0,1,75.0,194.0,1,1.0,High Risk
17305,327.0,1,92.0,327.0,1,1.0,High Risk
17306,112.0,1,29.0,112.0,1,1.0,High Risk
17307,182.0,1,5.0,182.0,1,1.0,High Risk
17308,268.0,1,561.0,268.0,1,1.0,High Risk
17309,270.0,1,589.0,270.0,1,1.0,High Risk
17310,342.0,1,2419.0,342.0,1,1.0,High Risk
17311,82.0,1,5.0,82.0,0,0.0,Low Risk
17312,365.0,1,2393.0,365.0,1,1.0,High Risk
17313,260.0,1,575.0,260.0,1,1.0,High Risk
17314,253.0,1,648.0,253.0,1,1.0,High Risk
17315,262.0,1,554.0,262.0,1,1.0,High Risk
17316,233.0,1,557.0,233.0,1,1.0,High Risk
17317,241.0,1,540.0,241.0,1,1.0,High Risk
17318,237.0,1,540.0,237.0,1,1.0,High Risk
17319,216.0,1,575.0,216.0,1,1.0,High Risk
17320,221.0,1,557.0,221.0,1,1.0,High Risk
17321,229.0,1,540.0,229.0,1,1.0,High Risk
17322,216.0,1,599.0,216.0,1,1.0,High Risk
17323,299.0,1,29.0,299.0,1,1.0,High Risk
17324,348.0,1,2384.0,348.0,1,1.0,High Risk
17325,219.0,1,549.0,219.0,1,1.0,High Risk
17326,243.0,1,575.0,243.0,1,1.0,High Risk
17327,349.0,1,2442.0,349.0,1,1.0,High Risk
17328,347.0,1,2407.0,347.0,1,1.0,High Risk
17329,57.0,1,5.0,57.0,0,0.0,Low Risk
17330,140.0,1,6.0,140.0,1,1.0,High Risk
17331,312.0,1,10.0,312.0,1,1.0,High Risk
17332,327.0,1,54.0,327.0,1,1.0,High Risk
17333,235.0,1,94.0,235.0,1,1.0,High Risk
17334,356.0,1,54.0,356.0,1,1.0,High Risk
17335,143.0,1,54.0,143.0,1,1.0,High Risk
17336,113.0,1,63.0,113.0,1,1.0,High Risk
17337,161.0,1,139.0,161.0,1,1.0,High Risk
17338,51.0,1,60.0,51.0,0,0.0,Low Risk
17339,237.0,1,48.0,237.0,1,1.0,High Risk
17340,1022.0,1,3578.0,1022.0,1,1.0,High Risk
17341,1017.0,1,3578.0,1017.0,1,1.0,High Risk
17342,154.0,1,129.0,154.0,1,1.0,High Risk
17343,206.0,1,70.0,206.0,1,1.0,High Risk
17344,227.0,1,54.0,227.0,1,1.0,High Risk
17345,298.0,1,54.0,298.0,1,1.0,High Risk
17346,232.0,1,5.0,232.0,1,1.0,High Risk
17347,10.0,1,94.0,10.0,0,0.0,Low Risk
17348,261.0,1,74.0,261.0,1,1.0,High Risk
17349,128.0,1,69.0,128.0,1,1.0,High Risk
17350,99.0,1,40.0,99.0,1,1.0,High Risk
17351,163.0,1,14.0,163.0,1,1.0,High Risk
17352,193.0,1,575.0,193.0,1,1.0,High Risk
17353,204.0,1,563.0,204.0,1,1.0,High Risk
17354,184.0,1,549.0,184.0,1,1.0,High Risk
17355,886.0,1,3578.0,886.0,1,1.0,High Risk
17356,1017.0,1,3578.0,1017.0,1,1.0,High Risk
17357,133.0,1,60.0,133.0,1,1.0,High Risk
17358,41.0,1,134.0,41.0,0,0.0,Low Risk
17359,107.0,1,5.0,107.0,1,1.0,High Risk
17360,205.0,1,79.0,205.0,1,1.0,High Risk
17361,241.0,1,7.0,241.0,1,1.0,High Risk
17362,109.0,1,14.0,109.0,1,1.0,High Risk
17363,1015.0,1,3578.0,1015.0,1,1.0,High Risk
17364,906.0,1,3578.0,906.0,1,1.0,High Risk
17365,171.0,1,1170.0,171.0,1,1.0,High Risk
17366,277.0,1,2433.0,277.0,1,1.0,High Risk
17367,108.0,1,578.0,108.0,1,1.0,High Risk
17368,110.0,1,600.0,110.0,1,1.0,High Risk
17369,31.0,1,791.0,31.0,0,0.0,Low Risk
17370,262.0,1,777.0,262.0,1,1.0,High Risk
17371,113.0,1,639.0,113.0,1,1.0,High Risk
17372,109.0,1,540.0,109.0,1,1.0,High Risk
17373,93.0,1,608.0,93.0,1,1.0,High Risk
17374,176.0,1,39.0,176.0,1,1.0,High Risk
17375,326.0,1,69.0,326.0,1,1.0,High Risk
17376,86.0,1,567.0,86.0,0,0.0,Low Risk
17377,186.0,1,1134.0,186.0,1,1.0,High Risk
17378,266.0,1,2433.0,266.0,1,1.0,High Risk
17379,38.0,1,39.0,38.0,0,0.0,Low Risk
17380,293.0,1,61.0,293.0,1,1.0,High Risk
17381,88.0,1,35.0,88.0,0,0.0,Low Risk
17382,136.0,1,93.0,136.0,1,1.0,High Risk
17383,226.0,1,786.0,226.0,1,1.0,High Risk
17384,234.0,1,742.0,234.0,1,1.0,High Risk
17385,174.0,1,68.0,174.0,1,1.0,High Risk
17386,39.0,1,72.0,39.0,0,0.0,Low Risk
17387,86.0,1,600.0,86.0,0,0.0,Low Risk
17388,71.0,1,584.0,71.0,0,0.0,Low Risk
17389,224.0,1,751.0,224.0,1,1.0,High Risk
17390,1126.0,1,3400.0,1126.0,1,1.0,High Risk
17391,1100.0,1,3375.0,1100.0,1,1.0,High Risk
17392,347.0,1,33.0,347.0,1,1.0,High Risk
17393,358.0,1,23.0,358.0,1,1.0,High Risk
17394,180.0,2,4539.0,1097.0,1,0.935,High Risk
17395,161.0,2,4555.0,1070.0,1,0.99,High Risk
17396,140.0,2,4554.0,1065.0,1,0.92,High Risk
17397,162.0,1,1155.0,162.0,1,1.0,High Risk
17398,265.0,1,2419.0,265.0,1,1.0,High Risk
17399,203.0,1,72.0,203.0,1,1.0,High Risk
17400,91.0,1,554.0,91.0,1,1.0,High Risk
17401,234.0,1,777.0,234.0,1,1.0,High Risk
17402,1044.0,1,3375.0,1044.0,1,1.0,High Risk
17403,350.0,1,72.0,350.0,1,1.0,High Risk
17404,246.0,1,2419.0,246.0,1,1.0,High Risk
17405,109.0,1,57.0,109.0,1,1.0,High Risk
17406,174.0,1,1155.0,174.0,1,1.0,High Risk
17407,4.0,1,101.0,4.0,0,0.0,Low Risk
17408,990.0,1,3375.0,990.0,1,1.0,High Risk
17409,267.0,1,23.0,267.0,1,1.0,High Risk
17410,357.0,1,29.0,357.0,1,1.0,High Risk
17411,342.0,1,60.0,342.0,1,0.995,High Risk
17412,337.0,1,134.0,337.0,1,1.0,High Risk
17413,339.0,1,46.0,339.0,1,1.0,High Risk
17414,131.0,1,23.0,131.0,1,1.0,High Risk
17415,983.0,1,3400.0,983.0,1,1.0,High Risk
17416,256.0,1,2428.0,256.0,1,1.0,High Risk
17417,243.0,1,2442.0,243.0,1,1.0,High Risk
17418,238.0,1,2426.0,238.0,1,1.0,High Risk
17419,128.0,2,4539.0,966.0,1,0.985,High Risk
17420,135.0,2,4564.0,928.0,1,0.99,High Risk
17421,107.0,2,4534.0,921.0,1,1.0,High Risk
17422,230.0,1,776.0,230.0,1,1.0,High Risk
17423,42.0,1,35.0,42.0,0,0.0,Low Risk
17424,317.0,1,34.0,317.0,1,1.0,High Risk
17425,76.0,1,564.0,76.0,0,0.0,Low Risk
17426,88.0,1,589.0,88.0,0,0.0,Low Risk
17427,109.0,1,60.0,109.0,1,1.0,High Risk
17428,78.0,1,540.0,78.0,0,0.0,Low Risk
17429,69.0,1,604.0,69.0,0,0.0,Low Risk
17430,247.0,1,35.0,247.0,1,1.0,High Risk
17431,176.0,1,43.0,176.0,1,1.0,High Risk
17432,160.0,1,198.0,160.0,1,0.995,High Risk
17433,91.0,1,29.0,91.0,1,1.0,High Risk
17434,37.0,1,33.0,37.0,0,0.0,Low Risk
17435,229.0,1,751.0,229.0,1,1.0,High Risk
17436,8.0,1,43.0,8.0,0,0.0,Low Risk
17437,89.0,1,618.0,89.0,0,0.0,Low Risk
17438,59.0,1,567.0,59.0,0,0.0,Low Risk
17439,55.0,1,575.0,55.0,0,0.0,Low Risk
17440,12.0,1,60.0,12.0,0,0.0,Low Risk
17441,158.0,1,39.0,158.0,1,1.0,High Risk
17442,131.0,1,37.0,131.0,1,1.0,High Risk
17443,307.0,1,70.0,307.0,1,1.0,High Risk
17444,909.0,1,3375.0,909.0,1,1.0,High Risk
17445,314.0,1,124.0,314.0,1,1.0,High Risk
17446,79.0,1,34.0,79.0,0,0.0,Low Risk
17447,213.0,1,2398.0,213.0,1,1.0,High Risk
17448,244.0,1,70.0,244.0,1,1.0,High Risk
17449,117.0,1,21.0,117.0,1,1.0,High Risk
17450,907.0,1,3375.0,907.0,1,1.0,High Risk
17451,350.0,1,69.0,350.0,1,0.995,High Risk
17452,84.0,1,30.0,84.0,0,0.0,Low Risk
17453,288.0,1,70.0,288.0,1,1.0,High Risk
17454,178.0,1,36.0,178.0,1,1.0,High Risk
17455,214.0,1,89.0,214.0,1,1.0,High Risk
17456,261.0,1,43.0,261.0,1,1.0,High Risk
17457,358.0,1,70.0,358.0,1,1.0,High Risk
17458,28.0,1,70.0,28.0,0,0.0,Low Risk
17459,873.0,1,3375.0,873.0,1,1.0,High Risk
17460,182.0,1,21.0,182.0,1,1.0,High Risk
17461,319.0,1,120.0,319.0,1,0.995,High Risk
17462,71.0,1,34.0,71.0,0,0.0,Low Risk
17463,308.0,1,70.0,308.0,1,1.0,High Risk
17464,143.0,1,21.0,143.0,1,1.0,High Risk
17465,46.0,1,70.0,46.0,0,0.0,Low Risk
17466,324.0,1,69.0,324.0,1,1.0,High Risk
17467,20.0,1,120.0,20.0,0,0.0,Low Risk
17468,113.0,1,36.0,113.0,1,1.0,High Risk
17469,261.0,1,60.0,261.0,1,1.0,High Risk
17470,94.0,1,60.0,94.0,1,0.995,High Risk
17471,877.0,1,3400.0,877.0,1,1.0,High Risk
17472,860.0,1,3375.0,860.0,1,1.0,High Risk
17473,217.0,1,750.0,217.0,1,1.0,High Risk
17474,133.0,1,21.0,133.0,1,1.0,High Risk
17475,53.0,1,565.0,53.0,0,0.0,Low Risk
17476,309.0,1,124.0,309.0,1,1.0,High Risk
17477,85.0,1,120.0,85.0,0,0.0,Low Risk
17478,55.0,1,549.0,55.0,0,0.0,Low Risk
17479,871.0,1,3375.0,871.0,1,1.0,High Risk
17480,282.0,1,831.0,282.0,1,1.0,High Risk
17481,260.0,1,742.0,260.0,1,1.0,High Risk
17482,253.0,1,778.0,253.0,1,1.0,High Risk
17483,261.0,1,777.0,261.0,1,1.0,High Risk
17484,251.0,1,765.0,251.0,1,1.0,High Risk
17485,245.0,1,778.0,245.0,1,1.0,High Risk
17486,259.0,1,751.0,259.0,1,1.0,High Risk
17487,234.0,1,776.0,234.0,1,1.0,High Risk
17488,215.0,1,805.0,215.0,1,1.0,High Risk
17489,225.0,1,742.0,225.0,1,1.0,High Risk
17490,182.0,1,786.0,182.0,1,1.0,High Risk
17491,205.0,1,778.0,205.0,1,1.0,High Risk
17492,801.0,1,3375.0,801.0,1,1.0,High Risk
17493,811.0,1,3375.0,811.0,1,1.0,High Risk
17494,182.0,1,814.0,182.0,1,1.0,High Risk
17495,193.0,1,751.0,193.0,1,1.0,High Risk
17496,266.0,1,120.0,266.0,1,1.0,High Risk
17497,171.0,1,70.0,171.0,1,1.0,High Risk
17498,205.0,1,776.0,205.0,1,1.0,High Risk
17499,345.0,1,79.0,345.0,1,1.0,High Risk
17500,203.0,1,778.0,203.0,1,1.0,High Risk
17501,199.0,1,777.0,199.0,1,1.0,High Risk
17502,156.0,1,786.0,156.0,1,1.0,High Risk
17503,181.0,1,777.0,181.0,1,1.0,High Risk
17504,48.0,1,578.0,48.0,0,0.0,Low Risk
17505,773.0,1,3375.0,773.0,1,1.0,High Risk
17506,159.0,1,827.0,159.0,1,1.0,High Risk
17507,92.0,2,3213.0,748.0,1,0.805,High Risk
17508,161.0,1,777.0,161.0,1,1.0,High Risk
17509,48.0,1,575.0,48.0,0,0.0,Low Risk
17510,167.0,1,777.0,167.0,1,1.0,High Risk
17511,744.0,1,2071.0,744.0,1,1.0,High Risk
17512,38.0,1,563.0,38.0,0,0.0,Low Risk
17513,707.0,1,2049.0,707.0,1,1.0,High Risk
17514,153.0,1,811.0,153.0,1,1.0,High Risk
17515,276.0,1,79.0,276.0,1,0.995,High Risk
17516,40.0,1,565.0,40.0,0,0.0,Low Risk
17517,58.0,1,563.0,58.0,0,0.0,Low Risk
17518,31.0,1,578.0,31.0,0,0.0,Low Risk
17519,181.0,1,750.0,181.0,1,1.0,High Risk
17520,707.0,1,2049.0,707.0,1,1.0,High Risk
17521,76.0,2,3226.0,700.0,0,0.045,Low Risk
17522,146.0,1,1164.0,146.0,1,1.0,High Risk
17523,125.0,1,1198.0,125.0,1,1.0,High Risk
17524,226.0,1,2433.0,226.0,1,1.0,High Risk
17525,221.0,1,2398.0,221.0,1,1.0,High Risk
17526,36.0,1,575.0,36.0,0,0.0,Low Risk
17527,38.0,1,60.0,38.0,0,0.0,Low Risk
17528,38.0,1,563.0,38.0,0,0.0,Low Risk
17529,127.0,1,751.0,127.0,1,1.0,High Risk
17530,702.0,1,2049.0,702.0,1,1.0,High Risk
17531,60.0,1,589.0,60.0,0,0.0,Low Risk
17532,148.0,1,751.0,148.0,1,1.0,High Risk
17533,727.0,1,2071.0,727.0,1,1.0,High Risk
17534,359.0,1,5.0,359.0,1,1.0,High Risk
17535,195.0,1,604.0,195.0,1,1.0,High Risk
17536,357.0,1,2433.0,357.0,1,1.0,High Risk
17537,339.0,1,14.0,339.0,1,1.0,High Risk
17538,231.0,1,40.0,231.0,1,1.0,High Risk
17539,157.0,1,36.0,157.0,1,1.0,High Risk
17540,291.0,1,120.0,291.0,1,1.0,High Risk
17541,711.0,1,2049.0,711.0,1,1.0,High Risk
17542,725.0,1,2049.0,725.0,1,1.0,High Risk
17543,344.0,1,79.0,344.0,1,1.0,High Risk
17544,304.0,1,108.0,304.0,1,1.0,High Risk
17545,100.0,1,34.0,100.0,1,1.0,High Risk
17546,219.0,1,133.0,219.0,1,1.0,High Risk
17547,213.0,1,120.0,213.0,1,1.0,High Risk
17548,720.0,1,2049.0,720.0,1,1.0,High Risk
17549,149.0,1,751.0,149.0,1,1.0,High Risk
17550,203.0,1,2418.0,203.0,1,1.0,High Risk
17551,78.0,1,124.0,78.0,0,0.0,Low Risk
17552,271.0,1,70.0,271.0,1,1.0,High Risk
17553,73.0,1,21.0,73.0,0,0.0,Low Risk
17554,90.0,2,3216.0,687.0,0,0.01,Low Risk
17555,121.0,1,1155.0,121.0,1,1.0,High Risk
17556,121.0,1,1134.0,121.0,1,1.0,High Risk
17557,96.0,1,1155.0,96.0,1,1.0,High Risk
17558,201.0,1,2419.0,201.0,1,1.0,High Risk
17559,59.0,1,69.0,59.0,0,0.0,Low Risk
17560,689.0,1,2049.0,689.0,1,1.0,High Risk
17561,696.0,1,2071.0,696.0,1,1.0,High Risk
17562,66.0,1,23.0,66.0,0,0.0,Low Risk
17563,81.0,2,3218.0,682.0,0,0.05,Low Risk
17564,112.0,1,1198.0,112.0,1,1.0,High Risk
17565,61.0,1,1174.0,61.0,0,0.0,Low Risk
17566,35.0,1,58.0,35.0,0,0.0,Low Risk
17567,4.0,1,58.0,4.0,0,0.0,Low Risk
17568,89.0,1,70.0,89.0,0,0.0,Low Risk
17569,66.0,1,1145.0,66.0,0,0.0,Low Risk
17570,77.0,2,3204.0,692.0,0,0.075,Low Risk
17571,208.0,1,68.0,208.0,1,1.0,High Risk
17572,39.0,1,29.0,39.0,0,0.0,Low Risk
17573,265.0,1,31.0,265.0,1,1.0,High Risk
17574,1013.0,1,3578.0,1013.0,1,1.0,High Risk
17575,886.0,1,3578.0,886.0,1,1.0,High Risk
17576,142.0,1,70.0,142.0,1,1.0,High Risk
17577,91.0,1,40.0,91.0,1,1.0,High Risk
17578,189.0,1,7.0,189.0,1,1.0,High Risk
17579,13.0,1,40.0,13.0,0,0.0,Low Risk
17580,56.0,1,7.0,56.0,0,0.0,Low Risk
17581,233.0,2,4793.0,1014.0,1,0.915,High Risk
17582,57.0,1,120.0,57.0,0,0.0,Low Risk
17583,122.0,1,35.0,122.0,1,1.0,High Risk
17584,1015.0,1,3578.0,1015.0,1,1.0,High Risk
17585,1018.0,1,3578.0,1018.0,1,1.0,High Risk
17586,162.0,1,35.0,162.0,1,1.0,High Risk
17587,1016.0,1,3578.0,1016.0,1,1.0,High Risk
17588,1023.0,1,3578.0,1023.0,1,1.0,High Risk
17589,1021.0,1,3578.0,1021.0,1,1.0,High Risk
17590,293.0,1,70.0,293.0,1,1.0,High Risk
17591,315.0,1,59.0,315.0,1,1.0,High Risk
17592,185.0,1,35.0,185.0,1,1.0,High Risk
17593,45.0,1,35.0,45.0,0,0.0,Low Risk
17594,46.0,1,35.0,46.0,0,0.0,Low Risk
17595,168.0,1,50.0,168.0,1,1.0,High Risk
17596,294.0,1,50.0,294.0,1,1.0,High Risk
17597,45.0,1,8.0,45.0,0,0.0,Low Risk
17598,285.0,1,8.0,285.0,1,1.0,High Risk
17599,1032.0,1,3578.0,1032.0,1,1.0,High Risk
17600,275.0,1,8.0,275.0,1,1.0,High Risk
17601,304.0,1,120.0,304.0,1,1.0,High Risk
17602,300.0,1,8.0,300.0,1,1.0,High Risk
17603,103.0,1,144.0,103.0,1,1.0,High Risk
17604,147.0,1,8.0,147.0,1,1.0,High Risk
17605,357.0,1,8.0,357.0,1,1.0,High Risk
17606,159.0,1,8.0,159.0,1,1.0,High Risk
17607,323.0,1,8.0,323.0,1,1.0,High Risk
17608,364.0,1,8.0,364.0,1,1.0,High Risk
17609,77.0,1,79.0,77.0,0,0.0,Low Risk
17610,104.0,1,64.0,104.0,1,1.0,High Risk
17611,109.0,1,9.0,109.0,1,1.0,High Risk
17612,318.0,1,9.0,318.0,1,1.0,High Risk
17613,229.0,1,9.0,229.0,1,1.0,High Risk
17614,64.0,1,9.0,64.0,0,0.0,Low Risk
17615,258.0,1,9.0,258.0,1,1.0,High Risk
17616,270.0,1,9.0,270.0,1,1.0,High Risk
17617,56.0,1,120.0,56.0,0,0.0,Low Risk
17618,42.0,1,179.0,42.0,0,0.0,Low Risk
17619,980.0,1,3578.0,980.0,1,1.0,High Risk
17620,990.0,1,3578.0,990.0,1,1.0,High Risk
17621,901.0,1,3578.0,901.0,1,1.0,High Risk
17622,988.0,1,3578.0,988.0,1,1.0,High Risk
17623,166.0,1,88.0,166.0,1,1.0,High Risk
17624,312.0,1,27.0,312.0,1,1.0,High Risk
17625,895.0,1,3578.0,895.0,1,1.0,High Risk
17626,977.0,1,3578.0,977.0,1,1.0,High Risk
17627,886.0,1,3578.0,886.0,1,1.0,High Risk
17628,1000.0,1,3578.0,1000.0,1,1.0,High Risk
17629,996.0,1,3578.0,996.0,1,1.0,High Risk
17630,993.0,1,3578.0,993.0,1,1.0,High Risk
17631,910.0,1,3578.0,910.0,1,1.0,High Risk
17632,352.0,1,144.0,352.0,1,1.0,High Risk
17633,269.0,1,75.0,269.0,1,1.0,High Risk
17634,276.0,1,188.0,276.0,1,1.0,High Risk
17635,5.0,1,127.0,5.0,0,0.0,Low Risk
17636,987.0,1,3578.0,987.0,1,1.0,High Risk
17637,33.0,1,79.0,33.0,0,0.0,Low Risk
17638,126.0,1,31.0,126.0,1,1.0,High Risk
17639,296.0,1,38.0,296.0,1,1.0,High Risk
17640,216.0,1,190.0,216.0,1,1.0,High Risk
17641,189.0,1,70.0,189.0,1,1.0,High Risk
17642,142.0,1,84.0,142.0,1,1.0,High Risk
17643,229.0,1,27.0,229.0,1,1.0,High Risk
17644,985.0,1,3578.0,985.0,1,1.0,High Risk
17645,992.0,1,3578.0,992.0,1,1.0,High Risk
17646,999.0,1,3578.0,999.0,1,1.0,High Risk
17647,892.0,1,3578.0,892.0,1,1.0,High Risk
17648,892.0,1,3578.0,892.0,1,1.0,High Risk
17649,911.0,1,3578.0,911.0,1,1.0,High Risk
17650,980.0,1,3578.0,980.0,1,1.0,High Risk
17651,996.0,1,3578.0,996.0,1,1.0,High Risk
17652,992.0,1,3578.0,992.0,1,1.0,High Risk
17653,872.0,1,3578.0,872.0,1,1.0,High Risk
17654,1002.0,1,3578.0,1002.0,1,1.0,High Risk
17655,996.0,1,3578.0,996.0,1,1.0,High Risk
17656,996.0,1,3578.0,996.0,1,1.0,High Risk
17657,883.0,1,3578.0,883.0,1,1.0,High Risk
17658,978.0,1,3578.0,978.0,1,1.0,High Risk
17659,994.0,1,3578.0,994.0,1,0.995,High Risk
17660,735.0,1,2443.0,735.0,1,1.0,High Risk
17661,1003.0,1,3578.0,1003.0,1,1.0,High Risk
17662,975.0,1,3578.0,975.0,1,1.0,High Risk
17663,203.0,2,4827.0,1002.0,1,0.79,High Risk
17664,756.0,1,2443.0,756.0,1,1.0,High Risk
17665,110.0,2,4793.0,1003.0,1,0.93,High Risk
17666,65.0,2,4852.0,976.0,0,0.06,Low Risk
17667,42.0,2,4822.0,996.0,0,0.105,Low Risk
17668,383.0,2,4370.0,1002.0,1,0.85,High Risk
17669,311.0,1,79.0,311.0,1,1.0,High Risk
17670,736.0,1,2182.0,736.0,1,1.0,High Risk
17671,983.0,1,3578.0,983.0,1,1.0,High Risk
17672,375.0,2,4320.0,1000.0,1,0.885,High Risk
17673,383.0,2,4355.0,997.0,1,0.755,High Risk
17674,353.0,2,4379.0,974.0,1,0.965,High Risk
17675,341.0,2,4429.0,979.0,1,1.0,High Risk
17676,996.0,1,3578.0,996.0,1,1.0,High Risk
17677,983.0,1,3578.0,983.0,1,1.0,High Risk
17678,16.0,1,49.0,16.0,0,0.0,Low Risk
17679,351.0,2,4337.0,980.0,1,0.985,High Risk
17680,46.0,1,27.0,46.0,0,0.0,Low Risk
17681,96.0,1,31.0,96.0,1,1.0,High Risk
17682,86.0,1,25.0,86.0,0,0.0,Low Risk
17683,317.0,1,64.0,317.0,1,1.0,High Risk
17684,686.0,1,2049.0,686.0,1,1.0,High Risk
17685,148.0,1,777.0,148.0,1,1.0,High Risk
17686,697.0,1,2049.0,697.0,1,1.0,High Risk
17687,132.0,1,800.0,132.0,1,1.0,High Risk
17688,203.0,1,29.0,203.0,1,1.0,High Risk
17689,119.0,1,901.0,119.0,1,1.0,High Risk
17690,649.0,1,2049.0,649.0,1,1.0,High Risk
17691,640.0,1,2049.0,640.0,1,1.0,High Risk
17692,117.0,1,777.0,117.0,1,1.0,High Risk
17693,49.0,1,540.0,49.0,0,0.0,Low Risk
17694,45.0,1,575.0,45.0,0,0.0,Low Risk
17695,378.0,1,2393.0,378.0,1,1.0,High Risk
17696,198.0,1,2419.0,198.0,1,1.0,High Risk
17697,174.0,1,2428.0,174.0,1,1.0,High Risk
17698,153.0,1,2452.0,153.0,1,1.0,High Risk
17699,114.0,1,765.0,114.0,1,1.0,High Risk
17700,120.0,1,777.0,120.0,1,1.0,High Risk
17701,91.0,1,1170.0,91.0,1,1.0,High Risk
17702,90.0,1,1155.0,90.0,0,0.0,Low Risk
17703,71.0,1,1193.0,71.0,0,0.0,Low Risk
17704,141.0,1,2419.0,141.0,1,1.0,High Risk
17705,152.0,1,2419.0,152.0,1,1.0,High Risk
17706,118.0,1,777.0,118.0,1,1.0,High Risk
17707,103.0,1,773.0,103.0,1,1.0,High Risk
17708,654.0,1,2071.0,654.0,1,1.0,High Risk
17709,661.0,1,2071.0,661.0,1,1.0,High Risk
17710,331.0,1,2419.0,331.0,1,1.0,High Risk
17711,179.0,1,34.0,179.0,1,1.0,High Risk
17712,664.0,1,2071.0,664.0,1,1.0,High Risk
17713,291.0,1,2393.0,291.0,1,1.0,High Risk
17714,46.0,2,3204.0,651.0,0,0.535,Medium Risk
17715,337.0,1,2433.0,337.0,1,1.0,High Risk
17716,194.0,1,589.0,194.0,1,1.0,High Risk
17717,161.0,1,29.0,161.0,1,1.0,High Risk
17718,273.0,1,29.0,273.0,1,1.0,High Risk
17719,155.0,1,68.0,155.0,1,1.0,High Risk
17720,358.0,1,2384.0,358.0,1,1.0,High Risk
17721,360.0,1,2419.0,360.0,1,1.0,High Risk
17722,90.0,1,40.0,90.0,0,0.0,Low Risk
17723,188.0,1,120.0,188.0,1,1.0,High Risk
17724,299.0,1,2419.0,299.0,1,1.0,High Risk
17725,645.0,1,2049.0,645.0,1,1.0,High Risk
17726,277.0,1,79.0,277.0,1,0.995,High Risk
17727,65.0,1,778.0,65.0,0,0.0,Low Risk
17728,610.0,1,2071.0,610.0,1,1.0,High Risk
17729,590.0,1,2049.0,590.0,1,1.0,High Risk
17730,296.0,1,2452.0,296.0,1,1.0,High Risk
17731,359.0,1,23.0,359.0,1,1.0,High Risk
17732,282.0,1,2452.0,282.0,1,1.0,High Risk
17733,128.0,1,2419.0,128.0,1,1.0,High Risk
17734,138.0,1,2407.0,138.0,1,1.0,High Risk
17735,121.0,1,2419.0,121.0,1,1.0,High Risk
17736,265.0,1,2420.0,265.0,1,1.0,High Risk
17737,579.0,1,2071.0,579.0,1,1.0,High Risk
17738,349.0,1,70.0,349.0,1,0.995,High Risk
17739,155.0,1,60.0,155.0,1,1.0,High Risk
17740,591.0,1,2049.0,591.0,1,1.0,High Risk
17741,60.0,2,3191.0,598.0,0,0.035,Low Risk
17742,44.0,1,1169.0,44.0,0,0.0,Low Risk
17743,120.0,1,2428.0,120.0,1,1.0,High Risk
17744,113.0,1,79.0,113.0,1,1.0,High Risk
17745,88.0,1,776.0,88.0,0,0.0,Low Risk
17746,64.0,1,27.0,64.0,0,0.0,Low Risk
17747,295.0,1,23.0,295.0,1,1.0,High Risk
17748,249.0,1,2398.0,249.0,1,1.0,High Risk
17749,197.0,1,23.0,197.0,1,1.0,High Risk
17750,585.0,1,2049.0,585.0,1,1.0,High Risk
17751,36.0,2,3213.0,587.0,0,0.055,Low Risk
17752,38.0,2,3240.0,590.0,0,0.055,Low Risk
17753,46.0,1,1155.0,46.0,0,0.0,Low Risk
17754,336.0,1,23.0,336.0,1,1.0,High Risk
17755,181.0,1,69.0,181.0,1,1.0,High Risk
17756,231.0,1,2407.0,231.0,1,1.0,High Risk
17757,56.0,2,3218.0,593.0,0,0.015,Low Risk
17758,370.0,2,2611.0,591.0,1,0.485,Medium Risk
17759,388.0,2,2603.0,588.0,1,0.71,High Risk
17760,32.0,1,70.0,32.0,0,0.0,Low Risk
17761,52.0,1,29.0,52.0,0,0.0,Low Risk
17762,999.0,1,3578.0,999.0,1,1.0,High Risk
17763,26.0,1,27.0,26.0,0,0.0,Low Risk
17764,988.0,1,3578.0,988.0,1,1.0,High Risk
17765,354.0,1,27.0,354.0,1,1.0,High Risk
17766,993.0,1,3578.0,993.0,1,1.0,High Risk
17767,754.0,1,2443.0,754.0,1,1.0,High Risk
17768,247.0,1,70.0,247.0,1,1.0,High Risk
17769,88.0,1,5.0,88.0,0,0.0,Low Risk
17770,350.0,2,4329.0,981.0,1,0.985,High Risk
17771,344.0,2,4355.0,991.0,1,0.85,High Risk
17772,33.0,1,70.0,33.0,0,0.0,Low Risk
17773,997.0,1,3578.0,997.0,1,1.0,High Risk
17774,217.0,1,128.0,217.0,1,1.0,High Risk
17775,997.0,1,3578.0,997.0,1,1.0,High Risk
17776,989.0,1,3578.0,989.0,1,1.0,High Risk
17777,197.0,1,2.0,197.0,1,1.0,High Risk
17778,65.0,1,54.0,65.0,0,0.0,Low Risk
17779,910.0,1,3578.0,910.0,1,1.0,High Risk
17780,126.0,1,24.0,126.0,1,1.0,High Risk
17781,229.0,1,8.0,229.0,1,1.0,High Risk
17782,176.0,1,2.0,176.0,1,1.0,High Risk
17783,6.0,1,54.0,6.0,0,0.0,Low Risk
17784,275.0,1,35.0,275.0,1,1.0,High Risk
17785,38.0,1,44.0,38.0,0,0.0,Low Risk
17786,221.0,1,35.0,221.0,1,1.0,High Risk
17787,246.0,1,128.0,246.0,1,1.0,High Risk
17788,124.0,1,14.0,124.0,1,1.0,High Risk
17789,365.0,1,9.0,365.0,1,1.0,High Risk
17790,0.0,1,8.0,0.0,0,0.0,Low Risk
17791,1000.0,1,3578.0,1000.0,1,1.0,High Risk
17792,336.0,1,31.0,336.0,1,1.0,High Risk
17793,998.0,1,3578.0,998.0,1,1.0,High Risk
17794,341.0,1,25.0,341.0,1,1.0,High Risk
17795,1000.0,1,3578.0,1000.0,1,1.0,High Risk
17796,988.0,1,3578.0,988.0,1,1.0,High Risk
17797,301.0,1,64.0,301.0,1,1.0,High Risk
17798,985.0,1,3578.0,985.0,1,1.0,High Risk
17799,704.0,1,2443.0,704.0,1,1.0,High Risk
17800,985.0,1,3578.0,985.0,1,1.0,High Risk
17801,82.0,1,25.0,82.0,0,0.0,Low Risk
17802,217.0,1,27.0,217.0,1,1.0,High Risk
17803,727.0,1,2443.0,727.0,1,1.0,High Risk
17804,276.0,1,27.0,276.0,1,1.0,High Risk
17805,969.0,1,3578.0,969.0,1,1.0,High Risk
17806,948.0,1,3578.0,948.0,1,1.0,High Risk
17807,313.0,1,64.0,313.0,1,1.0,High Risk
17808,963.0,1,3578.0,963.0,1,1.0,High Risk
17809,212.0,1,25.0,212.0,1,1.0,High Risk
17810,298.0,1,25.0,298.0,1,1.0,High Risk
17811,341.0,1,79.0,341.0,1,1.0,High Risk
17812,170.0,1,64.0,170.0,1,1.0,High Risk
17813,167.0,1,25.0,167.0,1,1.0,High Risk
17814,321.0,1,38.0,321.0,1,1.0,High Risk
17815,63.0,1,31.0,63.0,0,0.0,Low Risk
17816,71.0,1,31.0,71.0,0,0.0,Low Risk
17817,160.0,1,27.0,160.0,1,1.0,High Risk
17818,341.0,1,70.0,341.0,1,1.0,High Risk
17819,716.0,1,2182.0,716.0,1,1.0,High Risk
17820,725.0,1,2182.0,725.0,1,1.0,High Risk
17821,952.0,1,3578.0,952.0,1,1.0,High Risk
17822,962.0,1,3578.0,962.0,1,1.0,High Risk
17823,943.0,1,3578.0,943.0,1,1.0,High Risk
17824,951.0,1,3578.0,951.0,1,1.0,High Risk
17825,951.0,1,3578.0,951.0,1,1.0,High Risk
17826,968.0,1,3578.0,968.0,1,1.0,High Risk
17827,945.0,1,3578.0,945.0,1,1.0,High Risk
17828,971.0,1,3578.0,971.0,1,1.0,High Risk
17829,318.0,2,4329.0,964.0,1,1.0,High Risk
17830,973.0,1,3578.0,973.0,1,1.0,High Risk
17831,957.0,1,3578.0,957.0,1,1.0,High Risk
17832,953.0,1,3578.0,953.0,1,1.0,High Risk
17833,724.0,1,2182.0,724.0,1,1.0,High Risk
17834,963.0,1,3578.0,963.0,1,1.0,High Risk
17835,711.0,1,2443.0,711.0,1,1.0,High Risk
17836,954.0,1,3578.0,954.0,1,1.0,High Risk
17837,713.0,1,2443.0,713.0,1,1.0,High Risk
17838,719.0,1,2182.0,719.0,1,1.0,High Risk
17839,962.0,1,3578.0,962.0,1,1.0,High Risk
17840,943.0,1,3578.0,943.0,1,1.0,High Risk
17841,332.0,2,4398.0,959.0,1,0.965,High Risk
17842,317.0,2,4334.0,948.0,1,0.995,High Risk
17843,322.0,2,4393.0,969.0,1,0.965,High Risk
17844,954.0,1,3578.0,954.0,1,1.0,High Risk
17845,311.0,2,4337.0,947.0,1,0.98,High Risk
17846,275.0,2,4320.0,967.0,1,0.995,High Risk
17847,304.0,2,4320.0,943.0,1,0.99,High Risk
17848,291.0,2,4355.0,961.0,1,0.985,High Risk
17849,717.0,1,2182.0,717.0,1,1.0,High Risk
17850,956.0,1,3578.0,956.0,1,1.0,High Risk
17851,725.0,1,2443.0,725.0,1,1.0,High Risk
17852,955.0,1,3578.0,955.0,1,1.0,High Risk
17853,965.0,1,3578.0,965.0,1,1.0,High Risk
17854,971.0,1,3578.0,971.0,1,1.0,High Risk
17855,265.0,2,4355.0,949.0,1,0.965,High Risk
17856,197.0,1,103.0,197.0,1,1.0,High Risk
17857,961.0,1,3578.0,961.0,1,1.0,High Risk
17858,968.0,1,3578.0,968.0,1,1.0,High Risk
17859,235.0,1,13.0,235.0,1,1.0,High Risk
17860,244.0,2,4355.0,954.0,1,0.99,High Risk
17861,258.0,1,29.0,258.0,1,1.0,High Risk
17862,105.0,1,29.0,105.0,1,1.0,High Risk
17863,337.0,1,25.0,337.0,1,1.0,High Risk
17864,23.0,1,64.0,23.0,0,0.0,Low Risk
17865,125.0,1,29.0,125.0,1,1.0,High Risk
17866,228.0,1,31.0,228.0,1,1.0,High Risk
17867,275.0,1,118.0,275.0,1,1.0,High Risk
17868,215.0,1,64.0,215.0,1,1.0,High Risk
17869,35.0,1,29.0,35.0,0,0.0,Low Risk
17870,269.0,2,4355.0,946.0,1,0.935,High Risk
17871,267.0,2,4334.0,948.0,1,0.995,High Risk
17872,273.0,2,4414.0,944.0,1,0.935,High Risk
17873,323.0,1,60.0,323.0,1,1.0,High Risk
17874,7.0,1,40.0,7.0,0,0.0,Low Risk
17875,251.0,1,5.0,251.0,1,1.0,High Risk
17876,47.0,1,40.0,47.0,0,0.0,Low Risk
17877,230.0,1,2476.0,230.0,1,1.0,High Risk
17878,334.0,1,13.0,334.0,1,1.0,High Risk
17879,99.0,1,6.0,99.0,1,1.0,High Risk
17880,199.0,1,103.0,199.0,1,1.0,High Risk
17881,295.0,1,638.0,295.0,1,1.0,High Risk
17882,229.0,1,40.0,229.0,1,1.0,High Risk
17883,261.0,1,7.0,261.0,1,1.0,High Risk
17884,107.0,1,39.0,107.0,1,1.0,High Risk
17885,41.0,1,12.0,41.0,0,0.005,Low Risk
17886,58.0,2,4470.0,553.0,0,0.145,Low Risk
17887,56.0,1,49.0,56.0,0,0.0,Low Risk
17888,152.0,1,40.0,152.0,1,1.0,High Risk
17889,41.0,1,40.0,41.0,0,0.0,Low Risk
17890,166.0,1,13.0,166.0,1,1.0,High Risk
17891,206.0,1,110.0,206.0,1,1.0,High Risk
17892,160.0,1,39.0,160.0,1,1.0,High Risk
17893,167.0,1,21.0,167.0,1,1.0,High Risk
17894,268.0,1,15.0,268.0,1,1.0,High Risk
17895,64.0,1,60.0,64.0,0,0.0,Low Risk
17896,9.0,1,14.0,9.0,0,0.0,Low Risk
17897,315.0,1,21.0,315.0,1,1.0,High Risk
17898,22.0,1,40.0,22.0,0,0.0,Low Risk
17899,328.0,1,69.0,328.0,1,1.0,High Risk
17900,34.0,1,60.0,34.0,0,0.0,Low Risk
17901,244.0,1,29.0,244.0,1,1.0,High Risk
17902,191.0,1,2443.0,191.0,1,1.0,High Risk
17903,184.0,1,2530.0,184.0,1,1.0,High Risk
17904,351.0,1,23.0,351.0,1,1.0,High Risk
17905,317.0,2,2848.0,570.0,1,0.99,High Risk
17906,278.0,1,14.0,278.0,1,1.0,High Risk
17907,106.0,1,5.0,106.0,1,1.0,High Risk
17908,128.0,1,23.0,128.0,1,1.0,High Risk
17909,361.0,1,33.0,361.0,1,1.0,High Risk
17910,158.0,1,7.0,158.0,1,1.0,High Risk
17911,131.0,1,49.0,131.0,1,1.0,High Risk
17912,177.0,1,5.0,177.0,1,1.0,High Risk
17913,118.0,1,55.0,118.0,1,1.0,High Risk
17914,98.0,1,23.0,98.0,1,1.0,High Risk
17915,263.0,1,27.0,263.0,1,1.0,High Risk
17916,228.0,1,40.0,228.0,1,1.0,High Risk
17917,275.0,1,562.0,275.0,1,1.0,High Risk
17918,27.0,1,84.0,27.0,0,0.0,Low Risk
17919,340.0,1,23.0,340.0,1,1.0,High Risk
17920,332.0,1,5.0,332.0,1,1.0,High Risk
17921,82.0,1,7.0,82.0,0,0.0,Low Risk
17922,312.0,1,184.0,312.0,1,0.995,High Risk
17923,160.0,1,29.0,160.0,1,1.0,High Risk
17924,319.0,1,2393.0,319.0,1,1.0,High Risk
17925,37.0,1,5.0,37.0,0,0.0,Low Risk
17926,73.0,1,7.0,73.0,0,0.0,Low Risk
17927,76.0,1,7.0,76.0,0,0.0,Low Risk
17928,329.0,1,2419.0,329.0,1,1.0,High Risk
17929,305.0,1,2473.0,305.0,1,1.0,High Risk
17930,109.0,1,7.0,109.0,1,1.0,High Risk
17931,49.0,1,15.0,49.0,0,0.0,Low Risk
17932,225.0,1,166.0,225.0,1,0.995,High Risk
17933,47.0,1,94.0,47.0,0,0.0,Low Risk
17934,98.0,1,29.0,98.0,1,1.0,High Risk
17935,164.0,1,64.0,164.0,1,1.0,High Risk
17936,316.0,1,2419.0,316.0,1,1.0,High Risk
17937,321.0,1,7.0,321.0,1,1.0,High Risk
17938,220.0,1,7.0,220.0,1,1.0,High Risk
17939,86.0,1,10.0,86.0,0,0.005,Low Risk
17940,331.0,1,15.0,331.0,1,1.0,High Risk
17941,309.0,1,2393.0,309.0,1,1.0,High Risk
17942,98.0,1,70.0,98.0,1,1.0,High Risk
17943,287.0,1,10.0,287.0,1,1.0,High Risk
17944,211.0,1,50.0,211.0,1,1.0,High Risk
17945,160.0,1,24.0,160.0,1,1.0,High Risk
17946,283.0,1,69.0,283.0,1,1.0,High Risk
17947,28.0,1,24.0,28.0,0,0.0,Low Risk
17948,234.0,1,15.0,234.0,1,1.0,High Risk
17949,333.0,1,2419.0,333.0,1,1.0,High Risk
17950,319.0,1,2473.0,319.0,1,1.0,High Risk
17951,287.0,1,45.0,287.0,1,1.0,High Risk
17952,197.0,1,10.0,197.0,1,1.0,High Risk
17953,308.0,1,2473.0,308.0,1,1.0,High Risk
17954,311.0,1,2462.0,311.0,1,1.0,High Risk
17955,284.0,1,2393.0,284.0,1,1.0,High Risk
17956,31.0,1,15.0,31.0,0,0.0,Low Risk
17957,195.0,1,15.0,195.0,1,1.0,High Risk
17958,274.0,1,2419.0,274.0,1,1.0,High Risk
17959,56.0,1,15.0,56.0,0,0.0,Low Risk
17960,280.0,1,15.0,280.0,1,1.0,High Risk
17961,22.0,1,50.0,22.0,0,0.0,Low Risk
17962,291.0,1,2478.0,291.0,1,1.0,High Risk
17963,283.0,1,2477.0,283.0,1,1.0,High Risk
17964,282.0,1,2398.0,282.0,1,1.0,High Risk
17965,279.0,1,70.0,279.0,1,1.0,High Risk
17966,84.0,1,64.0,84.0,0,0.0,Low Risk
17967,959.0,1,3578.0,959.0,1,1.0,High Risk
17968,342.0,1,9.0,342.0,1,1.0,High Risk
17969,163.0,1,2.0,163.0,1,1.0,High Risk
17970,261.0,1,63.0,261.0,1,1.0,High Risk
17971,84.0,1,64.0,84.0,0,0.0,Low Risk
17972,356.0,1,27.0,356.0,1,1.0,High Risk
17973,156.0,1,64.0,156.0,1,1.0,High Risk
17974,92.0,1,25.0,92.0,1,1.0,High Risk
17975,115.0,1,25.0,115.0,1,1.0,High Risk
17976,83.0,1,38.0,83.0,0,0.0,Low Risk
17977,259.0,1,94.0,259.0,1,1.0,High Risk
17978,243.0,1,75.0,243.0,1,1.0,High Risk
17979,202.0,1,64.0,202.0,1,1.0,High Risk
17980,310.0,1,38.0,310.0,1,1.0,High Risk
17981,252.0,1,37.0,252.0,1,1.0,High Risk
17982,316.0,1,27.0,316.0,1,1.0,High Risk
17983,269.0,1,27.0,269.0,1,1.0,High Risk
17984,170.0,1,64.0,170.0,1,1.0,High Risk
17985,189.0,1,29.0,189.0,1,1.0,High Risk
17986,311.0,1,53.0,311.0,1,1.0,High Risk
17987,180.0,1,79.0,180.0,1,1.0,High Risk
17988,7.0,1,31.0,7.0,0,0.0,Low Risk
17989,972.0,1,3578.0,972.0,1,0.995,High Risk
17990,952.0,1,3578.0,952.0,1,1.0,High Risk
17991,954.0,1,3578.0,954.0,1,1.0,High Risk
17992,305.0,1,64.0,305.0,1,1.0,High Risk
17993,193.0,1,79.0,193.0,1,1.0,High Risk
17994,955.0,1,3578.0,955.0,1,1.0,High Risk
17995,185.0,1,25.0,185.0,1,1.0,High Risk
17996,241.0,1,31.0,241.0,1,1.0,High Risk
17997,165.0,1,79.0,165.0,1,1.0,High Risk
17998,970.0,1,3578.0,970.0,1,1.0,High Risk
17999,342.0,1,29.0,342.0,1,1.0,High Risk
18000,187.0,1,5.0,187.0,1,1.0,High Risk
18001,342.0,1,7.0,342.0,1,1.0,High Risk
18002,55.0,1,625.0,55.0,0,0.0,Low Risk
18003,315.0,1,68.0,315.0,1,1.0,High Risk
18004,142.0,1,5.0,142.0,1,1.0,High Risk
18005,246.0,2,4320.0,966.0,1,1.0,High Risk
18006,329.0,1,70.0,329.0,1,1.0,High Risk
18007,178.0,1,151.0,178.0,1,1.0,High Risk
18008,56.0,1,25.0,56.0,0,0.0,Low Risk
18009,950.0,1,3578.0,950.0,1,1.0,High Risk
18010,198.0,1,29.0,198.0,1,1.0,High Risk
18011,951.0,1,3578.0,951.0,1,1.0,High Risk
18012,220.0,2,4334.0,973.0,1,0.9,High Risk
18013,97.0,1,79.0,97.0,1,0.995,High Risk
18014,707.0,1,2182.0,707.0,1,1.0,High Risk
18015,358.0,1,64.0,358.0,1,0.995,High Risk
18016,249.0,1,25.0,249.0,1,1.0,High Risk
18017,952.0,1,3578.0,952.0,1,1.0,High Risk
18018,958.0,1,3578.0,958.0,1,1.0,High Risk
18019,70.0,1,64.0,70.0,0,0.0,Low Risk
18020,240.0,2,4355.0,953.0,1,0.985,High Risk
18021,215.0,1,14.0,215.0,1,1.0,High Risk
18022,179.0,1,70.0,179.0,1,1.0,High Risk
18023,120.0,1,64.0,120.0,1,1.0,High Risk
18024,108.0,1,35.0,108.0,1,1.0,High Risk
18025,6.0,1,31.0,6.0,0,0.0,Low Risk
18026,339.0,1,27.0,339.0,1,1.0,High Risk
18027,163.0,1,25.0,163.0,1,1.0,High Risk
18028,44.0,1,575.0,44.0,0,0.0,Low Risk
18029,109.0,1,7.0,109.0,1,1.0,High Risk
18030,67.0,1,29.0,67.0,0,0.0,Low Risk
18031,39.0,1,40.0,39.0,0,0.0,Low Risk
18032,79.0,1,64.0,79.0,0,0.0,Low Risk
18033,231.0,2,4389.0,959.0,1,0.955,High Risk
18034,228.0,1,31.0,228.0,1,1.0,High Risk
18035,227.0,1,190.0,227.0,1,1.0,High Risk
18036,43.0,1,29.0,43.0,0,0.0,Low Risk
18037,28.0,1,75.0,28.0,0,0.0,Low Risk
18038,266.0,1,70.0,266.0,1,1.0,High Risk
18039,40.0,1,6.0,40.0,0,0.0,Low Risk
18040,91.0,1,5.0,91.0,1,1.0,High Risk
18041,356.0,1,40.0,356.0,1,1.0,High Risk
18042,34.0,1,628.0,34.0,0,0.0,Low Risk
18043,382.0,1,2420.0,382.0,1,1.0,High Risk
18044,377.0,1,2447.0,377.0,1,1.0,High Risk
18045,238.0,2,4320.0,955.0,1,1.0,High Risk
18046,279.0,1,90.0,279.0,1,1.0,High Risk
18047,195.0,1,31.0,195.0,1,1.0,High Risk
18048,184.0,1,51.0,184.0,1,1.0,High Risk
18049,221.0,2,4355.0,963.0,1,0.995,High Risk
18050,298.0,1,113.0,298.0,1,1.0,High Risk
18051,49.0,1,63.0,49.0,0,0.0,Low Risk
18052,147.0,1,4.0,147.0,1,1.0,High Risk
18053,302.0,1,39.0,302.0,1,1.0,High Risk
18054,258.0,1,39.0,258.0,1,1.0,High Risk
18055,226.0,1,751.0,226.0,1,1.0,High Risk
18056,242.0,1,765.0,242.0,1,1.0,High Risk
18057,963.0,1,3578.0,963.0,1,1.0,High Risk
18058,224.0,1,9.0,224.0,1,1.0,High Risk
18059,967.0,1,3578.0,967.0,1,1.0,High Risk
18060,947.0,1,3578.0,947.0,1,1.0,High Risk
18061,953.0,1,3578.0,953.0,1,1.0,High Risk
18062,49.0,1,4.0,49.0,0,0.0,Low Risk
18063,225.0,1,742.0,225.0,1,1.0,High Risk
18064,235.0,1,801.0,235.0,1,1.0,High Risk
18065,221.0,1,815.0,221.0,1,1.0,High Risk
18066,229.0,1,777.0,229.0,1,1.0,High Risk
18067,195.0,1,540.0,195.0,1,1.0,High Risk
18068,174.0,1,540.0,174.0,1,1.0,High Risk
18069,239.0,1,751.0,239.0,1,1.0,High Risk
18070,218.0,1,756.0,218.0,1,1.0,High Risk
18071,944.0,1,3578.0,944.0,1,1.0,High Risk
18072,257.0,1,70.0,257.0,1,1.0,High Risk
18073,35.0,1,129.0,35.0,0,0.0,Low Risk
18074,273.0,1,39.0,273.0,1,1.0,High Risk
18075,234.0,1,68.0,234.0,1,1.0,High Risk
18076,301.0,1,68.0,301.0,1,0.995,High Risk
18077,43.0,1,4.0,43.0,0,0.0,Low Risk
18078,82.0,1,64.0,82.0,0,0.0,Low Risk
18079,163.0,1,64.0,163.0,1,1.0,High Risk
18080,365.0,1,103.0,365.0,1,1.0,High Risk
18081,187.0,1,777.0,187.0,1,1.0,High Risk
18082,188.0,1,742.0,188.0,1,1.0,High Risk
18083,212.0,1,742.0,212.0,1,1.0,High Risk
18084,124.0,1,4.0,124.0,1,1.0,High Risk
18085,211.0,1,742.0,211.0,1,1.0,High Risk
18086,195.0,1,777.0,195.0,1,1.0,High Risk
18087,202.0,1,805.0,202.0,1,1.0,High Risk
18088,167.0,1,810.0,167.0,1,1.0,High Risk
18089,175.0,1,756.0,175.0,1,1.0,High Risk
18090,296.0,1,6.0,296.0,1,1.0,High Risk
18091,154.0,1,778.0,154.0,1,1.0,High Risk
18092,177.0,1,756.0,177.0,1,1.0,High Risk
18093,243.0,1,6.0,243.0,1,1.0,High Risk
18094,162.0,1,28.0,162.0,1,1.0,High Risk
18095,170.0,1,796.0,170.0,1,1.0,High Risk
18096,173.0,1,777.0,173.0,1,1.0,High Risk
18097,174.0,1,575.0,174.0,1,1.0,High Risk
18098,161.0,1,549.0,161.0,1,1.0,High Risk
18099,179.0,1,629.0,179.0,1,1.0,High Risk
18100,128.0,1,549.0,128.0,1,1.0,High Risk
18101,60.0,1,103.0,60.0,0,0.0,Low Risk
18102,89.0,1,7.0,89.0,0,0.0,Low Risk
18103,302.0,1,2384.0,302.0,1,1.0,High Risk
18104,302.0,1,2419.0,302.0,1,1.0,High Risk
18105,83.0,1,79.0,83.0,0,0.0,Low Risk
18106,289.0,1,6.0,289.0,1,1.0,High Risk
18107,947.0,1,3578.0,947.0,1,1.0,High Risk
18108,284.0,1,163.0,284.0,1,1.0,High Risk
18109,962.0,1,3578.0,962.0,1,1.0,High Risk
18110,272.0,1,6.0,272.0,1,1.0,High Risk
18111,956.0,1,3578.0,956.0,1,1.0,High Risk
18112,235.0,2,4389.0,964.0,1,0.995,High Risk
18113,262.0,1,6.0,262.0,1,1.0,High Risk
18114,279.0,1,2453.0,279.0,1,1.0,High Risk
18115,290.0,1,2384.0,290.0,1,1.0,High Risk
18116,290.0,1,2407.0,290.0,1,1.0,High Risk
18117,295.0,1,17.0,295.0,1,1.0,High Risk
18118,239.0,1,10.0,239.0,1,1.0,High Risk
18119,176.0,1,74.0,176.0,1,1.0,High Risk
18120,89.0,1,70.0,89.0,0,0.0,Low Risk
18121,234.0,1,50.0,234.0,1,1.0,High Risk
18122,140.0,1,70.0,140.0,1,1.0,High Risk
18123,182.0,1,50.0,182.0,1,1.0,High Risk
18124,94.0,1,24.0,94.0,1,1.0,High Risk
18125,259.0,1,70.0,259.0,1,1.0,High Risk
18126,78.0,1,14.0,78.0,0,0.0,Low Risk
18127,972.0,1,3578.0,972.0,1,0.995,High Risk
18128,310.0,1,29.0,310.0,1,1.0,High Risk
18129,241.0,2,4349.0,966.0,1,0.94,High Risk
18130,270.0,1,25.0,270.0,1,1.0,High Risk
18131,356.0,1,7.0,356.0,1,1.0,High Risk
18132,49.0,1,4.0,49.0,0,0.0,Low Risk
18133,950.0,1,3578.0,950.0,1,1.0,High Risk
18134,34.0,1,89.0,34.0,0,0.0,Low Risk
18135,114.0,1,6.0,114.0,1,1.0,High Risk
18136,706.0,1,2182.0,706.0,1,1.0,High Risk
18137,963.0,1,3578.0,963.0,1,1.0,High Risk
18138,368.0,1,2419.0,368.0,1,1.0,High Risk
18139,226.0,2,4374.0,943.0,1,0.97,High Risk
18140,967.0,1,3578.0,967.0,1,1.0,High Risk
18141,937.0,1,3578.0,937.0,1,0.995,High Risk
18142,935.0,1,3578.0,935.0,1,1.0,High Risk
18143,937.0,1,3578.0,937.0,1,0.995,High Risk
18144,941.0,1,3578.0,941.0,1,1.0,High Risk
18145,919.0,1,3578.0,919.0,1,1.0,High Risk
18146,924.0,1,3578.0,924.0,1,1.0,High Risk
18147,935.0,1,3578.0,935.0,1,1.0,High Risk
18148,916.0,1,3578.0,916.0,1,0.995,High Risk
18149,922.0,1,3578.0,922.0,1,1.0,High Risk
18150,682.0,1,2443.0,682.0,1,0.995,High Risk
18151,912.0,1,3578.0,912.0,1,1.0,High Risk
18152,939.0,1,3578.0,939.0,1,1.0,High Risk
18153,681.0,1,2182.0,681.0,1,1.0,High Risk
18154,259.0,1,4.0,259.0,1,1.0,High Risk
18155,643.0,1,2182.0,643.0,1,1.0,High Risk
18156,915.0,1,3578.0,915.0,1,0.995,High Risk
18157,921.0,1,3578.0,921.0,1,1.0,High Risk
18158,926.0,1,3578.0,926.0,1,1.0,High Risk
18159,933.0,1,3578.0,933.0,1,1.0,High Risk
18160,645.0,1,2443.0,645.0,1,1.0,High Risk
18161,203.0,1,12.0,203.0,1,1.0,High Risk
18162,91.0,1,39.0,91.0,1,0.995,High Risk
18163,253.0,1,54.0,253.0,1,1.0,High Risk
18164,932.0,1,3578.0,932.0,1,1.0,High Risk
18165,233.0,1,68.0,233.0,1,1.0,High Risk
18166,336.0,1,2407.0,336.0,1,1.0,High Risk
18167,241.0,2,4334.0,930.0,1,1.0,High Risk
18168,183.0,2,4364.0,939.0,1,0.85,High Risk
18169,189.0,2,4343.0,922.0,1,0.975,High Risk
18170,934.0,1,3578.0,934.0,1,1.0,High Risk
18171,940.0,1,3578.0,940.0,1,1.0,High Risk
18172,137.0,1,25.0,137.0,1,1.0,High Risk
18173,35.0,1,27.0,35.0,0,0.0,Low Risk
18174,276.0,1,27.0,276.0,1,1.0,High Risk
18175,193.0,2,4334.0,939.0,1,0.86,High Risk
18176,206.0,2,4334.0,912.0,1,1.0,High Risk
18177,285.0,1,15.0,285.0,1,1.0,High Risk
18178,275.0,1,29.0,275.0,1,1.0,High Risk
18179,279.0,1,2452.0,279.0,1,1.0,High Risk
18180,304.0,1,2393.0,304.0,1,1.0,High Risk
18181,275.0,1,2452.0,275.0,1,1.0,High Risk
18182,127.0,1,554.0,127.0,1,1.0,High Risk
18183,151.0,1,540.0,151.0,1,1.0,High Risk
18184,290.0,1,2393.0,290.0,1,1.0,High Risk
18185,281.0,1,2420.0,281.0,1,1.0,High Risk
18186,134.0,1,563.0,134.0,1,1.0,High Risk
18187,133.0,1,604.0,133.0,1,1.0,High Risk
18188,97.0,1,589.0,97.0,1,1.0,High Risk
18189,208.0,1,70.0,208.0,1,1.0,High Risk
18190,164.0,1,24.0,164.0,1,1.0,High Risk
18191,286.0,1,2447.0,286.0,1,1.0,High Risk
18192,287.0,1,2393.0,287.0,1,1.0,High Risk
18193,280.0,1,2419.0,280.0,1,1.0,High Risk
18194,49.0,1,50.0,49.0,0,0.0,Low Risk
18195,288.0,1,2419.0,288.0,1,1.0,High Risk
18196,297.0,1,2419.0,297.0,1,1.0,High Risk
18197,294.0,1,2438.0,294.0,1,1.0,High Risk
18198,77.0,1,79.0,77.0,0,0.0,Low Risk
18199,926.0,1,3578.0,926.0,1,1.0,High Risk
18200,144.0,1,39.0,144.0,1,1.0,High Risk
18201,188.0,1,6.0,188.0,1,1.0,High Risk
18202,211.0,2,4334.0,921.0,1,1.0,High Risk
18203,192.0,2,4320.0,929.0,1,1.0,High Risk
18204,207.0,2,4334.0,915.0,1,1.0,High Risk
18205,205.0,2,4320.0,935.0,1,0.9,High Risk
18206,61.0,1,29.0,61.0,0,0.0,Low Risk
18207,285.0,1,149.0,285.0,1,1.0,High Risk
18208,919.0,1,3578.0,919.0,1,1.0,High Risk
18209,920.0,1,3578.0,920.0,1,1.0,High Risk
18210,336.0,1,40.0,336.0,1,1.0,High Risk
18211,157.0,1,27.0,157.0,1,1.0,High Risk
18212,54.0,1,31.0,54.0,0,0.0,Low Risk
18213,109.0,1,190.0,109.0,1,1.0,High Risk
18214,135.0,1,69.0,135.0,1,1.0,High Risk
18215,347.0,1,60.0,347.0,1,1.0,High Risk
18216,19.0,1,64.0,19.0,0,0.0,Low Risk
18217,1.0,1,93.0,1.0,0,0.0,Low Risk
18218,283.0,1,64.0,283.0,1,1.0,High Risk
18219,151.0,1,38.0,151.0,1,0.99,High Risk
18220,7.0,1,27.0,7.0,0,0.0,Low Risk
18221,176.0,1,25.0,176.0,1,1.0,High Risk
18222,209.0,2,4320.0,923.0,1,0.995,High Risk
18223,164.0,2,4374.0,931.0,1,0.965,High Risk
18224,173.0,2,4355.0,915.0,1,1.0,High Risk
18225,329.0,1,27.0,329.0,1,1.0,High Risk
18226,166.0,2,4320.0,912.0,1,1.0,High Risk
18227,194.0,1,39.0,194.0,1,1.0,High Risk
18228,77.0,1,64.0,77.0,0,0.0,Low Risk
18229,344.0,1,25.0,344.0,1,1.0,High Risk
18230,143.0,1,40.0,143.0,1,1.0,High Risk
18231,335.0,1,5.0,335.0,1,1.0,High Risk
18232,83.0,1,40.0,83.0,0,0.0,Low Risk
18233,302.0,1,173.0,302.0,1,0.995,High Risk
18234,97.0,1,64.0,97.0,1,1.0,High Risk
18235,203.0,1,29.0,203.0,1,1.0,High Risk
18236,165.0,1,27.0,165.0,1,1.0,High Risk
18237,155.0,2,4329.0,934.0,1,0.945,High Risk
18238,169.0,2,4355.0,913.0,1,1.0,High Risk
18239,133.0,2,4398.0,926.0,1,0.99,High Risk
18240,128.0,2,4343.0,921.0,1,0.975,High Risk
18241,39.0,1,69.0,39.0,0,0.0,Low Risk
18242,306.0,1,25.0,306.0,1,1.0,High Risk
18243,141.0,2,4355.0,917.0,1,1.0,High Risk
18244,95.0,1,123.0,95.0,1,0.995,High Risk
18245,22.0,1,31.0,22.0,0,0.0,Low Risk
18246,55.0,1,27.0,55.0,0,0.0,Low Risk
18247,120.0,1,88.0,120.0,1,0.995,High Risk
18248,347.0,1,2447.0,347.0,1,1.0,High Risk
18249,347.0,1,27.0,347.0,1,1.0,High Risk
18250,345.0,1,25.0,345.0,1,1.0,High Risk
18251,278.0,1,38.0,278.0,1,1.0,High Risk
18252,300.0,1,13.0,300.0,1,1.0,High Risk
18253,123.0,2,4389.0,913.0,1,0.99,High Risk
18254,226.0,1,63.0,226.0,1,1.0,High Risk
18255,926.0,1,3578.0,926.0,1,1.0,High Risk
18256,139.0,2,4389.0,942.0,1,0.99,High Risk
18257,315.0,1,2393.0,315.0,1,1.0,High Risk
18258,101.0,1,165.0,101.0,1,0.995,High Risk
18259,123.0,2,4329.0,913.0,1,1.0,High Risk
18260,115.0,1,14.0,115.0,1,1.0,High Risk
18261,140.0,1,98.0,140.0,1,1.0,High Risk
18262,107.0,2,4320.0,920.0,1,1.0,High Risk
18263,4.0,1,63.0,4.0,0,0.0,Low Risk
18264,61.0,1,39.0,61.0,0,0.0,Low Risk
18265,115.0,2,4384.0,932.0,1,0.995,High Risk
18266,111.0,2,4320.0,912.0,1,1.0,High Risk
18267,298.0,1,40.0,298.0,1,1.0,High Risk
18268,188.0,1,5.0,188.0,1,1.0,High Risk
18269,343.0,1,39.0,343.0,1,1.0,High Risk
18270,115.0,1,4.0,115.0,1,1.0,High Risk
18271,156.0,1,12.0,156.0,1,1.0,High Risk
18272,262.0,1,39.0,262.0,1,1.0,High Risk
18273,155.0,1,39.0,155.0,1,1.0,High Risk
18274,155.0,1,63.0,155.0,1,1.0,High Risk
18275,117.0,2,4479.0,938.0,1,0.845,High Risk
18276,120.0,2,4329.0,937.0,1,0.695,Medium Risk
18277,99.0,2,4329.0,929.0,1,1.0,High Risk
18278,332.0,1,2419.0,332.0,1,1.0,High Risk
18279,101.0,2,4355.0,931.0,1,0.995,High Risk
18280,106.0,2,4397.0,895.0,1,0.985,High Risk
18281,890.0,1,3578.0,890.0,1,1.0,High Risk
18282,643.0,1,2443.0,643.0,1,1.0,High Risk
18283,29.0,1,24.0,29.0,0,0.0,Low Risk
18284,241.0,1,54.0,241.0,1,1.0,High Risk
18285,48.0,1,50.0,48.0,0,0.0,Low Risk
18286,902.0,1,3578.0,902.0,1,1.0,High Risk
18287,310.0,1,14.0,310.0,1,1.0,High Risk
18288,362.0,1,5.0,362.0,1,1.0,High Risk
18289,3.0,1,55.0,3.0,0,0.0,Low Risk
18290,300.0,1,2433.0,300.0,1,1.0,High Risk
18291,350.0,1,5.0,350.0,1,1.0,High Risk
18292,121.0,1,564.0,121.0,1,1.0,High Risk
18293,296.0,1,2393.0,296.0,1,1.0,High Risk
18294,289.0,1,2384.0,289.0,1,1.0,High Risk
18295,92.0,1,554.0,92.0,1,1.0,High Risk
18296,274.0,1,2384.0,274.0,1,1.0,High Risk
18297,84.0,1,50.0,84.0,0,0.0,Low Risk
18298,111.0,1,613.0,111.0,1,1.0,High Risk
18299,96.0,1,549.0,96.0,1,1.0,High Risk
18300,83.0,1,549.0,83.0,0,0.0,Low Risk
18301,246.0,1,2419.0,246.0,1,1.0,High Risk
18302,278.0,1,135.0,278.0,1,1.0,High Risk
18303,267.0,1,23.0,267.0,1,1.0,High Risk
18304,250.0,1,2419.0,250.0,1,1.0,High Risk
18305,301.0,1,24.0,301.0,1,1.0,High Risk
18306,30.0,1,15.0,30.0,0,0.0,Low Risk
18307,257.0,1,2384.0,257.0,1,1.0,High Risk
18308,364.0,1,15.0,364.0,1,1.0,High Risk
18309,266.0,1,2438.0,266.0,1,1.0,High Risk
18310,252.0,1,2419.0,252.0,1,1.0,High Risk
18311,256.0,1,2419.0,256.0,1,1.0,High Risk
18312,66.0,1,604.0,66.0,0,0.0,Low Risk
18313,258.0,1,70.0,258.0,1,1.0,High Risk
18314,82.0,1,540.0,82.0,0,0.0,Low Risk
18315,69.0,1,564.0,69.0,0,0.0,Low Risk
18316,263.0,1,104.0,263.0,1,1.0,High Risk
18317,260.0,1,2433.0,260.0,1,1.0,High Risk
18318,248.0,1,2438.0,248.0,1,1.0,High Risk
18319,264.0,1,2384.0,264.0,1,1.0,High Risk
18320,271.0,1,2447.0,271.0,1,1.0,High Risk
18321,152.0,1,24.0,152.0,1,1.0,High Risk
18322,248.0,1,50.0,248.0,1,1.0,High Risk
18323,40.0,1,50.0,40.0,0,0.0,Low Risk
18324,168.0,1,79.0,168.0,1,1.0,High Risk
18325,300.0,1,39.0,300.0,1,0.995,High Risk
18326,163.0,1,63.0,163.0,1,1.0,High Risk
18327,902.0,1,3578.0,902.0,1,1.0,High Risk
18328,203.0,1,54.0,203.0,1,1.0,High Risk
18329,165.0,1,50.0,165.0,1,1.0,High Risk
18330,74.0,1,54.0,74.0,0,0.0,Low Risk
18331,141.0,1,39.0,141.0,1,1.0,High Risk
18332,162.0,1,48.0,162.0,1,1.0,High Risk
18333,318.0,1,165.0,318.0,1,1.0,High Risk
18334,326.0,1,55.0,326.0,1,1.0,High Risk
18335,898.0,1,3578.0,898.0,1,1.0,High Risk
18336,897.0,1,3578.0,897.0,1,1.0,High Risk
18337,646.0,1,2182.0,646.0,1,1.0,High Risk
18338,258.0,1,50.0,258.0,1,1.0,High Risk
18339,188.0,1,40.0,188.0,1,0.995,High Risk
18340,36.0,1,74.0,36.0,0,0.0,Low Risk
18341,886.0,1,3578.0,886.0,1,1.0,High Risk
18342,143.0,1,99.0,143.0,1,1.0,High Risk
18343,170.0,1,801.0,170.0,1,1.0,High Risk
18344,40.0,1,554.0,40.0,0,0.0,Low Risk
18345,33.0,1,549.0,33.0,0,0.0,Low Risk
18346,32.0,1,575.0,32.0,0,0.0,Low Risk
18347,60.0,1,567.0,60.0,0,0.0,Low Risk
18348,336.0,1,48.0,336.0,1,0.995,High Risk
18349,158.0,1,39.0,158.0,1,1.0,High Risk
18350,187.0,1,39.0,187.0,1,1.0,High Risk
18351,897.0,1,3578.0,897.0,1,1.0,High Risk
18352,109.0,1,120.0,109.0,1,1.0,High Risk
18353,904.0,1,3578.0,904.0,1,1.0,High Risk
18354,149.0,1,63.0,149.0,1,1.0,High Risk
18355,889.0,1,3578.0,889.0,1,1.0,High Risk
18356,393.0,1,567.0,393.0,1,1.0,High Risk
18357,389.0,1,629.0,389.0,1,1.0,High Risk
18358,117.0,1,2398.0,117.0,1,1.0,High Risk
18359,89.0,1,2384.0,89.0,0,0.0,Low Risk
18360,76.0,1,2453.0,76.0,0,0.0,Low Risk
18361,87.0,1,2418.0,87.0,0,0.0,Low Risk
18362,570.0,1,2071.0,570.0,1,1.0,High Risk
18363,78.0,1,777.0,78.0,0,0.0,Low Risk
18364,85.0,1,777.0,85.0,0,0.0,Low Risk
18365,554.0,1,2049.0,554.0,1,1.0,High Risk
18366,88.0,1,778.0,88.0,0,0.0,Low Risk
18367,69.0,1,2419.0,69.0,0,0.0,Low Risk
18368,68.0,1,2419.0,68.0,0,0.0,Low Risk
18369,83.0,1,2422.0,83.0,0,0.0,Low Risk
18370,46.0,1,2422.0,46.0,0,0.0,Low Risk
18371,119.0,1,98.0,119.0,1,0.995,High Risk
18372,89.0,1,777.0,89.0,0,0.0,Low Risk
18373,220.0,1,40.0,220.0,1,1.0,High Risk
18374,263.0,1,184.0,263.0,1,1.0,High Risk
18375,57.0,1,742.0,57.0,0,0.0,Low Risk
18376,34.0,1,756.0,34.0,0,0.0,Low Risk
18377,180.0,1,21.0,180.0,1,1.0,High Risk
18378,198.0,1,34.0,198.0,1,1.0,High Risk
18379,78.0,1,40.0,78.0,0,0.0,Low Risk
18380,278.0,1,23.0,278.0,1,1.0,High Risk
18381,552.0,1,2071.0,552.0,1,1.0,High Risk
18382,36.0,1,811.0,36.0,0,0.0,Low Risk
18383,243.0,1,2384.0,243.0,1,1.0,High Risk
18384,149.0,1,23.0,149.0,1,1.0,High Risk
18385,228.0,1,23.0,228.0,1,1.0,High Risk
18386,1105.0,1,3400.0,1105.0,1,1.0,High Risk
18387,320.0,1,27.0,320.0,1,1.0,High Risk
18388,230.0,1,21.0,230.0,1,1.0,High Risk
18389,359.0,2,2638.0,558.0,1,0.87,High Risk
18390,321.0,2,2589.0,547.0,1,0.775,High Risk
18391,322.0,2,2589.0,544.0,1,0.865,High Risk
18392,348.0,2,3950.0,1004.0,1,0.955,High Risk
18393,51.0,1,2393.0,51.0,0,0.0,Low Risk
18394,364.0,1,23.0,364.0,1,1.0,High Risk
18395,312.0,1,36.0,312.0,1,1.0,High Risk
18396,54.0,1,14.0,54.0,0,0.0,Low Risk
18397,267.0,1,36.0,267.0,1,1.0,High Risk
18398,538.0,1,2049.0,538.0,1,1.0,High Risk
18399,354.0,2,3964.0,1022.0,1,0.92,High Risk
18400,324.0,2,3936.0,1024.0,1,0.97,High Risk
18401,318.0,2,3993.0,998.0,1,0.905,High Risk
18402,371.0,1,1224.0,371.0,1,1.0,High Risk
18403,119.0,1,54.0,119.0,1,1.0,High Risk
18404,300.0,2,3992.0,980.0,1,0.82,High Risk
18405,541.0,1,2049.0,541.0,1,1.0,High Risk
18406,168.0,1,54.0,168.0,1,1.0,High Risk
18407,180.0,1,69.0,180.0,1,1.0,High Risk
18408,215.0,1,2452.0,215.0,1,1.0,High Risk
18409,181.0,1,54.0,181.0,1,1.0,High Risk
18410,291.0,1,36.0,291.0,1,1.0,High Risk
18411,976.0,1,3400.0,976.0,1,0.995,High Risk
18412,348.0,1,1224.0,348.0,1,1.0,High Risk
18413,312.0,2,2671.0,537.0,1,0.92,High Risk
18414,45.0,1,54.0,45.0,0,0.0,Low Risk
18415,526.0,1,2071.0,526.0,1,1.0,High Risk
18416,544.0,1,2049.0,544.0,1,1.0,High Risk
18417,198.0,1,27.0,198.0,1,1.0,High Risk
18418,202.0,1,195.0,202.0,1,0.995,High Risk
18419,37.0,1,84.0,37.0,0,0.0,Low Risk
18420,113.0,1,54.0,113.0,1,1.0,High Risk
18421,134.0,1,54.0,134.0,1,1.0,High Risk
18422,57.0,1,78.0,57.0,0,0.0,Low Risk
18423,106.0,1,63.0,106.0,1,1.0,High Risk
18424,67.0,1,21.0,67.0,0,0.0,Low Risk
18425,218.0,1,34.0,218.0,1,1.0,High Risk
18426,358.0,1,23.0,358.0,1,1.0,High Risk
18427,108.0,1,25.0,108.0,1,1.0,High Risk
18428,256.0,1,21.0,256.0,1,1.0,High Risk
18429,357.0,1,48.0,357.0,1,1.0,High Risk
18430,47.0,1,60.0,47.0,0,0.0,Low Risk
18431,157.0,1,29.0,157.0,1,1.0,High Risk
18432,327.0,1,1250.0,327.0,1,1.0,High Risk
18433,296.0,1,1307.0,296.0,1,1.0,High Risk
18434,298.0,1,1289.0,298.0,1,1.0,High Risk
18435,300.0,1,78.0,300.0,1,1.0,High Risk
18436,281.0,1,69.0,281.0,1,1.0,High Risk
18437,273.0,1,29.0,273.0,1,1.0,High Risk
18438,123.0,1,25.0,123.0,1,1.0,High Risk
18439,262.0,1,34.0,262.0,1,1.0,High Risk
18440,207.0,1,23.0,207.0,1,1.0,High Risk
18441,56.0,1,36.0,56.0,0,0.0,Low Risk
18442,34.0,1,69.0,34.0,0,0.0,Low Risk
18443,284.0,1,34.0,284.0,1,1.0,High Risk
18444,216.0,1,89.0,216.0,1,1.0,High Risk
18445,112.0,1,25.0,112.0,1,1.0,High Risk
18446,143.0,1,182.0,143.0,1,0.99,High Risk
18447,58.0,1,36.0,58.0,0,0.0,Low Risk
18448,33.0,1,23.0,33.0,0,0.0,Low Risk
18449,1003.0,1,3400.0,1003.0,1,1.0,High Risk
18450,991.0,1,3400.0,991.0,1,1.0,High Risk
18451,499.0,1,2049.0,499.0,1,1.0,High Risk
18452,354.0,1,25.0,354.0,1,1.0,High Risk
18453,171.0,1,742.0,171.0,1,1.0,High Risk
18454,147.0,1,742.0,147.0,1,1.0,High Risk
18455,136.0,1,742.0,136.0,1,1.0,High Risk
18456,123.0,1,751.0,123.0,1,1.0,High Risk
18457,142.0,1,765.0,142.0,1,1.0,High Risk
18458,138.0,1,756.0,138.0,1,1.0,High Risk
18459,136.0,1,811.0,136.0,1,1.0,High Risk
18460,131.0,1,805.0,131.0,1,1.0,High Risk
18461,144.0,1,751.0,144.0,1,1.0,High Risk
18462,101.0,1,777.0,101.0,1,1.0,High Risk
18463,120.0,1,855.0,120.0,1,1.0,High Risk
18464,111.0,1,751.0,111.0,1,1.0,High Risk
18465,105.0,1,756.0,105.0,1,1.0,High Risk
18466,100.0,1,791.0,100.0,1,1.0,High Risk
18467,958.0,1,3375.0,958.0,1,1.0,High Risk
18468,969.0,1,3375.0,969.0,1,1.0,High Risk
18469,238.0,1,2428.0,238.0,1,1.0,High Risk
18470,226.0,1,2393.0,226.0,1,1.0,High Risk
18471,54.0,1,60.0,54.0,0,0.0,Low Risk
18472,7.0,1,23.0,7.0,0,0.0,Low Risk
18473,149.0,1,89.0,149.0,1,1.0,High Risk
18474,239.0,1,2419.0,239.0,1,1.0,High Risk
18475,954.0,1,3375.0,954.0,1,1.0,High Risk
18476,944.0,1,3400.0,944.0,1,1.0,High Risk
18477,922.0,1,3400.0,922.0,1,1.0,High Risk
18478,224.0,1,2428.0,224.0,1,1.0,High Risk
18479,216.0,1,2398.0,216.0,1,1.0,High Risk
18480,511.0,1,2049.0,511.0,1,1.0,High Risk
18481,195.0,1,2442.0,195.0,1,1.0,High Risk
18482,899.0,1,3375.0,899.0,1,1.0,High Risk
18483,497.0,1,2049.0,497.0,1,1.0,High Risk
18484,506.0,1,2049.0,506.0,1,1.0,High Risk
